{
"type": "FeatureCollection",
"name": "bronx_neighborhoods_20260902",
"crs": { "type": "name", "properties": { "name": "urn:ogc:def:crs:OGC:1.3:CRS84" } },
"features": [
{"type":"Feature","properties":{"ntaabbrev":"MttHvn","Name":"Mott Haven-Port Morris"},"geometry":{"type":"MultiPolygon","coordinates":[[[[-73.924809538228459,40.815659020725477],[-73.923999511887601,40.815438912951805],[-73.923954829852846,40.815500960860604],[-73.923908047418067,40.815565926646983],[-73.923768387532334,40.815759864762782],[-73.92372701237035,40.815817320072838],[-73.923092997722122,40.816697728138315],[-73.921245195926929,40.816219397297402],[-73.9215839208468,40.815550632066191],[-73.921303832122987,40.815477247776066],[-73.92048117283511,40.814563686869583],[-73.920331048743108,40.814637887223824],[-73.920126487743872,40.814741122389165],[-73.919467448167097,40.815073709537742],[-73.918601442623626,40.815531963903041],[-73.91845381971261,40.815613631979289],[-73.917812762741704,40.815968278959431],[-73.91764502820385,40.816065918016484],[-73.916771176063065,40.815698829055258],[-73.914954935174563,40.814936466009911],[-73.912954506860487,40.814269334680411],[-73.912518901103439,40.814122144266648],[-73.912403222450365,40.814083057226853],[-73.91181210652573,40.813883314551553],[-73.910947788690535,40.813620921742],[-73.91043307611271,40.81351637670523],[-73.910387420806231,40.813507103589629],[-73.910336644575608,40.813496789496547],[-73.910296154540816,40.813488565044807],[-73.910133421212464,40.813455511532354],[-73.910018402981891,40.813432149311943],[-73.909798784184346,40.813385830213029],[-73.909523676311352,40.813327806951619],[-73.909496847522846,40.813322148693281],[-73.909074517456432,40.813233072942644],[-73.908159175937854,40.813043576391998],[-73.907245035392734,40.812855163277916],[-73.906329917699949,40.812667075150898],[-73.905413597309632,40.812476195677569],[-73.904465513443739,40.812281960415369],[-73.904180362813278,40.812124820566233],[-73.903417203074966,40.811506882855255],[-73.903242734360859,40.81071288453203],[-73.903089465303211,40.809856399702475],[-73.903023694580341,40.80966721858443],[-73.903016845736744,40.809601985580535],[-73.903008777627662,40.809550073280214],[-73.902997668512967,40.809455582858881],[-73.902987953492143,40.809364301035835],[-73.902979294886151,40.809310640449411],[-73.902939291051496,40.809062701054117],[-73.902855851840258,40.808602932769368],[-73.902246203780777,40.805071502957468],[-73.902222846993652,40.804948113859815],[-73.902234108050166,40.804938797806919],[-73.902239233712749,40.804934135582648],[-73.902238223832086,40.80492402326373],[-73.90222993356781,40.804915935673748],[-73.902211785842198,40.804882734956195],[-73.902204551374282,40.804852309496269],[-73.902191857004894,40.804823261148137],[-73.902193726871474,40.804788694659308],[-73.902226532397037,40.804754153071919],[-73.902255726631253,40.804700251758277],[-73.902319565801733,40.804597985228142],[-73.902316975371093,40.804596449175918],[-73.902303202682901,40.804588291777911],[-73.902290488022871,40.804573070753356],[-73.902292319265541,40.804564776643865],[-73.902445390708053,40.804416954054133],[-73.902522983183701,40.804463788767748],[-73.902755934628672,40.804328535323165],[-73.902927702537951,40.804197292546334],[-73.90287760500685,40.804157582145763],[-73.902904693884352,40.804139054437933],[-73.90305966667502,40.804017435352613],[-73.903086097802657,40.803997088399079],[-73.903212688626098,40.803899639513766],[-73.903255638152942,40.803927676169515],[-73.903338651292344,40.803855412937509],[-73.903356336994989,40.803861124112686],[-73.903399015569434,40.803874907139935],[-73.903551583684902,40.803835368189446],[-73.903565837456938,40.803831023630636],[-73.903635553102575,40.803809770759294],[-73.903682658657914,40.803795033598178],[-73.903732845155403,40.803773296117413],[-73.903742012694721,40.803767808790489],[-73.903765993656876,40.803753454678514],[-73.90377177436352,40.803749995257945],[-73.903799449665371,40.803722796575215],[-73.903822002839888,40.803698703543624],[-73.903859916226864,40.803669957249291],[-73.903892696691429,40.803652096950508],[-73.903927327042382,40.803634391301813],[-73.903936742698946,40.803629576610852],[-73.9039484244053,40.803621310450062],[-73.903967480855854,40.803607824494485],[-73.904002323301526,40.803579076264796],[-73.904070552152206,40.803520977650244],[-73.904148988347288,40.80345565308955],[-73.904378655441704,40.80327459852338],[-73.904458839581537,40.803211385845238],[-73.904480886239725,40.803191695318979],[-73.904499837519126,40.803183434120136],[-73.904529540295954,40.803170235651557],[-73.904550040017654,40.80315003003205],[-73.90457566643272,40.803123607952372],[-73.904624875998323,40.803069202763822],[-73.904672037620188,40.803014797368007],[-73.904769310289609,40.802912842395955],[-73.904798644926373,40.802886245082711],[-73.90485211233451,40.802835229491649],[-73.904953588883799,40.802724613445356],[-73.905000979391019,40.802667961257626],[-73.905030141753855,40.802634799950866],[-73.905044986424286,40.802600334054347],[-73.905057526921496,40.802571217337395],[-73.905066668225487,40.802540805030212],[-73.905084915320657,40.80250486787866],[-73.905114087422746,40.802464794816792],[-73.905157807856696,40.802430260865869],[-73.905186957557319,40.802405396847305],[-73.90524527898998,40.802340455704602],[-73.905312339083991,40.802274730657707],[-73.905391069717879,40.802185710094221],[-73.90543844507765,40.80214011954525],[-73.905463955007491,40.80211525179979],[-73.905491284798529,40.802090385038085],[-73.90550588218791,40.802061360084906],[-73.905521531744782,40.802019955400745],[-73.905760515175785,40.801799882267829],[-73.906014277335416,40.801552931597982],[-73.906063364360094,40.801583392119376],[-73.906203866694895,40.801492993498755],[-73.906520421249908,40.801175510519258],[-73.90658587767588,40.801107479618274],[-73.906728936328321,40.800969967635346],[-73.906814015344722,40.800890640275206],[-73.906750091472745,40.800850594020105],[-73.906701299567615,40.800820029323233],[-73.906768500259787,40.80074671096542],[-73.906768729578943,40.800745417858536],[-73.907178727081174,40.800322633557677],[-73.907262986860928,40.800237448444378],[-73.907342720355942,40.80015683892411],[-73.907393741102595,40.800104336065367],[-73.907433841406061,40.800054589748839],[-73.907452628080733,40.800028245120693],[-73.907470304367649,40.800003457915032],[-73.907497628478566,40.799981356167642],[-73.907526580384641,40.799963219694426],[-73.907539514257238,40.799955117842188],[-73.907570459207577,40.799946846489561],[-73.907608671852216,40.799945494875452],[-73.907630526023212,40.799931684881763],[-73.907641464506995,40.799916482885102],[-73.907643312881248,40.799895744779285],[-73.907758080199017,40.799799044788045],[-73.907900197378353,40.799660885686478],[-73.90793663468402,40.799627729945755],[-73.907958476770631,40.799622216217259],[-73.907991214937695,40.799631921274262],[-73.908020322893734,40.799636093427047],[-73.908073972555741,40.799572819837493],[-73.908102099680974,40.799539646862584],[-73.90816794754268,40.799461986193911],[-73.908131524036563,40.799431301278709],[-73.908177144218143,40.799390092148769],[-73.908220772683975,40.799419164495674],[-73.908244441303708,40.79940950475217],[-73.908380800793523,40.799487045420669],[-73.90842190701693,40.799442093617316],[-73.90847556062343,40.799383416056862],[-73.908550266100406,40.799307426058725],[-73.908488461633254,40.799264511898649],[-73.908377560041217,40.79919805309742],[-73.908290310620529,40.799132995089664],[-73.908255795002731,40.799092868683324],[-73.908255137335829,40.799091000089163],[-73.908243107077979,40.799056907058976],[-73.908241332000017,40.799025103546043],[-73.908303035420829,40.798959135920335],[-73.909156595719821,40.798309428423607],[-73.909638999612952,40.797942225800455],[-73.909673346802066,40.797961250723709],[-73.909674555252295,40.797961919760333],[-73.909740777887748,40.797912143673635],[-73.909793884295439,40.797868495232748],[-73.909846077029542,40.797900599007299],[-73.90991082793596,40.797858860525331],[-73.909946442147358,40.79783430590598],[-73.90996589079171,40.797804823634479],[-73.910043691859485,40.797679517221674],[-73.910134386390354,40.797588635298126],[-73.910325447235977,40.797429001774127],[-73.910467903931888,40.797330785392681],[-73.910607094640625,40.797257147411678],[-73.910713920074329,40.797195775672961],[-73.910791684108617,40.797097509261803],[-73.910892221771007,40.797017795538373],[-73.910905011962626,40.797011560093104],[-73.910956795817981,40.796989475918025],[-73.910985933324511,40.796969833667866],[-73.911050692464713,40.79692071992887],[-73.911098274157823,40.796888070833084],[-73.911267554145013,40.796815185327794],[-73.911416439681091,40.796746471356833],[-73.911494132862117,40.796699825065986],[-73.911622858001323,40.796641078496371],[-73.911688311088326,40.796623770558085],[-73.911746532577538,40.796626274417264],[-73.911788572130476,40.796633680043101],[-73.91182091902337,40.796633704123096],[-73.911885611484593,40.796633753595032],[-73.911959987757186,40.796648560167249],[-73.912034381627194,40.796651075562217],[-73.912086128456579,40.796656030895342],[-73.912147004694987,40.796678118575421],[-73.912154023896349,40.796680665111992],[-73.91223808460569,40.796710227284009],[-73.912344818351386,40.796717682951027],[-73.912668259377952,40.796735134619496],[-73.913007860314409,40.796762433138007],[-73.913176049099604,40.796772391991134],[-73.913447744562973,40.796782428534861],[-73.91372255742067,40.796789439008457],[-73.915127673786614,40.797362948507896],[-73.916169470665821,40.797830719429172],[-73.918803939161918,40.798879730391462],[-73.918890925314599,40.798915894596213],[-73.918955816399631,40.798946917777087],[-73.919031819068877,40.79898494724852],[-73.919123801819325,40.799032455554347],[-73.920240680265991,40.799613687869602],[-73.920440668922112,40.799804156490197],[-73.920781338581804,40.800275009951683],[-73.920956451981837,40.80059881472706],[-73.921327307123789,40.801284591631138],[-73.92168826885657,40.801585724306321],[-73.92203765903021,40.801877197572431],[-73.922596109341399,40.802188201331504],[-73.92292709999569,40.802373295312769],[-73.923586990458318,40.80251572582668],[-73.924227067750209,40.802545011357893],[-73.926657947223518,40.802409803914472],[-73.9276278850446,40.802695665983364],[-73.927508348180936,40.802933233710931],[-73.927312482919731,40.803211771485174],[-73.927436898143242,40.803277441693382],[-73.92728271855411,40.803508264416664],[-73.927645002643303,40.803988633348276],[-73.927931739380369,40.80399946251336],[-73.928109595693371,40.804012934337592],[-73.92820591682154,40.804048080756566],[-73.928340561193878,40.804239890783727],[-73.928726074236906,40.804103625227071],[-73.930054588243848,40.805902347322998],[-73.930319499042923,40.806190146200919],[-73.930536449935232,40.806470277445328],[-73.930517587730421,40.80659056356663],[-73.93116268063099,40.807128296279217],[-73.931764767879301,40.807769693975807],[-73.931810507472917,40.807818417950728],[-73.931845644268961,40.807855845481207],[-73.931887099654375,40.807894024396752],[-73.931919566252347,40.80793713410381],[-73.932282619165804,40.808363974125385],[-73.932527087198224,40.80882328177514],[-73.932642570491709,40.809382864526128],[-73.932620952225889,40.809770742276214],[-73.932594345810514,40.810053557871768],[-73.932822887606889,40.810113617333698],[-73.932832505672778,40.810116153061841],[-73.9328639701707,40.810124437890913],[-73.932874119358203,40.8104140434288],[-73.932786880192211,40.810494460198896],[-73.93269089700722,40.810582933583987],[-73.932679218112668,40.810799135186748],[-73.932565032138186,40.81088597569196],[-73.932616845909649,40.811467496393185],[-73.932632291890499,40.811904622263015],[-73.932477017088445,40.81342360833721],[-73.932431193154031,40.814016833889774],[-73.932428397923459,40.814060686315131],[-73.93242631935766,40.814117518958959],[-73.932423075950027,40.814151715175797],[-73.932365842382495,40.814150206060354],[-73.932307867017443,40.814149825093608],[-73.932144444015279,40.814126083280854],[-73.931360836776946,40.813805232998],[-73.931288905218054,40.81377808987876],[-73.931307227933019,40.813698739908801],[-73.931236003601569,40.813666728579769],[-73.931158521517645,40.813635489108826],[-73.931044788232924,40.813588443079723],[-73.930569649735006,40.813373298345219],[-73.930396050372067,40.813303747886778],[-73.930278125969664,40.813248025655298],[-73.930121135113779,40.813415156112995],[-73.929212978882575,40.814381957871404],[-73.929192044217572,40.814496011780967],[-73.928965673804427,40.814828255547553],[-73.928856419863266,40.814879867480698],[-73.928303458943176,40.816311740091074],[-73.928216988233373,40.81653564671182],[-73.928053159313038,40.816903900360465],[-73.927982285944879,40.817063206362796],[-73.927755760063476,40.817572380958005],[-73.927316530002969,40.818559634826904],[-73.927246626748385,40.818542985723496],[-73.926358590453304,40.818320692550451],[-73.92632280599247,40.818311354663514],[-73.925820706039005,40.818180337400314],[-73.925385384311681,40.818065415043407],[-73.92527548589743,40.818035512634772],[-73.925184863752932,40.81801266937714],[-73.926219719505767,40.816758655974006],[-73.926627181235062,40.816118959676501],[-73.925688970859227,40.815874945431169],[-73.925501329679548,40.81583301291554],[-73.925335331502012,40.815791550280736],[-73.925055197855443,40.815721576330233],[-73.924809538228459,40.815659020725477]]]]}},
{"type":"Feature","properties":{"ntaabbrev":"Mlrs","Name":"Melrose"},"geometry":{"type":"MultiPolygon","coordinates":[[[[-73.901292774726684,40.820475442613031],[-73.901601211811581,40.819694859260203],[-73.901663192770641,40.819550427356525],[-73.901831951017286,40.819153364559504],[-73.902107432408087,40.818505192100176],[-73.902578590080665,40.817369794430505],[-73.90300983126015,40.816317792959303],[-73.903064436952661,40.816106761524928],[-73.90346997117642,40.815075788483512],[-73.90380412203335,40.814131843299478],[-73.904183376294426,40.813086455479812],[-73.904465513443697,40.812281960415319],[-73.905413597309746,40.81247619567754],[-73.906329917700006,40.812667075150863],[-73.907245035392734,40.812855163277874],[-73.908159175937925,40.813043576391941],[-73.909074517456531,40.813233072942644],[-73.909496847522846,40.813322148693238],[-73.909523676311409,40.813327806951619],[-73.909798784184346,40.813385830212987],[-73.910018402982004,40.813432149311943],[-73.910133421212507,40.813455511532354],[-73.910296154540816,40.81348856504475],[-73.910336644575679,40.813496789496547],[-73.910387420806359,40.813507103589629],[-73.91043307611281,40.81351637670523],[-73.910947788690649,40.813620921741951],[-73.911812106525673,40.813883314551553],[-73.912403222450365,40.814083057226853],[-73.912518901103439,40.814122144266648],[-73.91295450686043,40.814269334680411],[-73.91495493517462,40.814936466009911],[-73.916771176063008,40.815698829055208],[-73.917645028203793,40.816065918016484],[-73.917812762741704,40.815968278959396],[-73.91845381971261,40.815613631979247],[-73.918601442623626,40.815531963902998],[-73.919467448167268,40.815073709537742],[-73.920126487743872,40.814741122389165],[-73.920331048743108,40.814637887223782],[-73.920481172835053,40.814563686869548],[-73.921303832122987,40.815477247776066],[-73.921583920846913,40.815550632066149],[-73.921245195927028,40.816219397297402],[-73.923092997722122,40.816697728138315],[-73.923727012370449,40.815817320072838],[-73.923768387532448,40.815759864762718],[-73.923908047418166,40.815565926646983],[-73.923954829852903,40.815500960860604],[-73.9239995118877,40.815438912951805],[-73.924809538228402,40.81565902072542],[-73.925055197855542,40.815721576330205],[-73.925335331502012,40.815791550280693],[-73.925501329679662,40.81583301291554],[-73.925688970859341,40.815874945431112],[-73.926627181235176,40.816118959676473],[-73.926219719505823,40.816758655974006],[-73.925184863752975,40.818012669377104],[-73.924547260132584,40.818712623510081],[-73.924025571537612,40.819285330110333],[-73.922652611073943,40.820494315280342],[-73.921947639910826,40.821031544958537],[-73.921144089505333,40.82156300206163],[-73.920665391322942,40.821836893589833],[-73.920543469186143,40.821933857983744],[-73.920486032109551,40.821979536613497],[-73.920401636483149,40.822061217182394],[-73.919934716460844,40.822352202943058],[-73.919804245326446,40.822436974559693],[-73.91944303469036,40.822671667901083],[-73.919380416593285,40.822712352477353],[-73.918945971407481,40.822992673885636],[-73.918888367897296,40.823029774352669],[-73.918755705422839,40.823115219026796],[-73.918338258089904,40.823383387172704],[-73.917882719670274,40.823678776846116],[-73.917821515053205,40.823718371329079],[-73.917565993767923,40.823883672934699],[-73.917467726336625,40.823946106951894],[-73.917404589834319,40.82398622250512],[-73.917317823258827,40.824041350521696],[-73.9172501014246,40.824084378126642],[-73.917190073078686,40.824122517330601],[-73.917126936243065,40.824162631557975],[-73.916891957065843,40.824311926579853],[-73.916774004535498,40.824387087372905],[-73.915877357289432,40.824103732531903],[-73.916215884727521,40.823467930224936],[-73.914505536104244,40.822941856758469],[-73.91287633260454,40.822441348392985],[-73.911891549216705,40.822141481777486],[-73.911816156685262,40.822035022411974],[-73.911807805098164,40.822039769862549],[-73.911799359428301,40.822044455256524],[-73.911790829403586,40.822049059838662],[-73.911782206180462,40.8220536006896],[-73.911773499937198,40.822058052018399],[-73.911764697850799,40.82206243844125],[-73.911755826414577,40.82206673702764],[-73.911746858926264,40.822070961996637],[-73.911737820755675,40.822075106164128],[-73.911728698891068,40.8220791701902],[-73.911719496202323,40.822083151731711],[-73.911710232767192,40.822087043265412],[-73.911700887193533,40.822090845780025],[-73.911691469615221,40.822094566989485],[-73.911681981796505,40.822098206895028],[-73.911672434346571,40.822101747412212],[-73.911662816887699,40.822105198417006],[-73.911653139345049,40.822108558744269],[-73.911643403703152,40.822111828563081],[-73.911633618119666,40.822115009219857],[-73.911623764085476,40.822118089476284],[-73.911613863197559,40.822121080237942],[-73.911603913263122,40.822123972121823],[-73.911593917136585,40.822126774511432],[-73.911583872184167,40.822129478023385],[-73.911573782376649,40.822132081655568],[-73.91156365609335,40.82213458591697],[-73.911553482087768,40.822136990631435],[-73.911543284395336,40.822139297157563],[-73.911533050666733,40.822141505485916],[-73.911522783109021,40.822143614277934],[-73.911512491867455,40.822145622703815],[-73.911502164589393,40.822147533266893],[-73.911491824445761,40.822149334090746],[-73.911481462806307,40.822151047617005],[-73.911471075953528,40.822152650221867],[-73.911460678424532,40.822154155150933],[-73.911450268677214,40.822155561230289],[-73.911439858411015,40.822156859757747],[-73.911429426666814,40.822158057753128],[-73.911418993508576,40.822159158079835],[-73.911408560483807,40.822160157891069],[-73.91139811678309,40.822161060026502],[-73.911387684032547,40.822161853446119],[-73.911377263750907,40.822162556913803],[-73.911366831263862,40.822163152150466],[-73.911356422064003,40.822163648062173],[-73.911072984581466,40.822242943233718],[-73.910699987118775,40.822324113844992],[-73.909908940497232,40.822551108116883],[-73.909457607508273,40.822432402369529],[-73.908418540285737,40.822181271154847],[-73.907426815858116,40.821945061993908],[-73.906457221442082,40.821715365035885],[-73.905658902478137,40.821556532634595],[-73.905524662148636,40.821523813274538],[-73.905455921313674,40.821507058608532],[-73.905327701340681,40.821475805772266],[-73.905250225001438,40.821456921612466],[-73.90489653062825,40.82137071088269],[-73.904781037299117,40.821341445223268],[-73.903793100271429,40.821091101160093],[-73.902887020295537,40.820859174738793],[-73.902668191087798,40.820803159886239],[-73.901292774726684,40.820475442613031]]]]}},
{"type":"Feature","properties":{"ntaabbrev":"HntsPt","Name":"Hunts Point"},"geometry":{"type":"MultiPolygon","coordinates":[[[[-73.880980295271144,40.818235623126753],[-73.878062831077798,40.816182632442626],[-73.876634599637086,40.815711508099383],[-73.876731855069153,40.815386495984221],[-73.875205390923767,40.814878745002993],[-73.874463819277381,40.814645231861803],[-73.87250110885978,40.813888128234254],[-73.872394379,40.813974336108593],[-73.872329770979874,40.813921823341474],[-73.872436672350773,40.813850934001785],[-73.872189610120458,40.813673670767336],[-73.872097169608963,40.813738022023756],[-73.872036875398209,40.813685513875427],[-73.872129311473515,40.813621168692784],[-73.872080387850175,40.813584054619696],[-73.871804636402018,40.813314890539395],[-73.871657776833928,40.813254261976169],[-73.870957536840947,40.812146180609645],[-73.870568068617743,40.812087317621852],[-73.87047093165215,40.811458295494447],[-73.870553421917265,40.811243380220574],[-73.868112191400797,40.806751832832063],[-73.868463469591347,40.805936548939272],[-73.869789680175558,40.804125105864017],[-73.871518550301928,40.801874149390947],[-73.871611425925607,40.801914396207195],[-73.871698819308065,40.801805271920657],[-73.871603361924272,40.801751811949245],[-73.871745093739079,40.801547366116331],[-73.872380604537028,40.801290114632899],[-73.872438646848536,40.801270612796472],[-73.872647653317742,40.801190116451025],[-73.872705037585959,40.801167176810758],[-73.873172232610685,40.80099783970546],[-73.873550965725016,40.800853302772026],[-73.874677163141428,40.800979422361806],[-73.874730604525922,40.801256638131406],[-73.875265170373268,40.801398152548671],[-73.875857885151916,40.801455987585889],[-73.875929980716961,40.801084222588798],[-73.878142188198211,40.801319290809218],[-73.878076854865341,40.801666644035258],[-73.877986295094047,40.801656715507093],[-73.877968803754612,40.801711114625782],[-73.878033002364702,40.802059906860983],[-73.87806294853425,40.802194319345183],[-73.87811438894289,40.802368084879419],[-73.878165811401544,40.802551683745115],[-73.878234649218001,40.802646805768369],[-73.878432955134485,40.802702734695046],[-73.878743441665449,40.802739114243167],[-73.878924538354795,40.802772080508362],[-73.879213484076004,40.802795327337826],[-73.879342921845364,40.802772519178795],[-73.879509959610445,40.802769490815344],[-73.879627648365314,40.802743318719656],[-73.879743008203803,40.802743439121222],[-73.879757045768372,40.802743453764407],[-73.879916606034527,40.80276000771137],[-73.880054629848843,40.802760151407831],[-73.880171151186858,40.802724220053641],[-73.880278987965212,40.802721053803239],[-73.880418365100553,40.802667940286746],[-73.88056943638324,40.802632847479416],[-73.880771498085693,40.802587426206919],[-73.880920305452619,40.802558543427494],[-73.881069103115777,40.802535882824252],[-73.881179656672245,40.802529773446309],[-73.881320257611463,40.802511252489616],[-73.88143082957599,40.802494772761946],[-73.881533207657597,40.802481396450787],[-73.881709319578519,40.802447354473351],[-73.881821254798552,40.802431914257106],[-73.881938639333342,40.80242166340458],[-73.88203490143357,40.802407793389058],[-73.882060131273903,40.802404158282513],[-73.882065392581765,40.802402886287723],[-73.882192567066724,40.802372144831736],[-73.882320887325207,40.802351534972452],[-73.882370101157164,40.802353846955789],[-73.882394652083278,40.802354999950801],[-73.882447750818585,40.802351212596214],[-73.882430217740449,40.802265572390212],[-73.882518949120453,40.802252181284601],[-73.882541134021054,40.802335682065653],[-73.882595269442973,40.802325706323543],[-73.882760284008043,40.802306208851391],[-73.882883239725075,40.802289126680947],[-73.882970590687805,40.80228429903979],[-73.883070916428878,40.802259819077975],[-73.883203603313959,40.80222799770911],[-73.883540118493997,40.802179174129421],[-73.883695424223774,40.802162124105642],[-73.883809410282879,40.802122195234226],[-73.883838499931983,40.802107183995496],[-73.883851826900951,40.802095531658111],[-73.883877450714294,40.802075334868761],[-73.883899993125851,40.802061356846103],[-73.88391536772113,40.802048927572692],[-73.883937916674114,40.802031061798097],[-73.883964625196938,40.801965148359827],[-73.883783539701255,40.801929015924962],[-73.883777379630672,40.801939899672689],[-73.883738457370796,40.801956193769954],[-73.883690369965407,40.80194525580535],[-73.883668930890423,40.801913344963047],[-73.883680247161578,40.801880690695292],[-73.883723266659175,40.801862843941215],[-73.883774424095378,40.801873784987741],[-73.883792790406517,40.801907248014501],[-73.883784579578062,40.801919684326762],[-73.883967747079339,40.801957444852789],[-73.883989453227088,40.80190387915885],[-73.885051723367084,40.80213090679824],[-73.885145769734066,40.802259588984889],[-73.885267145053376,40.802284394314597],[-73.885272622139638,40.802274028967979],[-73.885310870586764,40.802253326772764],[-73.885365445988739,40.802260639744844],[-73.885396764088313,40.802302153070251],[-73.885380331973948,40.802334284764903],[-73.885331168858585,40.802352903172917],[-73.885283421059356,40.802342485539107],[-73.885257551695815,40.802308236461627],[-73.885261665052212,40.802296833448999],[-73.885155170606055,40.802272453040842],[-73.885255536702516,40.802409781025652],[-73.885599781121741,40.802565497836177],[-73.885780738809032,40.802680392639395],[-73.885914246726145,40.802798516993157],[-73.886008874247864,40.802952656286138],[-73.886077712467014,40.803054329192655],[-73.886099726644829,40.803085372871465],[-73.886163770565574,40.803175684976999],[-73.886275764543612,40.803264289368656],[-73.886424355530252,40.803345162253429],[-73.886486918235562,40.803379212832624],[-73.886723892486359,40.803530215485111],[-73.886848798252501,40.803635219116885],[-73.887085735317655,40.803809163177888],[-73.887270973471146,40.803947002336898],[-73.887380956242112,40.804110681284108],[-73.887247384584199,40.804186140114389],[-73.887335525671602,40.804293189407574],[-73.887402346831792,40.804374342589547],[-73.88752886022138,40.804401726740608],[-73.887711246003633,40.804614781722861],[-73.887631295376366,40.804671325376134],[-73.887958972239446,40.80499792592088],[-73.888592177064808,40.804789274595407],[-73.88876053713912,40.804863179100707],[-73.888893642189288,40.804956227964496],[-73.889064420259771,40.80502191290477],[-73.889156741938152,40.805128026671078],[-73.889274187756158,40.805210338108687],[-73.889366403769245,40.8053807802984],[-73.889337838053294,40.805588037377632],[-73.889223230048202,40.805684420931989],[-73.889197941408185,40.805807100182051],[-73.889224160910771,40.805845351694764],[-73.889556343015542,40.805431607021532],[-73.889556645018516,40.805431232390248],[-73.889974340349596,40.804913130383291],[-73.889995981707642,40.804886286752961],[-73.890147562439466,40.804960609284208],[-73.889374392536894,40.805925273115491],[-73.88954478026055,40.805807076192963],[-73.889658749635288,40.80584774526973],[-73.889753329873429,40.805875490083849],[-73.889813468258637,40.805877391357861],[-73.889813983497731,40.805877391850309],[-73.889850412741566,40.805857146444545],[-73.889872292585082,40.805831356465092],[-73.889899057622571,40.80578529092795],[-73.889928233649357,40.805748446242013],[-73.889960890699157,40.805714770420209],[-73.889991391154325,40.805704259370629],[-73.890059326925126,40.805704324178883],[-73.890135940811163,40.805714691450255],[-73.890232956892817,40.805736907025846],[-73.890335967153163,40.805766635511517],[-73.890352597697884,40.805771436341701],[-73.890436673225381,40.805793638766659],[-73.890514225884914,40.805847792471361],[-73.890582130797895,40.805867522344698],[-73.890721226188717,40.805875028722802],[-73.890863541109539,40.80589237185491],[-73.891012343236213,40.805899886065376],[-73.89127112984032,40.805912421894398],[-73.89149717186811,40.805927198467025],[-73.891499037301543,40.805931237738108],[-73.89144104277274,40.805661898564999],[-73.891786181355982,40.805622892086397],[-73.891979295342779,40.806384708976395],[-73.892454946359805,40.806370107108037],[-73.892706413307437,40.806343989436989],[-73.892706810665061,40.806343948093144],[-73.89253177073283,40.805656551567921],[-73.892273158435273,40.805702433124985],[-73.89216364547643,40.80530259256561],[-73.891813120094369,40.805186955968857],[-73.89180973582809,40.805193784957794],[-73.891676041840128,40.805150953142771],[-73.891686993125219,40.805130110109467],[-73.89156417608659,40.805093939453855],[-73.891560049665443,40.805099980035784],[-73.89149997938047,40.805081588591868],[-73.891507513958672,40.805070311042904],[-73.891303729990142,40.805006788325841],[-73.891298569738481,40.805016497722683],[-73.891267106229719,40.805010488921731],[-73.891284024139168,40.804976281899343],[-73.891313769174559,40.80498493781073],[-73.891311187900882,40.804989821406437],[-73.89146488860959,40.805043986441099],[-73.891506456657453,40.805057693082674],[-73.891695618346461,40.805115843422392],[-73.891732409956958,40.805049362917941],[-73.891866107431625,40.805090487928773],[-73.891828889975429,40.805166472094264],[-73.892197396715673,40.805284687919553],[-73.892300203275681,40.805660605670383],[-73.892337305077788,40.805656370118605],[-73.892335070047096,40.805648679479908],[-73.892398034428709,40.805638488931365],[-73.89240027239039,40.805645325362512],[-73.892566676721955,40.805620710506837],[-73.892748140374096,40.806340261302182],[-73.892897709018555,40.806326918796501],[-73.893046543945033,40.806314765512248],[-73.893156541043879,40.806312409920686],[-73.893305164892269,40.80634399783554],[-73.893376551190684,40.80629786506703],[-73.893454201267275,40.806293020508249],[-73.893548046559189,40.806275898888721],[-73.893622454421305,40.806275967572802],[-73.893719543135504,40.806253933629051],[-73.893836022273035,40.806244208253361],[-73.893952480911679,40.806246774035259],[-73.894036586073199,40.806251767722294],[-73.894104495031186,40.806269036928057],[-73.8942209637422,40.806266685595268],[-73.894525101420996,40.806242383011316],[-73.894628639183338,40.806232644993848],[-73.894632523510893,40.806232331922317],[-73.894573939134105,40.806045773007376],[-73.894726019096197,40.806026246583677],[-73.894776796549721,40.806213633239679],[-73.894803373713486,40.806208222822875],[-73.894853605357866,40.806214908661495],[-73.894729705267537,40.805741100959267],[-73.894842959835415,40.805723997514924],[-73.894969095287934,40.806231129991559],[-73.895098364873974,40.80686363917372],[-73.895285505641482,40.806842711574134],[-73.895372690578156,40.806703517335016],[-73.895459118678602,40.806603084392279],[-73.895506339685724,40.806595305303816],[-73.895417948779468,40.806267777688475],[-73.89539221099777,40.80617680177734],[-73.89530206142831,40.805901404664468],[-73.895311816358472,40.805869456157474],[-73.895279628739303,40.805766184570665],[-73.895311974875128,40.805768671035203],[-73.895344167070718,40.805869485530778],[-73.895405490609406,40.805960494251991],[-73.89546655698193,40.806216200015626],[-73.895511639171801,40.806348983005059],[-73.895591090918188,40.806581343347702],[-73.895722737787651,40.806559657308412],[-73.89569912530925,40.806445021689903],[-73.895670251386747,40.806290130959717],[-73.895747908987744,40.806280368512923],[-73.895831748878152,40.806454974302675],[-73.895838380731689,40.806540607069508],[-73.895977946876769,40.80651761634239],[-73.895941841746591,40.806391160678018],[-73.895935533631913,40.806287911468239],[-73.89587766345042,40.806056790595228],[-73.895790669579995,40.805830559711879],[-73.895874815993025,40.805808511582576],[-73.895948888354994,40.806022440452068],[-73.896013205891478,40.8062683161561],[-73.896108245178766,40.806496150951439],[-73.896224241189856,40.806477042345008],[-73.89620708243055,40.806415845339238],[-73.896195723521842,40.806324063526901],[-73.896195853013893,40.806241031825309],[-73.896230407369345,40.806210472404906],[-73.896276425029498,40.806206142593389],[-73.896351184275787,40.80621058105676],[-73.896786823237463,40.806159258515095],[-73.89708748307676,40.806123837656941],[-73.897114380143265,40.806110865929199],[-73.897150794987184,40.806093303628714],[-73.897173874081673,40.806045253647717],[-73.897260149991524,40.806040959847479],[-73.897312961469098,40.806081527294857],[-73.897386394392697,40.806224616634346],[-73.897496819538958,40.806214400202727],[-73.897475887352783,40.80599922732425],[-73.897414726985673,40.805800059478251],[-73.897485917409099,40.805787832516813],[-73.897547065966563,40.805994374253551],[-73.89763818741136,40.80620132083903],[-73.897761266487436,40.806189933501692],[-73.897750656933198,40.806137128822968],[-73.897728272509823,40.805967494640036],[-73.897799451953034,40.805962641414297],[-73.897867158350763,40.806112649674652],[-73.897873608351176,40.80617953899003],[-73.898013408300841,40.80616660385882],[-73.898003065963891,40.806090647513919],[-73.897990370515259,40.805930853648263],[-73.897871279906511,40.805534981759834],[-73.897936002962439,40.805520290028987],[-73.898068037988054,40.805913715708677],[-73.898161107526064,40.806138070602692],[-73.898220854952413,40.806119991154311],[-73.898294948878643,40.806097571201121],[-73.898281719951768,40.806050961336908],[-73.898273058368247,40.805917334915776],[-73.898262754887227,40.805890938490577],[-73.898257612246198,40.805871284466463],[-73.898272392284255,40.805869613885442],[-73.898274624117718,40.805859509754143],[-73.898244380815626,40.805826358720708],[-73.898193423797977,40.805811155585303],[-73.898116666876021,40.805755506565554],[-73.898133007605409,40.805699379257945],[-73.898127580226628,40.805693283276007],[-73.898123488188119,40.805686612413496],[-73.898120834229545,40.805679534158074],[-73.89811968498428,40.805672226226044],[-73.898120069306614,40.805664872100088],[-73.898121977546481,40.805657656422632],[-73.89812536179295,40.805650760360145],[-73.898130137075668,40.805644357054085],[-73.898175223132526,40.805634290784916],[-73.898189275444722,40.80562419776502],[-73.898190774742702,40.805610725236868],[-73.898228278324666,40.805571274933584],[-73.898208596197264,40.805552914428098],[-73.898245558406956,40.805539473206771],[-73.898277344046207,40.80554272192267],[-73.898289883718377,40.805544003327377],[-73.898526565165938,40.805434309098146],[-73.89958950658891,40.80522840331335],[-73.899704898420381,40.805215419069981],[-73.899737646770049,40.805194511981227],[-73.899736748553707,40.805182675404737],[-73.899735957980042,40.805172266735795],[-73.900071929940182,40.80510113559108],[-73.900265550190312,40.805060888907647],[-73.900525594861861,40.805006834881581],[-73.9007857843105,40.804917489448712],[-73.900840881108422,40.804913645419774],[-73.900911315972536,40.804899331851637],[-73.900972988815354,40.804876097891331],[-73.901257341195688,40.8048818823505],[-73.901306521533641,40.804874430242513],[-73.901523314198684,40.804841582425652],[-73.901530960322546,40.804840173204795],[-73.901802709336707,40.804790086916228],[-73.90204952046372,40.804784141106111],[-73.902056704802916,40.804785877490303],[-73.90206378021368,40.804787850912795],[-73.902067273696517,40.804788925369394],[-73.902074162963814,40.804791246079624],[-73.902077557204649,40.804792492332034],[-73.902087510593361,40.804796564100677],[-73.90209394229484,40.804799551002347],[-73.902126826764928,40.804825310737463],[-73.902141843801815,40.804848910979672],[-73.902152155863533,40.804872506388755],[-73.902167779130721,40.804918657321835],[-73.902169118005261,40.804926370337078],[-73.902169136352583,40.804934150146153],[-73.902167833865946,40.804941866758064],[-73.902180218908967,40.804953828320343],[-73.902206213407496,40.804950344415495],[-73.902222846993652,40.804948113859815],[-73.902246203780777,40.805071502957468],[-73.902855851840258,40.808602932769368],[-73.902939291051496,40.809062701054117],[-73.902979294886151,40.809310640449411],[-73.902987953492143,40.809364301035835],[-73.902997668512967,40.809455582858881],[-73.903008777627662,40.809550073280214],[-73.903016845736744,40.809601985580535],[-73.903023694580341,40.80966721858443],[-73.903089465303211,40.809856399702475],[-73.902790877213974,40.810083048099827],[-73.902594241503962,40.810223359274993],[-73.901558192992866,40.810892175028997],[-73.900862482668018,40.8113969741133],[-73.899124490709738,40.812695241358654],[-73.898447233512641,40.813176502681138],[-73.898150516339427,40.813366354725787],[-73.897864864430289,40.813566670009493],[-73.897757794812293,40.813648916795891],[-73.897591236914792,40.813776873348374],[-73.897330489844023,40.813996336199587],[-73.897083416367792,40.814224346707952],[-73.896850730324758,40.814460168993485],[-73.895872311059961,40.815412700726107],[-73.895428587724282,40.815844672930858],[-73.895800714347942,40.816065648679],[-73.896213520514365,40.816318971801302],[-73.897044665897909,40.81680185968569],[-73.89567610637701,40.818129368253018],[-73.894930760012528,40.818846721403304],[-73.893894623226032,40.819860289856209],[-73.892901561102207,40.820811224195147],[-73.892836530134389,40.82097405411286],[-73.891618586776985,40.821012849229803],[-73.891327006873468,40.820738190099902],[-73.890823778639074,40.820306482436266],[-73.890741212197483,40.820417773457343],[-73.890112717359983,40.82090094684326],[-73.889223809635368,40.821465895545238],[-73.888640052554777,40.821766792388743],[-73.888420261245031,40.82192060970641],[-73.888338362068367,40.821999684858675],[-73.887887460684425,40.822363013787196],[-73.88756449921047,40.822513869131882],[-73.887184711222275,40.822644982869654],[-73.887053964835019,40.822660260419731],[-73.886936772986004,40.822672584088664],[-73.886806972147923,40.822684205899108],[-73.886554398149954,40.822706239769111],[-73.88629941785922,40.822736122915167],[-73.885612806216017,40.82279451897309],[-73.885249766918037,40.822845044300436],[-73.885150931906395,40.82285879966652],[-73.885117092074921,40.822863508739708],[-73.885081623695228,40.822868445185755],[-73.885048554724335,40.822872824649039],[-73.884780005747771,40.822902381826275],[-73.884557766505878,40.822924101388217],[-73.884385039517184,40.822951369497105],[-73.884361284375558,40.822873801330587],[-73.884332122934254,40.82281014348159],[-73.884294881449591,40.822718205770123],[-73.884249716840117,40.822642209082076],[-73.883787860381787,40.82193341427319],[-73.882659228577737,40.819688833121582],[-73.882447794866323,40.819268323013638],[-73.880980295271144,40.818235623126753]]]]}},
{"type":"Feature","properties":{"ntaabbrev":"Lngwd","Name":"Longwood"},"geometry":{"type":"MultiPolygon","coordinates":[[[[-73.887887460684595,40.822363013787196],[-73.888338362068367,40.821999684858675],[-73.888420261245031,40.82192060970641],[-73.888640052554777,40.821766792388701],[-73.889223809635496,40.821465895545188],[-73.890112717359926,40.82090094684326],[-73.890741212197597,40.820417773457308],[-73.890823778639074,40.820306482436209],[-73.891327006873468,40.820738190099902],[-73.891618586777128,40.821012849229774],[-73.892836530134389,40.82097405411286],[-73.892901561102306,40.820811224195147],[-73.893894623226032,40.81986028985618],[-73.894930760012571,40.818846721403304],[-73.895676106377167,40.818129368252976],[-73.897044665897909,40.81680185968569],[-73.896213520514536,40.816318971801266],[-73.895800714347942,40.816065648678965],[-73.895428587724325,40.815844672930858],[-73.895872311059961,40.815412700726107],[-73.896850730324815,40.814460168993485],[-73.897083416367735,40.814224346707952],[-73.897330489844066,40.813996336199587],[-73.897591236914735,40.813776873348374],[-73.897757794812335,40.813648916795891],[-73.897864864430289,40.813566670009457],[-73.898150516339484,40.813366354725744],[-73.898447233512741,40.813176502681095],[-73.899124490709738,40.812695241358597],[-73.900862482668018,40.8113969741133],[-73.901558192992908,40.810892175028968],[-73.902594241504019,40.810223359274993],[-73.90279087721413,40.810083048099827],[-73.903089465303268,40.80985639970244],[-73.903242734360859,40.81071288453203],[-73.903417203075009,40.811506882855255],[-73.904180362813335,40.812124820566233],[-73.904465513443697,40.812281960415319],[-73.904183376294426,40.813086455479812],[-73.90380412203335,40.814131843299478],[-73.90346997117642,40.815075788483512],[-73.903064436952661,40.816106761524928],[-73.90300983126015,40.816317792959303],[-73.902578590080665,40.817369794430505],[-73.902107432408087,40.818505192100176],[-73.901831951017286,40.819153364559504],[-73.901663192770641,40.819550427356525],[-73.901601211811581,40.819694859260203],[-73.901292774726684,40.820475442613031],[-73.900845611659861,40.821541418116681],[-73.900611410146709,40.822108807929148],[-73.901987585312739,40.822440423105242],[-73.901846836411067,40.822778633342274],[-73.901816872852649,40.822850635251335],[-73.901176690569713,40.824388909167247],[-73.900505403379924,40.826007622429053],[-73.901648954943511,40.826256978346684],[-73.900935106126383,40.827928101756612],[-73.899797566685479,40.827684354293936],[-73.899409947634325,40.827734183632757],[-73.899325668572942,40.827745017588306],[-73.898204692396831,40.827889110486815],[-73.897012193519998,40.828048320066614],[-73.895766684901773,40.828211803936021],[-73.895485226102096,40.828248541383701],[-73.895291563678299,40.828142349866866],[-73.895110207725224,40.82803689945429],[-73.89515277705604,40.827834290176938],[-73.894835228357579,40.826246841714166],[-73.893867189321924,40.826514969457364],[-73.892932259687385,40.826787036531314],[-73.891912717923304,40.826794450250198],[-73.890905599083254,40.82678778462116],[-73.889979424216747,40.826809992740323],[-73.889835991037785,40.826804734759328],[-73.889805640179446,40.826803621544286],[-73.889690048951294,40.826799384071961],[-73.889638951617741,40.826797510508655],[-73.888850460712689,40.826768595745492],[-73.887895108352595,40.826743185296081],[-73.886399570736032,40.827503380240557],[-73.886096241009113,40.827655777860038],[-73.886150377918852,40.827305677870349],[-73.886350323709223,40.826012623048015],[-73.886454260530769,40.825286311677587],[-73.886794129895804,40.82412185167744],[-73.886828451994916,40.823982296468309],[-73.886869998741915,40.823843879147425],[-73.886918705336171,40.82370681545553],[-73.88697449648275,40.823571319514969],[-73.887037284497438,40.823437602039213],[-73.887106971477138,40.823305871440127],[-73.887066602776372,40.823190276968475],[-73.887331608290964,40.822796121726569],[-73.887478505631194,40.822641928489041],[-73.887572871742947,40.822607035248275],[-73.887887460684595,40.822363013787196]]]]}},
{"type":"Feature","properties":{"ntaabbrev":"Mrrsnia","Name":"Morrisania"},"geometry":{"type":"MultiPolygon","coordinates":[[[[-73.896965889304624,40.834342145894048],[-73.896785469819633,40.834125029246394],[-73.896301998111937,40.833543217996109],[-73.896389159308782,40.833290522997167],[-73.896472961208659,40.833047568105393],[-73.896692159957709,40.831966144710861],[-73.896900177428904,40.831033336425826],[-73.896950843113629,40.830909575866379],[-73.897172208809835,40.830368832894308],[-73.896696323840786,40.830414504539611],[-73.896395729078336,40.828762879520227],[-73.895485226102096,40.828248541383701],[-73.895766684901773,40.828211803936021],[-73.897012193519998,40.828048320066614],[-73.898204692396831,40.827889110486815],[-73.899325668572942,40.827745017588306],[-73.899409947634325,40.827734183632757],[-73.899797566685479,40.827684354293936],[-73.900935106126383,40.827928101756612],[-73.901648954943511,40.826256978346684],[-73.900505403379924,40.826007622429053],[-73.901176690569713,40.824388909167247],[-73.901816872852649,40.822850635251335],[-73.901846836411067,40.822778633342274],[-73.901987585312739,40.822440423105242],[-73.900611410146709,40.822108807929148],[-73.900845611659861,40.821541418116681],[-73.901292774726684,40.820475442613031],[-73.902668191087798,40.820803159886239],[-73.902887020295537,40.820859174738793],[-73.903793100271429,40.821091101160093],[-73.904781037299117,40.821341445223268],[-73.90489653062825,40.82137071088269],[-73.905250225001438,40.821456921612466],[-73.905327701340681,40.821475805772266],[-73.905455921313674,40.821507058608532],[-73.905524662148636,40.821523813274538],[-73.905658902478137,40.821556532634595],[-73.906457221442082,40.821715365035885],[-73.907426815858116,40.821945061993908],[-73.908418540285737,40.822181271154847],[-73.909457607508273,40.822432402369529],[-73.909908940497232,40.822551108116883],[-73.910699987118775,40.822324113844992],[-73.911072984581466,40.822242943233718],[-73.911356422064003,40.822163648062173],[-73.911366831263862,40.822163152150466],[-73.911377263750907,40.822162556913803],[-73.911387684032547,40.822161853446119],[-73.91139811678309,40.822161060026502],[-73.911408560483807,40.822160157891069],[-73.911418993508576,40.822159158079835],[-73.911429426666814,40.822158057753128],[-73.911439858411015,40.822156859757747],[-73.911450268677214,40.822155561230289],[-73.911460678424532,40.822154155150933],[-73.911471075953528,40.822152650221867],[-73.911481462806307,40.822151047617005],[-73.911491824445761,40.822149334090746],[-73.911502164589393,40.822147533266893],[-73.911512491867455,40.822145622703815],[-73.911522783109021,40.822143614277934],[-73.911533050666733,40.822141505485916],[-73.911543284395336,40.822139297157563],[-73.911553482087768,40.822136990631435],[-73.91156365609335,40.82213458591697],[-73.911573782376649,40.822132081655568],[-73.911583872184167,40.822129478023385],[-73.911593917136585,40.822126774511432],[-73.911603913263122,40.822123972121823],[-73.911613863197559,40.822121080237942],[-73.911623764085476,40.822118089476284],[-73.911633618119666,40.822115009219857],[-73.911643403703152,40.822111828563081],[-73.911653139345049,40.822108558744269],[-73.911662816887699,40.822105198417006],[-73.911672434346571,40.822101747412212],[-73.911681981796505,40.822098206895028],[-73.911691469615221,40.822094566989485],[-73.911700887193533,40.822090845780025],[-73.911710232767192,40.822087043265412],[-73.911719496202323,40.822083151731711],[-73.911728698891068,40.8220791701902],[-73.911737820755675,40.822075106164128],[-73.911746858926264,40.822070961996637],[-73.911755826414577,40.82206673702764],[-73.911764697850799,40.82206243844125],[-73.911773499937198,40.822058052018399],[-73.911782206180462,40.8220536006896],[-73.911790829403586,40.822049059838662],[-73.911799359428301,40.822044455256524],[-73.911807805098164,40.822039769862549],[-73.911816156685262,40.822035022411974],[-73.911891549216705,40.822141481777486],[-73.91287633260454,40.822441348392985],[-73.914505536104244,40.822941856758469],[-73.916215884727521,40.823467930224936],[-73.915877357289432,40.824103732531903],[-73.916774004535498,40.824387087372905],[-73.916087827255822,40.824837851830537],[-73.916152815131767,40.824856941414978],[-73.916309174274943,40.824902866512552],[-73.916569688669128,40.824979385862989],[-73.916613683762364,40.824992308507099],[-73.916424518296111,40.825114913218158],[-73.916366615928624,40.825152441395218],[-73.916303878744642,40.825193102757645],[-73.916247479971872,40.825229655467048],[-73.916187783872829,40.825268347214411],[-73.916130116301488,40.825305721822879],[-73.91592284900652,40.825440056489548],[-73.915450613647877,40.825747779878178],[-73.915411081472655,40.825773909122724],[-73.915275900351929,40.825655395726614],[-73.915098228778149,40.825501348993022],[-73.914751209986065,40.825200473433398],[-73.913511916097903,40.824804945422578],[-73.913166743488603,40.825456455311837],[-73.911924351540051,40.825049759349305],[-73.911309743851859,40.82484855889453],[-73.911793618845948,40.826428155601164],[-73.911694301723998,40.827758715809082],[-73.910307702545168,40.828772486247523],[-73.909481782930555,40.829592119981868],[-73.908959902216395,40.830226234048702],[-73.908905763562586,40.830208620699743],[-73.907721649860932,40.829823367597179],[-73.907527587586102,40.829760781944508],[-73.907473409572944,40.829743310117578],[-73.906570835548294,40.829452219569831],[-73.905531166306346,40.829104132589293],[-73.904506218421389,40.830624963458902],[-73.903435013857958,40.832216380824065],[-73.901856057246533,40.834622125627789],[-73.901341011058392,40.835441324410205],[-73.901225348993222,40.835499911236795],[-73.901215782989354,40.835410141690502],[-73.899634148883578,40.835016223923326],[-73.898453048576968,40.834720242117328],[-73.898093413794342,40.834628803245124],[-73.896965889304624,40.834342145894048]]]]}},
{"type":"Feature","properties":{"ntaabbrev":"ClrmntVlg","Name":"Claremont Village-Claremont (East)"},"geometry":{"type":"MultiPolygon","coordinates":[[[[-73.901317297986694,40.844473941534865],[-73.901142484219832,40.844452711836404],[-73.900915186083694,40.844425951907048],[-73.89970328926745,40.844284904620388],[-73.899615436566606,40.844274680449303],[-73.898543961225315,40.844151004569973],[-73.897824144791585,40.844069687431656],[-73.897499006440071,40.844032954681367],[-73.896572953101881,40.843923359083789],[-73.895947089953111,40.843849285785524],[-73.895548038416095,40.843802054826142],[-73.895269650499998,40.843767277264547],[-73.894790219579221,40.843720321970913],[-73.894819425613477,40.843683770968404],[-73.894847586904305,40.843646363294596],[-73.895378361144751,40.842938779458706],[-73.895649795681308,40.843035540300157],[-73.895914870105202,40.843142919621165],[-73.896172529763163,40.843260549135962],[-73.89642176977317,40.843387959594814],[-73.896661616671807,40.843524607067508],[-73.897491114902195,40.842067089838366],[-73.898269662304472,40.840679947230278],[-73.899030345165215,40.839330477471556],[-73.899967928593355,40.837654763284348],[-73.900042367111453,40.837522576068487],[-73.900142679818657,40.837344441135492],[-73.900190451271826,40.837259608334357],[-73.90022284710335,40.837202079835514],[-73.900258871722755,40.837138106971928],[-73.90030702615222,40.837052594806387],[-73.900357298971187,40.836963318176828],[-73.900389446811545,40.836906230672312],[-73.900566108018424,40.836592508926955],[-73.901225348993222,40.835499911236795],[-73.901341011058392,40.835441324410205],[-73.901856057246533,40.834622125627789],[-73.903435013857958,40.832216380824065],[-73.904506218421389,40.830624963458902],[-73.905531166306346,40.829104132589293],[-73.906570835548294,40.829452219569831],[-73.907473409572944,40.829743310117578],[-73.907527587586102,40.829760781944508],[-73.907721649860932,40.829823367597179],[-73.908905763562586,40.830208620699743],[-73.908959902216395,40.830226234048702],[-73.909144657300473,40.830285730356564],[-73.909378912225193,40.830361588655116],[-73.909713736887923,40.830470013872414],[-73.910490105933036,40.830737373534774],[-73.90962130610859,40.832281422775324],[-73.909518956698207,40.832463777039536],[-73.909460394443883,40.832568115809138],[-73.909422575644911,40.832635496276509],[-73.909374152336483,40.83272177180983],[-73.909283547588188,40.832883196253022],[-73.909236814210601,40.832966460972692],[-73.909177780350788,40.833071639687503],[-73.909105976941717,40.833199566947485],[-73.908898040283248,40.833570034681472],[-73.908825758437843,40.833698812233592],[-73.908691311411602,40.833938346774048],[-73.908575479125886,40.834144441700438],[-73.908521516189836,40.834240456161879],[-73.908376558407085,40.834498371587983],[-73.90823980109387,40.834741693631813],[-73.908108700553456,40.834974949643055],[-73.907971351570779,40.83521932376717],[-73.90783293050977,40.835465599598791],[-73.907718215948194,40.835669696282679],[-73.907626659291722,40.835832590286316],[-73.90757269317595,40.835928604276006],[-73.907402004425933,40.836232283418013],[-73.907333069627384,40.836342427138639],[-73.907271124876758,40.836441399407335],[-73.907212940914704,40.836534364913518],[-73.907139543727325,40.836651634573961],[-73.906975503999234,40.836913729418946],[-73.906902038988861,40.837031107589659],[-73.90679854767302,40.83719551674006],[-73.906681463558584,40.837383525950443],[-73.90652353927905,40.837635843015299],[-73.906461694918463,40.837734650737403],[-73.906356746308489,40.837902326682688],[-73.906254752721765,40.838065280253829],[-73.905979403755524,40.838505195802213],[-73.905383579410767,40.839768984474283],[-73.905424724294761,40.839779257427438],[-73.905467384766155,40.8397849385047],[-73.905510677216583,40.839785910036277],[-73.905553704947351,40.839782151899236],[-73.905595576785146,40.839773741815812],[-73.905635425392575,40.839760854093186],[-73.905672425403921,40.839743755669218],[-73.905705810456823,40.839722800695952],[-73.905624702078171,40.839844150617317],[-73.905549264624455,40.839967592326893],[-73.905479591506221,40.840092973024781],[-73.9054157690002,40.840220137510038],[-73.90535787614246,40.84034892837284],[-73.905305985031404,40.840479185945952],[-73.905260159524175,40.840610749221298],[-73.905220456382722,40.840743455341226],[-73.905186924791238,40.840877140032397],[-73.905159606295143,40.84101163780916],[-73.905031766171177,40.842262945015534],[-73.905015148916533,40.842404698989299],[-73.904937357265695,40.843374894935373],[-73.904911331704227,40.843722586911674],[-73.904894205547535,40.843951383225672],[-73.904882635059494,40.844105945808401],[-73.904846450795617,40.844589359566285],[-73.904842191162956,40.844665448164669],[-73.904834940663122,40.844752618499818],[-73.904831219701393,40.844800342093109],[-73.904832499483135,40.844842071458423],[-73.904090259811539,40.844771210329249],[-73.903463393628584,40.844708542816889],[-73.903368736510131,40.844699079384306],[-73.902663521498056,40.844628573787872],[-73.901581885479729,40.844504334588031],[-73.901317297986694,40.844473941534865]]]]}},
{"type":"Feature","properties":{"ntaabbrev":"CrtnaPkEst","Name":"Crotona Park East"},"geometry":{"type":"MultiPolygon","coordinates":[[[[-73.880051884150674,40.83470205920019],[-73.880075198001578,40.834671956926087],[-73.880573388623731,40.83403109347622],[-73.882512026615061,40.831552261126234],[-73.883847207863582,40.829872518688319],[-73.883900947225172,40.82980281690994],[-73.883714869324621,40.829618255341721],[-73.883574117066232,40.829478646603903],[-73.883520186697325,40.829260182491396],[-73.883784140463533,40.828274292461678],[-73.884387052875681,40.826817283532357],[-73.884609388584991,40.825303536426695],[-73.884613359441559,40.825276503821655],[-73.884621658020265,40.824956206837093],[-73.884644505460315,40.823814274202775],[-73.884398918270691,40.822997524310743],[-73.884385039517312,40.822951369497048],[-73.884557766506035,40.822924101388217],[-73.884780005747828,40.822902381826275],[-73.885048554724278,40.822872824649011],[-73.885081623695342,40.822868445185755],[-73.885117092074978,40.822863508739651],[-73.885150931906395,40.822858799666484],[-73.885249766918164,40.822845044300436],[-73.885612806216017,40.82279451897309],[-73.88629941785922,40.822736122915167],[-73.886554398149954,40.822706239769111],[-73.886806972148023,40.822684205899108],[-73.886936772985948,40.822672584088664],[-73.887053964835133,40.822660260419688],[-73.887184711222318,40.822644982869598],[-73.887564499210583,40.822513869131839],[-73.887887460684595,40.822363013787196],[-73.887572871742947,40.822607035248275],[-73.887478505631194,40.822641928489041],[-73.887331608290964,40.822796121726569],[-73.887066602776372,40.823190276968475],[-73.887106971477138,40.823305871440127],[-73.887037284497438,40.823437602039213],[-73.88697449648275,40.823571319514969],[-73.886918705336171,40.82370681545553],[-73.886869998741915,40.823843879147425],[-73.886828451994916,40.823982296468309],[-73.886794129895804,40.82412185167744],[-73.886454260530769,40.825286311677587],[-73.886350323709223,40.826012623048015],[-73.886150377918852,40.827305677870349],[-73.886096241009113,40.827655777860038],[-73.886399570736032,40.827503380240557],[-73.887895108352595,40.826743185296081],[-73.888850460712689,40.826768595745492],[-73.889638951617741,40.826797510508655],[-73.889690048951294,40.826799384071961],[-73.889805640179446,40.826803621544286],[-73.889835991037785,40.826804734759328],[-73.889979424216747,40.826809992740323],[-73.890905599083254,40.82678778462116],[-73.891912717923304,40.826794450250198],[-73.892932259687385,40.826787036531314],[-73.893867189321924,40.826514969457364],[-73.894835228357579,40.826246841714166],[-73.89515277705604,40.827834290176938],[-73.895110207725224,40.82803689945429],[-73.895291563678299,40.828142349866866],[-73.895485226102096,40.828248541383701],[-73.896395729078336,40.828762879520227],[-73.896696323840786,40.830414504539611],[-73.897172208809835,40.830368832894308],[-73.896950843113629,40.830909575866379],[-73.896900177428904,40.831033336425826],[-73.896692159957709,40.831966144710861],[-73.896472961208659,40.833047568105393],[-73.896389159308782,40.833290522997167],[-73.896301998111937,40.833543217996109],[-73.896785469819633,40.834125029246394],[-73.896965889304624,40.834342145894048],[-73.896665916418257,40.834451702907607],[-73.896375197639969,40.834578150691691],[-73.896096154637149,40.834720771143893],[-73.895831077027253,40.834878551220477],[-73.895582053215492,40.835050267636866],[-73.895350911988501,40.835234461011055],[-73.895139148957895,40.835429504476011],[-73.895011734323276,40.835598555115681],[-73.894863109897329,40.835760653800641],[-73.894694341802051,40.835913574526863],[-73.894506988578712,40.836055194093305],[-73.894303138671518,40.836183644421666],[-73.894085274502388,40.836297347954016],[-73.893856241674257,40.836395102230767],[-73.893619031434071,40.836476108510482],[-73.893376761852522,40.83654000894677],[-73.891480863598417,40.83668706461345],[-73.891290451169965,40.836699420278237],[-73.891101247728457,40.836727482141185],[-73.890916605322786,40.836771034759757],[-73.890739753184846,40.836829309431899],[-73.890573632649378,40.836901048030974],[-73.888740677829091,40.83796845987613],[-73.88841187095251,40.838553391564631],[-73.887297439230522,40.83813538903685],[-73.886598022567739,40.839279050777897],[-73.886184320121899,40.840105044972752],[-73.88583496386687,40.839896928390864],[-73.884648980422995,40.839174633102914],[-73.884353243485293,40.839277650122654],[-73.88418143086983,40.839335307143855],[-73.883954413324176,40.839206864209139],[-73.883564697285337,40.838986365810555],[-73.883518203176322,40.839022366828175],[-73.883467596839296,40.839056795313354],[-73.882943545221593,40.838759974655574],[-73.882740998552777,40.838643865313685],[-73.882710047266897,40.838626122711439],[-73.88274769769491,40.838592342267873],[-73.88279558599605,40.838549946743875],[-73.882853650092116,40.838495335974329],[-73.88246404708562,40.838247241404808],[-73.882372424190834,40.838165083887169],[-73.882291509322897,40.838075270658358],[-73.882229999289876,40.837989066722258],[-73.882219578523177,40.837974637630595],[-73.882138729832192,40.837828542846168],[-73.882078504968987,40.83767769180821],[-73.882039374036481,40.837524593365764],[-73.882008446348976,40.837443822721553],[-73.882035534425228,40.837370990406669],[-73.882069650219833,40.837280460166859],[-73.882096921658643,40.837188601152292],[-73.882117260087739,40.837095711458531],[-73.882130599645052,40.837002092777688],[-73.882139321752945,40.836888939415012],[-73.882138229832634,40.836775006122735],[-73.882128942792377,40.836661288349035],[-73.882111488720312,40.836548125866294],[-73.882085919509862,40.836435856766307],[-73.88206883331803,40.836339297378565],[-73.882058500424449,40.836242186471893],[-73.882054949768673,40.836144796304964],[-73.882058191275434,40.836047399918201],[-73.882068215827204,40.835950270368258],[-73.882084995196152,40.835853680003822],[-73.882108482402302,40.835757899574496],[-73.8821386115699,40.835663197603019],[-73.882175298203336,40.835569839587528],[-73.882218439424264,40.8354780872573],[-73.882226986617994,40.835452457607829],[-73.882069965032912,40.835392879070476],[-73.881994665067069,40.835365194092795],[-73.881898547507248,40.835336750477239],[-73.881828834543001,40.835313979733101],[-73.88144349186301,40.835188110281003],[-73.881326896837734,40.835150024901445],[-73.881236931461189,40.835117404155604],[-73.881137187203606,40.835084844626827],[-73.880318512331186,40.834796100568198],[-73.880051884150674,40.83470205920019]]]]}},
{"type":"Feature","properties":{"ntaabbrev":"Cncrs","Name":"Concourse-Concourse Village"},"geometry":{"type":"MultiPolygon","coordinates":[[[[-73.908691311411602,40.833938346774048],[-73.908825758437686,40.833698812233592],[-73.908898040283191,40.833570034681472],[-73.90910597694166,40.833199566947549],[-73.909177780350731,40.833071639687546],[-73.909236814210658,40.832966460972742],[-73.909283547588132,40.832883196253022],[-73.90937415233654,40.832721771809901],[-73.909422575644811,40.832635496276545],[-73.909460394443769,40.832568115809138],[-73.90951895669825,40.832463777039578],[-73.909621306108491,40.83228142277536],[-73.910490105932993,40.830737373534774],[-73.90971373688798,40.830470013872414],[-73.909378912225151,40.830361588655116],[-73.909144657300374,40.8302857303566],[-73.908959902216296,40.83022623404873],[-73.909481782930456,40.829592119981903],[-73.910307702545168,40.828772486247523],[-73.911694301723998,40.827758715809111],[-73.911793618845834,40.826428155601207],[-73.911309743851817,40.82484855889453],[-73.911924351539994,40.825049759349305],[-73.913166743488489,40.825456455311894],[-73.913511916097846,40.824804945422578],[-73.914751209986008,40.825200473433426],[-73.915098228778106,40.825501348993072],[-73.91527590035183,40.825655395726642],[-73.915411081472556,40.825773909122759],[-73.915450613647835,40.825747779878178],[-73.915922849006563,40.825440056489548],[-73.916130116301318,40.825305721822858],[-73.916187783872829,40.825268347214411],[-73.916247479971872,40.825229655467083],[-73.916303878744529,40.825193102757645],[-73.916366615928467,40.825152441395254],[-73.916424518296012,40.825114913218201],[-73.916613683762364,40.824992308507099],[-73.916569688669185,40.824979385862989],[-73.9163091742749,40.824902866512588],[-73.916152815131767,40.824856941414978],[-73.916087827255822,40.824837851830573],[-73.916774004535398,40.824387087372905],[-73.916891957065886,40.824311926579853],[-73.917126936243065,40.824162631557975],[-73.917190073078686,40.824122517330601],[-73.9172501014246,40.82408437812667],[-73.917317823258784,40.824041350521696],[-73.917404589834319,40.82398622250512],[-73.917467726336625,40.823946106951894],[-73.917565993767866,40.823883672934755],[-73.917821515053205,40.823718371329079],[-73.917882719670217,40.823678776846116],[-73.91833825808979,40.823383387172704],[-73.918755705422896,40.823115219026825],[-73.918888367897196,40.823029774352698],[-73.918945971407325,40.822992673885679],[-73.919380416593341,40.822712352477353],[-73.919443034690261,40.822671667901119],[-73.919804245326446,40.822436974559743],[-73.919934716460787,40.822352202943094],[-73.920401636483049,40.822061217182437],[-73.920486032109551,40.821979536613497],[-73.920543469186143,40.82193385798378],[-73.920665391322942,40.821836893589833],[-73.921144089505276,40.82156300206163],[-73.921947639910883,40.821031544958537],[-73.922652611073943,40.820494315280342],[-73.92402557153757,40.819285330110368],[-73.924547260132641,40.818712623510081],[-73.925184863752932,40.81801266937714],[-73.92527548589743,40.818035512634772],[-73.925385384311681,40.818065415043407],[-73.925820706039005,40.818180337400314],[-73.92632280599247,40.818311354663514],[-73.926358590453304,40.818320692550451],[-73.927246626748385,40.818542985723496],[-73.927316530002969,40.818559634826904],[-73.927755760063476,40.817572380958005],[-73.927982285944879,40.817063206362796],[-73.928053159313038,40.816903900360465],[-73.928216988233373,40.81653564671182],[-73.928303458943176,40.816311740091074],[-73.928856419863266,40.814879867480698],[-73.928965673804427,40.814828255547553],[-73.929192044217572,40.814496011780967],[-73.929212978882575,40.814381957871404],[-73.930121135113779,40.813415156112995],[-73.930278125969664,40.813248025655298],[-73.930396050372067,40.813303747886778],[-73.930569649735006,40.813373298345219],[-73.931044788232924,40.813588443079723],[-73.931158521517645,40.813635489108826],[-73.931236003601569,40.813666728579769],[-73.931307227933019,40.813698739908801],[-73.931288905218054,40.81377808987876],[-73.931360836776946,40.813805232998],[-73.932144444015279,40.814126083280854],[-73.932307867017443,40.814149825093608],[-73.932365842382495,40.814150206060354],[-73.932423075950027,40.814151715175797],[-73.932417672103213,40.814208706693194],[-73.932375688185274,40.814651574802724],[-73.932342455305374,40.814685683730822],[-73.932332417135754,40.814964274079202],[-73.93236564094515,40.815032964036831],[-73.932362091334141,40.815342118830152],[-73.932340627790367,40.817211820304436],[-73.932335822019965,40.817630405384371],[-73.932387448884754,40.819424387147556],[-73.932388474896754,40.819460027886969],[-73.93238971258873,40.819502847336601],[-73.932381816140818,40.819553197345542],[-73.932374983718915,40.819590697184154],[-73.932428746711139,40.820447140797611],[-73.932459238141874,40.821120612140867],[-73.932399825584895,40.821145567430001],[-73.932424702475885,40.821574123096603],[-73.93246603452728,40.821577434975595],[-73.932511808229791,40.822138816420193],[-73.932464756551227,40.822154601322389],[-73.932498732383607,40.8225834646111],[-73.932548835121452,40.822599216752678],[-73.932578626546388,40.823040711547876],[-73.932539500297992,40.823072520954646],[-73.932573604505691,40.823482707622205],[-73.932611389363004,40.823487619575126],[-73.932668674959586,40.824078351384919],[-73.932622646797427,40.824092568918061],[-73.932660036009324,40.824545226977001],[-73.932705055611265,40.824559724502784],[-73.932728418072983,40.824912542956532],[-73.932730540232896,40.824984348253096],[-73.932738439089263,40.825125511436347],[-73.932746937536237,40.825216783075739],[-73.932757615742986,40.825322270412322],[-73.9327659449294,40.825458227184654],[-73.932774332725828,40.825612169384534],[-73.932959402412536,40.826923447769033],[-73.932982750696212,40.827224406746303],[-73.933007605000398,40.827535714209375],[-73.933058816176256,40.828086243811555],[-73.933072510019429,40.828156152538625],[-73.933037217876674,40.828159846730962],[-73.932941908531376,40.828167706025837],[-73.932507900407316,40.828200393775319],[-73.932088735073677,40.82823274504112],[-73.931466310697701,40.828281759750418],[-73.9313897736032,40.828285286189406],[-73.931261990248814,40.828291174957855],[-73.931199780987811,40.828298386629456],[-73.931141318196296,40.828303809336653],[-73.930959392142981,40.828337089461328],[-73.930930754475099,40.828254133635319],[-73.930857035890526,40.828040595043703],[-73.930685614956005,40.82706059972692],[-73.930603099838933,40.827021280261107],[-73.930239826679625,40.826870623883117],[-73.929856053537108,40.826713731370944],[-73.929760692102775,40.826582419483444],[-73.929432965874582,40.826478802210211],[-73.927152912856641,40.825723914841376],[-73.926630268277435,40.826607690616136],[-73.926023906400232,40.827646924818517],[-73.925927853875478,40.827811555307804],[-73.925838800156015,40.827970949053835],[-73.924971853152542,40.829522715129528],[-73.924510256009,40.830274164311845],[-73.924261119512522,40.830680908711379],[-73.92348771615552,40.831973212233017],[-73.922217361395184,40.834162941071305],[-73.923104063764413,40.83446536460189],[-73.923119465968426,40.834469767488244],[-73.923133721483751,40.834476012789146],[-73.923146451373611,40.834483934493463],[-73.923157317253754,40.834493322028266],[-73.923166030289664,40.834503925856168],[-73.923172358749099,40.834515464010643],[-73.923176134551142,40.834527629868134],[-73.923177257326003,40.834540100037856],[-73.923175697227563,40.834552543039948],[-73.923171495723949,40.83456462811624],[-73.922521037059937,40.835722797076926],[-73.922372230377064,40.836108742813757],[-73.921882893844,40.836425702198468],[-73.920715979770932,40.837198464439354],[-73.92036502955952,40.837425706517365],[-73.92001799342097,40.837656129167613],[-73.920479810184759,40.837139536483619],[-73.919480506145348,40.836795944719789],[-73.918411890416792,40.836439220019393],[-73.917432593937264,40.836105736686562],[-73.916674121581352,40.835847775621723],[-73.916474333382411,40.83577903089617],[-73.915870674440228,40.836393594242686],[-73.915677022690986,40.836318522225049],[-73.914817557027717,40.835990389430471],[-73.913793519155973,40.835600309808434],[-73.912899157356321,40.835297350605629],[-73.912057100570863,40.835012596502359],[-73.911200273720894,40.834721720119816],[-73.910342923790097,40.834430430699399],[-73.909572999035177,40.834187902353911],[-73.909499514743786,40.834167104574462],[-73.909485384239659,40.834192107162266],[-73.909439524754632,40.834179265963037],[-73.909459184607854,40.834139670853929],[-73.909421416371359,40.834127294344732],[-73.909401527195584,40.834169581880495],[-73.909363289639245,40.834157980117133],[-73.909372988073102,40.834138873586291],[-73.90910110994929,40.834044443462084],[-73.908691311411602,40.833938346774048]]]]}},
{"type":"Feature","properties":{"ntaabbrev":"Hghbrdg","Name":"Highbridge"},"geometry":{"type":"MultiPolygon","coordinates":[[[[-73.922858333837624,40.844266063295493],[-73.922726992689036,40.844227957896123],[-73.922791295692107,40.844036097051138],[-73.922803713799766,40.843981697523141],[-73.922836156212725,40.843839539532347],[-73.922860814890825,40.843640007500028],[-73.922864852653674,40.843439317146107],[-73.922848246589837,40.843239315070996],[-73.922811314434796,40.843041802525661],[-73.92275477698675,40.842848538302427],[-73.922818743295494,40.842751156027717],[-73.922435647360928,40.841817240869119],[-73.921945147254903,40.841044872051704],[-73.921499117384457,40.840347254463005],[-73.921462274288359,40.840289633864842],[-73.92140666600605,40.840198142235089],[-73.921363702800633,40.840102218812902],[-73.92133418859531,40.840003405044385],[-73.921318488444598,40.839903341414328],[-73.921314753841855,40.839813370039487],[-73.921314754000974,40.83981323551798],[-73.921314766513362,40.839813100502283],[-73.921337201127372,40.839620958121778],[-73.921381558963304,40.839430165673392],[-73.921447479817331,40.839242989483978],[-73.921534082925817,40.839061516599905],[-73.921640073521502,40.838887650338997],[-73.921902598141202,40.838473304059285],[-73.922015030252552,40.838327004162807],[-73.922110182167344,40.838173057250543],[-73.9221868336207,40.838013263087802],[-73.922244174261763,40.83784956494393],[-73.922330264083186,40.83661174059548],[-73.922359351901932,40.836263169745507],[-73.922361817809517,40.83623356256011],[-73.922372230377064,40.836108742813757],[-73.922663040107579,40.83591750659496],[-73.923381539816589,40.835445009825172],[-73.924031569855131,40.835060873724601],[-73.92416836487962,40.83483962190455],[-73.924393550782241,40.834484028117735],[-73.925029403189626,40.833272480154449],[-73.925375399973944,40.832628096174261],[-73.926424996869315,40.831420922032834],[-73.92648226011984,40.831362984009843],[-73.926805869724248,40.831035567769625],[-73.927263166507146,40.830564867912287],[-73.927428934911021,40.830342315611212],[-73.927550026285402,40.830199591384641],[-73.927612062176408,40.830126482630511],[-73.927811705653369,40.829918620435727],[-73.927811801258741,40.829918521656367],[-73.927811895089519,40.829918432257287],[-73.928027247725765,40.82971953937308],[-73.928257301030769,40.829530515359885],[-73.928500738346727,40.82935235021931],[-73.928521171021458,40.829339031820915],[-73.928610344164426,40.829280909960396],[-73.928756205114766,40.829185836089806],[-73.928894369693893,40.829104129396946],[-73.929171966563729,40.828939959751501],[-73.929449833023355,40.828810404435018],[-73.929737930008557,40.828692723428524],[-73.930034914007507,40.828587590292877],[-73.930339329851222,40.82849555557042],[-73.930649679977947,40.828417030746586],[-73.930959392142981,40.828337089461328],[-73.931141318196296,40.828303809336653],[-73.931199780987811,40.828298386629456],[-73.931261990248814,40.828291174957855],[-73.9313897736032,40.828285286189406],[-73.931466310697701,40.828281759750418],[-73.932088735073677,40.82823274504112],[-73.932507900407316,40.828200393775319],[-73.932941908531376,40.828167706025837],[-73.933037217876674,40.828159846730962],[-73.933072510019429,40.828156152538625],[-73.933085402821149,40.828225674320258],[-73.933325626854739,40.830028684770099],[-73.933419366550993,40.830774350968689],[-73.933475568179347,40.831221411077337],[-73.933546066807764,40.831509454003807],[-73.933605919705371,40.832789530520579],[-73.933570446699562,40.832892192580417],[-73.933563956757908,40.832942736021046],[-73.933563907912173,40.832991653330701],[-73.933538078585229,40.833058493081239],[-73.933513579382733,40.833148754784219],[-73.933486709719588,40.833271475692442],[-73.933469182317836,40.833395167644575],[-73.933461055318219,40.83351942070373],[-73.933462355707945,40.833643823071114],[-73.933199312493912,40.834770396878803],[-73.93317633574928,40.834943574329422],[-73.933143066429849,40.83519412862141],[-73.932996389353704,40.835678789858619],[-73.932656202877411,40.836473477195824],[-73.932355641524509,40.836993336130803],[-73.931866600845495,40.837640056250002],[-73.931503953679865,40.838320690012452],[-73.930958197667735,40.839254147415744],[-73.930864143515478,40.839353369537932],[-73.930814684402392,40.839428345146274],[-73.930769449232628,40.839570177660597],[-73.930750078274897,40.839615822632858],[-73.930715703227094,40.839638630959648],[-73.930659801245852,40.839715232299298],[-73.930590946684518,40.839858681546914],[-73.930554417271225,40.839888011067067],[-73.930515723198511,40.839933643189177],[-73.930507054733965,40.840010274403689],[-73.930431839061569,40.840231706057452],[-73.930483243885632,40.84046006173913],[-73.930399076218151,40.840610259030747],[-73.930366860268052,40.840620023477008],[-73.929857146120071,40.841567449459994],[-73.929589394418471,40.842083549582036],[-73.929578708182817,40.84227667010483],[-73.929380124999781,40.842467145624006],[-73.929194079409399,40.842818416409457],[-73.929184586068331,40.843203758317522],[-73.928615746678503,40.844676865699334],[-73.928274546405348,40.844975761826852],[-73.928119252829788,40.845317204488367],[-73.928082092192071,40.845391597335357],[-73.928047483356536,40.845464595954304],[-73.927993112913015,40.845449150522782],[-73.927899137278175,40.845422451207838],[-73.927739991435701,40.845377227456808],[-73.92736730615519,40.845279659477839],[-73.927039843093837,40.845197030351585],[-73.926926650896178,40.845170826353225],[-73.926745952573455,40.845123157474852],[-73.926676027403843,40.845111001757921],[-73.926655045251678,40.845105350242648],[-73.926586288318859,40.845087287492724],[-73.926456239625111,40.845057599704944],[-73.926176781553409,40.845000060090982],[-73.925928585530571,40.844948957541511],[-73.925642055434309,40.844900946697599],[-73.925251274782099,40.844850914976867],[-73.925144038895311,40.844843983667651],[-73.925113330555234,40.844841218525438],[-73.924745776274989,40.844804427500634],[-73.924313572463049,40.844795125583673],[-73.924003949168281,40.844788462633339],[-73.923925879367204,40.844786781334641],[-73.923877434172468,40.844740507651217],[-73.923822333495607,40.844696221743234],[-73.92368492388934,40.844582668980664],[-73.92358038040301,40.844516541835432],[-73.923519369532229,40.844482279594892],[-73.923455549124753,40.844451108435884],[-73.923389190316072,40.844423160784558],[-73.923301837420382,40.844392309556461],[-73.923211733051289,40.844366421126892],[-73.922953068977506,40.844294763276856],[-73.922858333837624,40.844266063295493]]]]}},
{"type":"Feature","properties":{"ntaabbrev":"MtEdn","Name":"Mount Eden-Claremont (West)"},"geometry":{"type":"MultiPolygon","coordinates":[[[[-73.904834940663122,40.844752618499818],[-73.904842191162956,40.844665448164669],[-73.904846450795617,40.844589359566285],[-73.904882635059494,40.844105945808401],[-73.904894205547535,40.843951383225672],[-73.904911331704227,40.843722586911674],[-73.904937357265695,40.843374894935373],[-73.905015148916533,40.842404698989299],[-73.905148939088448,40.842547196240517],[-73.905867218628657,40.842579987245529],[-73.905960617571949,40.842628704621958],[-73.906845464899106,40.842667511494462],[-73.907744136726308,40.842702156152718],[-73.907877546143141,40.842704672104873],[-73.908657156722583,40.842719370807764],[-73.908639512264486,40.842882496984515],[-73.908624945709704,40.843017164984509],[-73.90953427964574,40.843062816977721],[-73.909558455766074,40.842923014929397],[-73.909587272034173,40.842756375520707],[-73.909624554230021,40.842109625513494],[-73.909394296805516,40.84125366105858],[-73.909116702787372,40.840171084942],[-73.90906257288124,40.839947476711224],[-73.908985508971682,40.83969092823294],[-73.908928702529451,40.839430379639175],[-73.908892651043132,40.839167217947356],[-73.90887759867266,40.838902893121173],[-73.908883569260553,40.838638818921545],[-73.908910356707651,40.838376481287],[-73.908954642511461,40.838159641354167],[-73.909018263456574,40.837944823921376],[-73.909100920874423,40.83773351666882],[-73.909202042433989,40.837527166679457],[-73.909270613361386,40.837411714254578],[-73.90932083470922,40.837327134413307],[-73.909378606397368,40.837261353312961],[-73.909452669833342,40.837203825810178],[-73.909539557586584,40.837157787726426],[-73.909634489434779,40.837125318782576],[-73.909162557954986,40.836964597025414],[-73.908136637254557,40.837149937868396],[-73.908080444835576,40.837166386800845],[-73.908026659603692,40.837186960449358],[-73.907975804918649,40.837211458621958],[-73.907928376109169,40.837239642756778],[-73.907884834182568,40.837271238752471],[-73.907845602830903,40.837305939163024],[-73.907629810891649,40.837574820648392],[-73.907559001799058,40.837653425750801],[-73.907481907372031,40.837728542645031],[-73.907398824388636,40.837799881319135],[-73.907310073324297,40.83786716739953],[-73.907197854077182,40.837936243358861],[-73.907090974537269,40.838010042597297],[-73.90698977889042,40.838088327470487],[-73.906894593022855,40.838170845888889],[-73.906805723243892,40.83825733188889],[-73.906723455964894,40.838347507219773],[-73.906648056129583,40.838441081499496],[-73.90657976657036,40.838537753399557],[-73.906485354680228,40.8386610567131],[-73.905806717271304,40.839504144082341],[-73.90578198559669,40.839579225659371],[-73.905748205152051,40.839652422061526],[-73.905705810456823,40.839722800695952],[-73.905672425403921,40.839743755669218],[-73.905635425392575,40.839760854093186],[-73.905595576785146,40.839773741815812],[-73.905553704947351,40.839782151899236],[-73.905510677216583,40.839785910036277],[-73.905467384766155,40.8397849385047],[-73.905424724294761,40.839779257427438],[-73.905383579410767,40.839768984474283],[-73.905979403755524,40.838505195802213],[-73.906254752721765,40.838065280253829],[-73.906356746308489,40.837902326682688],[-73.906461694918463,40.837734650737403],[-73.90652353927905,40.837635843015299],[-73.906681463558584,40.837383525950443],[-73.90679854767302,40.83719551674006],[-73.906902038988861,40.837031107589659],[-73.906975503999234,40.836913729418946],[-73.907139543727325,40.836651634573961],[-73.907212940914704,40.836534364913518],[-73.907271124876758,40.836441399407335],[-73.907333069627384,40.836342427138639],[-73.907402004425933,40.836232283418013],[-73.90757269317595,40.835928604276006],[-73.907626659291722,40.835832590286316],[-73.907718215948194,40.835669696282679],[-73.90783293050977,40.835465599598791],[-73.907971351570779,40.83521932376717],[-73.908108700553456,40.834974949643055],[-73.90823980109387,40.834741693631813],[-73.908376558407085,40.834498371587983],[-73.908521516189836,40.834240456161879],[-73.908575479125886,40.834144441700438],[-73.908691311411602,40.833938346774048],[-73.909101109949333,40.834044443462041],[-73.909372988073102,40.834138873586291],[-73.909363289639359,40.834157980117133],[-73.909401527195683,40.834169581880452],[-73.909421416371416,40.834127294344697],[-73.909459184607968,40.834139670853865],[-73.909439524754745,40.834179265963037],[-73.909485384239758,40.834192107162266],[-73.909499514743942,40.834167104574426],[-73.909572999035291,40.834187902353882],[-73.910342923790097,40.834430430699399],[-73.911200273720993,40.834721720119816],[-73.912057100570976,40.835012596502359],[-73.912899157356264,40.835297350605565],[-73.913793519156073,40.835600309808399],[-73.91481755702776,40.835990389430435],[-73.915677022690986,40.836318522225049],[-73.915870674440228,40.836393594242637],[-73.916474333382453,40.83577903089612],[-73.916674121581465,40.835847775621723],[-73.91743259393732,40.836105736686562],[-73.918411890416792,40.836439220019393],[-73.919480506145391,40.836795944719789],[-73.920479810184759,40.837139536483619],[-73.920017993421141,40.837656129167613],[-73.920365029559633,40.83742570651733],[-73.920715979770989,40.837198464439311],[-73.921882893844042,40.836425702198468],[-73.922372230377007,40.836108742813721],[-73.92236181780963,40.836233562560054],[-73.922359351901889,40.836263169745472],[-73.922330264083286,40.836611740595437],[-73.92224417426182,40.837849564943902],[-73.922186833620628,40.838013263087774],[-73.922110182167401,40.838173057250543],[-73.922015030252609,40.838327004162807],[-73.921902598141301,40.838473304059285],[-73.921640073521445,40.838887650338954],[-73.921534082925817,40.839061516599905],[-73.921447479817445,40.839242989483978],[-73.921381558963304,40.839430165673356],[-73.921337201127471,40.839620958121778],[-73.921314766513362,40.839813100502283],[-73.921314754001017,40.839813235517937],[-73.921314753841912,40.839813370039451],[-73.921318488444655,40.839903341414328],[-73.921334188595353,40.840003405044328],[-73.921363702800633,40.840102218812859],[-73.921406666006092,40.840198142235046],[-73.921462274288359,40.840289633864778],[-73.921499117384457,40.840347254463005],[-73.921945147254903,40.841044872051668],[-73.922435647360928,40.841817240869119],[-73.922818743295494,40.842751156027717],[-73.922754776986864,40.842848538302391],[-73.922811314434938,40.843041802525626],[-73.922848246589794,40.84323931507096],[-73.922864852653731,40.843439317146107],[-73.922860814890825,40.843640007500028],[-73.922836156212725,40.843839539532297],[-73.922803713799766,40.843981697523112],[-73.922791295692178,40.844036097051138],[-73.922726992689036,40.844227957896123],[-73.922858333837667,40.844266063295493],[-73.922735784679631,40.844548495707649],[-73.922651852679081,40.844745159817471],[-73.922498203755467,40.84474999109527],[-73.922433984871844,40.84475431259137],[-73.921540387844885,40.844814439254016],[-73.920524388806186,40.844882795625793],[-73.920471807246031,40.844886333000275],[-73.919704165627451,40.844924829854634],[-73.919408722927699,40.844942266237297],[-73.919349905481553,40.844945502896664],[-73.91876603370936,40.844980415890554],[-73.918611211731374,40.844990437581565],[-73.918392122865455,40.845004618291789],[-73.917324947221204,40.845057483348576],[-73.916843094426596,40.845070778772033],[-73.916695978563396,40.845074331841118],[-73.915596835483072,40.84510087285512],[-73.91479910955546,40.845120127897069],[-73.914779478798451,40.845120601392118],[-73.914185022226263,40.845134946988409],[-73.913796485208536,40.845132928103737],[-73.913510023031236,40.845139898760515],[-73.913376307964171,40.845143391806268],[-73.913245753916939,40.845142113487547],[-73.912860283090652,40.845131950764994],[-73.912600757771017,40.845125107247682],[-73.911983182758632,40.845108821591928],[-73.911427315939704,40.845108971382643],[-73.911306086717957,40.845103440414114],[-73.911077272977479,40.84509613243317],[-73.910940621024025,40.845091047534993],[-73.910850642754227,40.845087699759219],[-73.910283582386612,40.845059553369701],[-73.909363124728131,40.8450138612233],[-73.909027489627988,40.844996661035509],[-73.908454700826454,40.844967305016588],[-73.907548949033895,40.844920876642291],[-73.90711424748612,40.844899973435218],[-73.906648717471214,40.844877586691261],[-73.906122835055953,40.844840599869094],[-73.905506715832544,40.844801906925298],[-73.90520079399073,40.844779462206425],[-73.904834940663122,40.844752618499818]]]]}},
{"type":"Feature","properties":{"ntaabbrev":"UnvrsHts_S","Name":"University Heights (South)-Morris Heights"},"geometry":{"type":"MultiPolygon","coordinates":[[[[-73.904868471272536,40.858693224708283],[-73.905263891503751,40.858047178349082],[-73.905359549784492,40.857890398249154],[-73.905412587143829,40.857803472015696],[-73.905659533608784,40.857398734662681],[-73.905233273956668,40.8572509019709],[-73.90512980725984,40.857215017201021],[-73.904683712785612,40.857060301723912],[-73.905086139224053,40.856410830704363],[-73.905221698959878,40.856203595304336],[-73.905570072411393,40.855787323398914],[-73.907332896560334,40.853816415066809],[-73.908417369683562,40.852643822909116],[-73.909215455448333,40.851800945568961],[-73.910581697969718,40.850181595822249],[-73.91069463578026,40.85001909904252],[-73.91112232176485,40.849418098906661],[-73.911679910983651,40.848639520325357],[-73.91197263753223,40.848229595433118],[-73.912363456344764,40.84768333908594],[-73.913056930174747,40.846708838575104],[-73.913150746653699,40.846577004663004],[-73.913464707270577,40.846147337114687],[-73.913608198124763,40.845941438502336],[-73.913751687207551,40.845735540206078],[-73.913975347573043,40.845429430758806],[-73.914127103534227,40.845228914480899],[-73.914160762454173,40.845177755692958],[-73.91418502222615,40.845134946988445],[-73.91477947879838,40.845120601392146],[-73.91479910955546,40.845120127897069],[-73.915596835483072,40.845100872855163],[-73.916695978563283,40.845074331841118],[-73.916843094426596,40.845070778772033],[-73.91732494722109,40.845057483348576],[-73.918392122865455,40.845004618291789],[-73.91861121173126,40.844990437581565],[-73.918766033709318,40.844980415890554],[-73.919349905481553,40.844945502896699],[-73.919408722927699,40.844942266237297],[-73.919704165627394,40.844924829854634],[-73.920471807246031,40.844886333000275],[-73.920524388806086,40.844882795625828],[-73.921540387844772,40.844814439254016],[-73.922433984871844,40.84475431259137],[-73.922498203755467,40.844749991095298],[-73.922651852679039,40.844745159817514],[-73.922735784679574,40.844548495707691],[-73.922858333837624,40.844266063295493],[-73.922953068977506,40.844294763276856],[-73.923211733051289,40.844366421126892],[-73.923301837420382,40.844392309556461],[-73.923389190316072,40.844423160784558],[-73.923455549124753,40.844451108435884],[-73.923519369532229,40.844482279594892],[-73.92358038040301,40.844516541835432],[-73.92368492388934,40.844582668980664],[-73.923822333495607,40.844696221743234],[-73.923877434172468,40.844740507651217],[-73.923925879367204,40.844786781334641],[-73.924003949168281,40.844788462633339],[-73.924313572463049,40.844795125583673],[-73.924745776274989,40.844804427500634],[-73.925113330555234,40.844841218525438],[-73.925144038895311,40.844843983667651],[-73.925251274782099,40.844850914976867],[-73.925642055434309,40.844900946697599],[-73.925928585530571,40.844948957541511],[-73.926176781553409,40.845000060090982],[-73.926456239625111,40.845057599704944],[-73.926586288318859,40.845087287492724],[-73.926655045251678,40.845105350242648],[-73.926676027403843,40.845111001757921],[-73.926745952573455,40.845123157474852],[-73.926926650896178,40.845170826353225],[-73.927039843093837,40.845197030351585],[-73.92736730615519,40.845279659477839],[-73.927739991435701,40.845377227456808],[-73.927899137278175,40.845422451207838],[-73.927993112913015,40.845449150522782],[-73.928047483356536,40.845464595954304],[-73.927868697225222,40.845597721702255],[-73.927670732803819,40.846033482483975],[-73.927634245724704,40.846018784865933],[-73.927592096634342,40.846052336515037],[-73.927548283585878,40.846087215063164],[-73.927460130355342,40.846194776328737],[-73.927421413816091,40.84625508392898],[-73.92739125796588,40.846341484350951],[-73.927367569285579,40.846405060896728],[-73.92736148996147,40.84641890356486],[-73.92734184387551,40.846463641437772],[-73.927301944323744,40.846506868045964],[-73.92727797997307,40.846548036608333],[-73.92722479479491,40.84658965730786],[-73.927155197579694,40.846650830858216],[-73.927019612496835,40.846817657797189],[-73.926935458882838,40.84692414475689],[-73.926879346964427,40.847039507074157],[-73.926881676051948,40.847103402549713],[-73.926859121775948,40.847192936476652],[-73.926851275362338,40.847224091725693],[-73.926830231285479,40.847289760188161],[-73.926774004822192,40.847325562662199],[-73.926757769708104,40.847335902129544],[-73.926699334012142,40.847351871555254],[-73.926626873519197,40.847392686499944],[-73.926566086663442,40.847509823191345],[-73.926516996514366,40.847564840847603],[-73.926458551956074,40.847648254800852],[-73.926414131824657,40.847731669964389],[-73.92630425797887,40.847870101440769],[-73.926194391841591,40.847960612531558],[-73.926110240615515,40.848020950569683],[-73.92603310083858,40.84807241529829],[-73.925979328686537,40.848162928630956],[-73.925939577633727,40.848271193359572],[-73.925864770119773,40.848361705190655],[-73.925771269670307,40.848422043502488],[-73.925219554635262,40.849082247742516],[-73.924653798640875,40.849785044015398],[-73.924452731835089,40.85009207742236],[-73.924224050024677,40.850568876550874],[-73.924088657308644,40.850737350174072],[-73.923847788796365,40.851182608715725],[-73.923947893689743,40.85122178578851],[-73.923517692392053,40.851835820473788],[-73.923318101868148,40.852129787961211],[-73.922561789464766,40.853188912030106],[-73.921740353147442,40.854221237840093],[-73.921542618038558,40.854116883884494],[-73.92134207683857,40.854317435657876],[-73.921489911540121,40.854490217786214],[-73.92151543705522,40.854510063891567],[-73.920800702893246,40.855380814394728],[-73.920372354514271,40.855172965136866],[-73.920300272134853,40.855246370839069],[-73.920566559543516,40.855513898313831],[-73.920550149896158,40.855618179681677],[-73.920526531328434,40.855686668401994],[-73.920441414177262,40.855746136310152],[-73.920350247883746,40.855785363828907],[-73.92029392909501,40.855845114014834],[-73.920306206099539,40.855927119811263],[-73.920020020546545,40.856270720530155],[-73.919566208122959,40.856840183687432],[-73.919023689707686,40.857396538412814],[-73.918906552653283,40.857265418574194],[-73.918041471570817,40.857046096887295],[-73.91788477339891,40.857006368379025],[-73.91752824331094,40.856895855081575],[-73.917406567232263,40.857051409595407],[-73.91741842481278,40.856862926209537],[-73.917374093801925,40.856745966877426],[-73.917452172270231,40.856380305441242],[-73.91745233991233,40.856293587777536],[-73.917433365175995,40.856206235573104],[-73.917395234085859,40.856121923432788],[-73.917339529410555,40.856044143658224],[-73.917269236988417,40.855975800707256],[-73.917188210278042,40.855918821827935],[-73.917208010510009,40.856838300416122],[-73.917147453824313,40.857003065060518],[-73.917081158981844,40.857166551402671],[-73.917009172646161,40.857328644264832],[-73.916931545490996,40.857489229450088],[-73.916848332407312,40.857648193752929],[-73.916759591742348,40.857805425253915],[-73.916665385977566,40.857960813178458],[-73.916565781446025,40.858114248050484],[-73.916159415041164,40.858784566887344],[-73.915081817194562,40.859191798940572],[-73.915425445274366,40.858728641466442],[-73.913284369851439,40.859618601832842],[-73.911777959143507,40.859089735073276],[-73.910884883105908,40.858776182936211],[-73.910721042564077,40.858706232736388],[-73.910567992728573,40.858620594238836],[-73.910429526401018,40.858520856876034],[-73.910308807628681,40.858409326604502],[-73.910208180061403,40.858288788870333],[-73.909870220706665,40.857669714218957],[-73.909667477647105,40.857484948652832],[-73.907774842025489,40.859609520124103],[-73.907257861220771,40.859353437919523],[-73.907070038830682,40.859361849239114],[-73.906797348759397,40.859373588930907],[-73.906145485035523,40.859142741638252],[-73.905871005765619,40.859045536797005],[-73.905722623958795,40.858992989067104],[-73.904868471272536,40.858693224708283]]]]}},
{"type":"Feature","properties":{"ntaabbrev":"MtHp","Name":"Mount Hope"},"geometry":{"type":"MultiPolygon","coordinates":[[[[-73.89644052433917,40.854907759154607],[-73.895608831916604,40.854570370599227],[-73.896624466131584,40.852787590212074],[-73.897087063307794,40.851968277358367],[-73.898085985604936,40.850213123578364],[-73.898131667475297,40.850131937619047],[-73.898891253091776,40.84881545597402],[-73.899670559879269,40.847438024023624],[-73.900200677028621,40.846473560592862],[-73.900888114454915,40.845240000363489],[-73.901075055017458,40.844904979258921],[-73.901266355174613,40.844562217614367],[-73.901317297986694,40.844473941534865],[-73.901581885479729,40.844504334588031],[-73.902663521498056,40.844628573787872],[-73.903368736510131,40.844699079384306],[-73.903463393628584,40.844708542816889],[-73.904090259811539,40.844771210329249],[-73.904832499483135,40.844842071458423],[-73.904831219701393,40.844800342093109],[-73.904834940663122,40.844752618499818],[-73.90520079399073,40.844779462206425],[-73.905506715832544,40.844801906925298],[-73.906122835055953,40.844840599869094],[-73.906648717471214,40.844877586691261],[-73.90711424748612,40.844899973435218],[-73.907548949033895,40.844920876642291],[-73.908454700826454,40.844967305016588],[-73.909027489627988,40.844996661035509],[-73.909363124728131,40.8450138612233],[-73.910283582386612,40.845059553369701],[-73.910850642754227,40.845087699759219],[-73.910940621024025,40.845091047534993],[-73.911077272977479,40.84509613243317],[-73.911306086717957,40.845103440414114],[-73.911427315939704,40.845108971382643],[-73.911983182758632,40.845108821591928],[-73.912600757771017,40.845125107247682],[-73.912860283090652,40.845131950764994],[-73.913245753916939,40.845142113487547],[-73.913376307964171,40.845143391806268],[-73.913510023031236,40.845139898760515],[-73.913796485208536,40.845132928103737],[-73.914185022226263,40.845134946988409],[-73.914160762454244,40.845177755692958],[-73.914127103534284,40.845228914480856],[-73.913975347573086,40.845429430758806],[-73.913751687207679,40.845735540206078],[-73.913608198124862,40.845941438502336],[-73.91346470727072,40.846147337114644],[-73.913150746653699,40.846577004663004],[-73.913056930174747,40.846708838575104],[-73.912363456344863,40.847683339085904],[-73.91197263753233,40.848229595433118],[-73.911679910983707,40.848639520325307],[-73.911122321764807,40.849418098906661],[-73.91069463578026,40.85001909904252],[-73.910581697969832,40.850181595822249],[-73.909215455448333,40.851800945568961],[-73.908417369683633,40.852643822909116],[-73.907332896560433,40.853816415066781],[-73.905570072411336,40.855787323398872],[-73.904726221481283,40.855370394830963],[-73.903964045579031,40.854960102190105],[-73.902988644623051,40.854773110149274],[-73.9020800105516,40.854622599699546],[-73.901859959867764,40.85458615026468],[-73.901537033043937,40.85499464378875],[-73.901301264961219,40.85530349100484],[-73.9011659080535,40.855495675062691],[-73.900855917556129,40.855935812651317],[-73.900854770687857,40.855937440328034],[-73.900779226813455,40.856047109728614],[-73.900603859831151,40.855987237864746],[-73.899671556677518,40.855668908898814],[-73.898775984783455,40.855363247095461],[-73.898165773883662,40.855146376392128],[-73.898635436558862,40.853906975435514],[-73.898311185383534,40.854061151050828],[-73.897099267069109,40.855172291947014],[-73.89644052433917,40.854907759154607]]]]}},
{"type":"Feature","properties":{"ntaabbrev":"FrdhmHts","Name":"Fordham Heights"},"geometry":{"type":"MultiPolygon","coordinates":[[[[-73.891771886667271,40.861871717251596],[-73.891380232257205,40.86170058876435],[-73.891418023578169,40.861662984043285],[-73.892563924782593,40.860522728915257],[-73.893215206916153,40.85987420615524],[-73.893810260062295,40.858986565634147],[-73.893948929467058,40.858779697026478],[-73.89526290304758,40.856743364757655],[-73.895397887675415,40.856531841546186],[-73.895534450022566,40.856317844440326],[-73.895580764212156,40.856245266992573],[-73.895755850055551,40.855978810351772],[-73.896007159573429,40.855596344366674],[-73.896055249329905,40.855519935552735],[-73.89644052433917,40.854907759154607],[-73.897099267069109,40.855172291947014],[-73.898311185383534,40.854061151050828],[-73.898635436558862,40.853906975435514],[-73.898165773883662,40.855146376392128],[-73.898775984783455,40.855363247095461],[-73.899671556677518,40.855668908898814],[-73.900603859831151,40.855987237864746],[-73.900779226813455,40.856047109728614],[-73.900854770687857,40.855937440328034],[-73.900855917556129,40.855935812651317],[-73.9011659080535,40.855495675062691],[-73.901301264961219,40.85530349100484],[-73.901537033043937,40.85499464378875],[-73.901859959867764,40.85458615026468],[-73.9020800105516,40.854622599699546],[-73.902988644623051,40.854773110149274],[-73.903964045579031,40.854960102190105],[-73.904726221481283,40.855370394830963],[-73.905570072411336,40.855787323398872],[-73.905221698959807,40.856203595304287],[-73.905086139223997,40.856410830704363],[-73.904683712785712,40.857060301723912],[-73.905129807259954,40.857215017200986],[-73.905233273956668,40.857250901970872],[-73.905659533608841,40.857398734662645],[-73.905412587143942,40.857803472015696],[-73.905359549784592,40.857890398249154],[-73.905263891503751,40.858047178349082],[-73.904868471272636,40.858693224708283],[-73.904474640158085,40.859341594675932],[-73.904081326473914,40.859987847507774],[-73.903513904978709,40.860917510652982],[-73.902544792602029,40.860578255335319],[-73.902338871331935,40.860954971468644],[-73.902117202842362,40.861326948525729],[-73.901880072832483,40.861693624619541],[-73.901627850214695,40.862054435082221],[-73.901360902749175,40.86240886466166],[-73.901079668853299,40.862756383422003],[-73.900283680160328,40.862471838092617],[-73.899961775646844,40.862350281030579],[-73.899642616198051,40.862210436947258],[-73.899436707742097,40.862116912065133],[-73.898410383183702,40.862296966678983],[-73.897980992154842,40.8624025403712],[-73.897372746369953,40.86243236504405],[-73.897282425680942,40.862437375534213],[-73.897143796773349,40.862445065654057],[-73.896983721114964,40.862443395702698],[-73.896938995968725,40.862442929750429],[-73.895883874011631,40.862258343369518],[-73.894824631882216,40.862065074749275],[-73.893724906736665,40.861944192800188],[-73.893559142751613,40.86192596776128],[-73.892851690229023,40.86183219349472],[-73.892066791464259,40.861860925742334],[-73.891982977487061,40.861863990545778],[-73.891771886667271,40.861871717251596]]]]}},
{"type":"Feature","properties":{"ntaabbrev":"WstFrms","Name":"West Farms"},"geometry":{"type":"MultiPolygon","coordinates":[[[[-73.872834537739109,40.839754863891976],[-73.872934138139144,40.839342510496166],[-73.87302790005586,40.838954329122295],[-73.873193179074647,40.838310477360864],[-73.873206340911835,40.838254147827591],[-73.873229282287213,40.838155902987282],[-73.873301507307573,40.837926025384668],[-73.873384323641375,40.837662439460019],[-73.87340550759285,40.83760202140293],[-73.873586068131573,40.83708672284957],[-73.873659010139377,40.836904767349296],[-73.873703247138948,40.836817459237423],[-73.873779944468183,40.836568988003485],[-73.873790327833547,40.836529266357516],[-73.87382447955919,40.836398618580063],[-73.873836964237157,40.836361118083147],[-73.873843147399512,40.836326869704202],[-73.873920197753705,40.836028880821161],[-73.873925052393545,40.836007527317896],[-73.873928180060915,40.835990312617852],[-73.874024435810711,40.835992939700887],[-73.875230490371834,40.836090284867296],[-73.875899845251212,40.836150706225858],[-73.875942001545496,40.83615408580858],[-73.876241972437754,40.836179227428644],[-73.87648655700896,40.83618892925864],[-73.876733233395498,40.836205618054109],[-73.876989213891804,40.836102496373705],[-73.877283334432477,40.835968043159859],[-73.877350089072436,40.835932692555296],[-73.877478431978801,40.83586472877986],[-73.877599426686103,40.835796648996556],[-73.877717762357847,40.835725924607111],[-73.87783333945768,40.835652615525383],[-73.877946059523453,40.83557678375449],[-73.878013017320185,40.835530072673038],[-73.878085019704457,40.835479842514566],[-73.878383702733373,40.835259032168835],[-73.878664813356238,40.835025658693127],[-73.878927054172166,40.834780964215831],[-73.879061810976367,40.83463927136895],[-73.879169288282398,40.834526261229215],[-73.879252393434228,40.834424789993932],[-73.87940077058947,40.834472365103174],[-73.879740402175415,40.834592177960445],[-73.880051884150674,40.83470205920019],[-73.880318512331186,40.834796100568198],[-73.881137187203606,40.835084844626827],[-73.881236931461189,40.835117404155604],[-73.881326896837734,40.835150024901445],[-73.88144349186301,40.835188110281003],[-73.881828834543001,40.835313979733101],[-73.881898547507248,40.835336750477239],[-73.881994665067069,40.835365194092795],[-73.882069965032912,40.835392879070476],[-73.882226986617994,40.835452457607829],[-73.882218439424264,40.8354780872573],[-73.882175298203336,40.835569839587528],[-73.8821386115699,40.835663197603019],[-73.882108482402302,40.835757899574496],[-73.882084995196152,40.835853680003822],[-73.882068215827204,40.835950270368258],[-73.882058191275434,40.836047399918201],[-73.882054949768673,40.836144796304964],[-73.882058500424449,40.836242186471893],[-73.88206883331803,40.836339297378565],[-73.882085919509862,40.836435856766307],[-73.882111488720312,40.836548125866294],[-73.882128942792377,40.836661288349035],[-73.882138229832634,40.836775006122735],[-73.882139321752945,40.836888939415012],[-73.882130599645052,40.837002092777688],[-73.882117260087739,40.837095711458531],[-73.882096921658643,40.837188601152292],[-73.882069650219833,40.837280460166859],[-73.882035534425228,40.837370990406669],[-73.882008446348976,40.837443822721553],[-73.882039374036481,40.837524593365764],[-73.882078504968987,40.83767769180821],[-73.882138729832192,40.837828542846168],[-73.882219578523177,40.837974637630595],[-73.882229999289876,40.837989066722258],[-73.882291509322897,40.838075270658358],[-73.882372424190834,40.838165083887169],[-73.88246404708562,40.838247241404808],[-73.882853650092116,40.838495335974329],[-73.88279558599605,40.838549946743875],[-73.88274769769491,40.838592342267873],[-73.882710047266897,40.838626122711439],[-73.882740998552777,40.838643865313685],[-73.882943545221593,40.838759974655574],[-73.883467596839296,40.839056795313354],[-73.883518203176322,40.839022366828175],[-73.883564697285337,40.838986365810555],[-73.883954413324176,40.839206864209139],[-73.88418143086983,40.839335307143855],[-73.884353243485293,40.839277650122654],[-73.884648980422995,40.839174633102914],[-73.88583496386687,40.839896928390864],[-73.886184320121899,40.840105044972752],[-73.886119722394398,40.840423521983091],[-73.88610978714172,40.840470994634416],[-73.886101738656237,40.840525358231382],[-73.885964473539417,40.841186437736802],[-73.885815477545989,40.841930565213126],[-73.885659943756778,40.842710410542523],[-73.885454590935169,40.843766396345671],[-73.88529744791289,40.844571598257822],[-73.885202862082807,40.844982740604209],[-73.885131290470582,40.845116152931759],[-73.885053619093696,40.845247583055844],[-73.884969942926134,40.845376870207467],[-73.884880364288847,40.845503856238167],[-73.884784992589417,40.845628385865652],[-73.884683944591927,40.845750306703351],[-73.884577343873147,40.845869469611038],[-73.884465320804296,40.845985728821312],[-73.883789794565104,40.846782148104779],[-73.883646111224522,40.846971609920693],[-73.883517222760744,40.84716825834888],[-73.883404026082729,40.847371059718448],[-73.883307251877497,40.847578928925664],[-73.883227419239091,40.847790684657163],[-73.883164891748223,40.848005146609182],[-73.88311982437547,40.848221092378758],[-73.882844455084523,40.847817227456275],[-73.881998294047648,40.847235312493325],[-73.881055846835864,40.846594490016159],[-73.880477370562161,40.846194811582606],[-73.87919408766858,40.84532173439915],[-73.87800756796976,40.844484296707606],[-73.877339071500018,40.843991755057182],[-73.878175468262242,40.84261769654637],[-73.877572799528352,40.842483772145933],[-73.876942016222799,40.84233562817947],[-73.876868581606232,40.842317107447947],[-73.876798719931045,40.842299787946274],[-73.876084486029512,40.842064769920157],[-73.874591753046062,40.841520647538111],[-73.874273862592332,40.842138948303663],[-73.874014689853823,40.842537677818164],[-73.87311149505652,40.843250651713639],[-73.872169486853991,40.843669895349109],[-73.872147465407764,40.843677304574101],[-73.872127444089543,40.84368747279813],[-73.872110016486886,40.84370009855644],[-73.872095699290412,40.843714807523845],[-73.872084916975098,40.843731163612425],[-73.872077989215313,40.843748681900472],[-73.872075121406994,40.84376684300932],[-73.872076398577775,40.843785108501514],[-73.872050475928773,40.843911081162496],[-73.872016745356731,40.844035983129757],[-73.871975282145044,40.84415953547218],[-73.87195230035563,40.844218989328439],[-73.871934173584592,40.84427940340769],[-73.871920970377985,40.844340549299474],[-73.871916722287509,40.844383968146708],[-73.87190373653614,40.844426375164524],[-73.871882321739932,40.844466762465323],[-73.871852986850556,40.844504170162423],[-73.871816429060132,40.844537709183889],[-73.871795393104577,40.844553895110458],[-73.87177164150367,40.844567745836031],[-73.871745620013712,40.844579001417294],[-73.871717816991875,40.844587450615187],[-73.871702608077896,40.84459136836734],[-73.871686895116156,40.844593890346474],[-73.871670899834854,40.844594980962704],[-73.871654847053506,40.84459462496671],[-73.871613592260047,40.844590802233135],[-73.871468701918232,40.844590691468902],[-73.87142966762606,40.844593745458873],[-73.871391714154072,40.844601316038734],[-73.871355742157718,40.844613223554795],[-73.871322605272169,40.844629185435593],[-73.871293089855499,40.844648822897213],[-73.871267896328135,40.844671669931969],[-73.87124762255155,40.844697184366709],[-73.871205080981696,40.844735874358086],[-73.871168873830968,40.84477811872059],[-73.871139510931414,40.84482332262688],[-73.871117405746261,40.844870849576139],[-73.871102869547542,40.844920030356207],[-73.871058245606633,40.845281175465182],[-73.871056928796577,40.845337983873669],[-73.871062951864019,40.845394616679776],[-73.871076256804272,40.845450528310373],[-73.871096715461746,40.84550518013836],[-73.871043709067479,40.845820571971331],[-73.871031805138443,40.845862413914155],[-73.871012912595333,40.845902745468685],[-73.870987345324863,40.845940896527416],[-73.870955528116113,40.845976233210571],[-73.87091798960337,40.846008168398271],[-73.8708753534832,40.846036171485864],[-73.870828328151944,40.846059777199969],[-73.870760742856859,40.846090162051667],[-73.870697479553257,40.846125508376844],[-73.870639167587868,40.846165464552435],[-73.870586387054871,40.846209633096116],[-73.870539663025014,40.846257574620353],[-73.870499460322193,40.846308812203112],[-73.870466178898994,40.846362836132059],[-73.870440149857529,40.846419108974978],[-73.870416539278438,40.846459586677035],[-73.870393790614003,40.846471511463648],[-73.870374080002463,40.846486228332175],[-73.870357994266698,40.846503299134667],[-73.870346012311529,40.846522215642011],[-73.870338490865663,40.846542414674566],[-73.870335653860877,40.84656329486905],[-73.870337585764602,40.846584234582089],[-73.870344229064798,40.846604610397762],[-73.870355385981483,40.846623815687998],[-73.870186013867112,40.846578840922362],[-73.870147062360971,40.846566378649314],[-73.870105992432244,40.846558792274806],[-73.870063855008411,40.846556275924442],[-73.870021728332048,40.84655889398843],[-73.869980690494074,40.846566579286439],[-73.869941791441107,40.846579135334075],[-73.86990602655311,40.846596240837648],[-73.869874311012552,40.846617458088176],[-73.869462467699719,40.847379485348611],[-73.86942321371609,40.84751234518302],[-73.868892432745085,40.848112322628467],[-73.869562589479983,40.848018713908047],[-73.869523628855092,40.848686977587242],[-73.869209445697692,40.849238373375208],[-73.868373888654304,40.848969598245681],[-73.867859929275809,40.848864931890311],[-73.868006528247633,40.848301966372794],[-73.868354658304298,40.847080233385782],[-73.868438080205806,40.847051279108399],[-73.868926526270442,40.846881740609163],[-73.868831091403607,40.846737526713248],[-73.868753994374302,40.846584471427121],[-73.868753970655035,40.846584417625039],[-73.868753946714193,40.846584364325246],[-73.86869718771905,40.846424669716022],[-73.868697129579573,40.846424507151809],[-73.868697093721167,40.846424344612963],[-73.868661973380441,40.846260324186282],[-73.868661937537411,40.846260153941358],[-73.868661927064863,40.846259983222723],[-73.86864915026986,40.846094097719558],[-73.868649139799672,40.846093925828278],[-73.868649150946325,40.846093755134255],[-73.868658726900009,40.84592863335525],[-73.868658739610339,40.84592845277912],[-73.868658774582073,40.84592828211224],[-73.86869009115722,40.845766275053741],[-73.868741864959034,40.845609728581081],[-73.868637215903732,40.845309843266215],[-73.868042003256619,40.844813839306333],[-73.868892586231212,40.844409658796941],[-73.869595554814396,40.843981442116281],[-73.870301355175059,40.843548696648142],[-73.870995180673233,40.843111392043916],[-73.871533460222338,40.842514282171692],[-73.872230245254428,40.841643170680946],[-73.872299209347474,40.841579995737455],[-73.872363651168968,40.841476961484659],[-73.872447346363444,40.841344267109925],[-73.872818217362692,40.840865363348087],[-73.873267169484564,40.840219950035817],[-73.873597134793243,40.839798556437032],[-73.872834537739109,40.839754863891976]]]]}},
{"type":"Feature","properties":{"ntaabbrev":"Trmnt","Name":"Tremont"},"geometry":{"type":"MultiPolygon","coordinates":[[[[-73.88311982437547,40.848221092378758],[-73.883164891748223,40.848005146609182],[-73.883227419239091,40.847790684657163],[-73.883307251877497,40.847578928925664],[-73.883404026082729,40.847371059718448],[-73.883517222760744,40.84716825834888],[-73.883646111224522,40.846971609920693],[-73.883789794565104,40.846782148104779],[-73.884465320804296,40.845985728821312],[-73.884577343873147,40.845869469611038],[-73.884683944591927,40.845750306703351],[-73.884784992589417,40.845628385865623],[-73.884880364288847,40.845503856238167],[-73.884969942926134,40.845376870207467],[-73.885053619093696,40.845247583055844],[-73.885131290470582,40.845116152931759],[-73.885202862082807,40.844982740604209],[-73.88529744791289,40.844571598257822],[-73.885454590935169,40.843766396345671],[-73.885659943756778,40.842710410542523],[-73.885815477545989,40.841930565213126],[-73.885964473539417,40.841186437736802],[-73.886101738656237,40.840525358231382],[-73.88610978714172,40.840470994634416],[-73.886119722394398,40.840423521983091],[-73.886184320121899,40.840105044972752],[-73.886598022567739,40.839279050777897],[-73.887542516482256,40.839640658479709],[-73.888137520930513,40.839862003054392],[-73.888690407426466,40.839158026467317],[-73.889417247147094,40.839422733881484],[-73.890174685102323,40.839873667615137],[-73.892168155549683,40.841049640241685],[-73.893170988469748,40.841637344178913],[-73.894101503676822,40.842190303398233],[-73.894848626626114,40.842628261012145],[-73.89493579884396,40.842679359645651],[-73.895014157181492,40.842725291798764],[-73.895098071859849,40.842774480755516],[-73.895277848264016,40.842879861438639],[-73.895378361144751,40.842938779458706],[-73.894847586904305,40.843646363294596],[-73.894819425613477,40.843683770968404],[-73.894790219579221,40.843720321970913],[-73.895269650499998,40.843767277264547],[-73.895548038416095,40.843802054826142],[-73.895947089953111,40.843849285785524],[-73.896572953101881,40.843923359083789],[-73.897499006440071,40.844032954681367],[-73.897824144791585,40.844069687431656],[-73.898543961225315,40.844151004569973],[-73.899615436566606,40.844274680449303],[-73.89970328926745,40.844284904620388],[-73.900915186083694,40.844425951907048],[-73.901142484219832,40.844452711836404],[-73.901317297986694,40.844473941534865],[-73.901266355174613,40.844562217614367],[-73.901075055017458,40.844904979258921],[-73.900888114454915,40.845240000363489],[-73.900200677028621,40.846473560592862],[-73.899670559879269,40.847438024023624],[-73.898891253091776,40.84881545597402],[-73.898131667475297,40.850131937619047],[-73.898085985604936,40.850213123578364],[-73.897087063307794,40.851968277358367],[-73.896624466131584,40.852787590212074],[-73.895608831916604,40.854570370599227],[-73.89544565200994,40.85451829358081],[-73.895344056476333,40.854696550089109],[-73.895149166172459,40.854629304119655],[-73.894000334174876,40.854251934500546],[-73.894205453095537,40.853854930046374],[-73.893713138960962,40.853595459790725],[-73.893071408293338,40.853249987549887],[-73.89216687314898,40.852769462892617],[-73.890902032882806,40.854116885904567],[-73.890690318927014,40.854353263123777],[-73.890389539212492,40.854689058587084],[-73.890030394915215,40.854220991677778],[-73.889609779454958,40.853621881050231],[-73.889633282360435,40.853173818939688],[-73.88990142128273,40.852663459022637],[-73.889884512017915,40.852221723771521],[-73.889970283343231,40.852103229953144],[-73.889630449805637,40.851885932552662],[-73.889518375724847,40.851802744663402],[-73.888952562498901,40.851440780772521],[-73.888782455847007,40.851341184980775],[-73.888239739638394,40.851035366912924],[-73.888005398740816,40.850976103176279],[-73.887710297203157,40.850960684744038],[-73.887356619371772,40.850873897617575],[-73.886433456905877,40.850308947186242],[-73.885814184602651,40.849930797694434],[-73.885360676219278,40.849652428777304],[-73.885304384792647,40.849617875693575],[-73.885211627015124,40.849560939993559],[-73.884801933732845,40.849309460116167],[-73.884433702898548,40.84908397642387],[-73.883777556600549,40.848682184418372],[-73.883228775793668,40.848345878336879],[-73.88311982437547,40.848221092378758]]]]}},
{"type":"Feature","properties":{"ntaabbrev":"Blmnt","Name":"Belmont"},"geometry":{"type":"MultiPolygon","coordinates":[[[[-73.88309382372141,40.866602185023872],[-73.882986607639609,40.866464195952972],[-73.882717945362032,40.866132965703549],[-73.88267624666986,40.866089142150656],[-73.882736587243812,40.866048573602932],[-73.883198160563879,40.865766314823027],[-73.883441682825975,40.865616332194541],[-73.883563777511483,40.865526351806835],[-73.883673211889928,40.865425283906504],[-73.883767491344571,40.865314753168335],[-73.883844643088139,40.865196813319443],[-73.883845651695268,40.865194701867928],[-73.88394303012619,40.864948187018335],[-73.883969222012297,40.864817741972658],[-73.88397514964349,40.864683998617615],[-73.883960023634458,40.864549719959292],[-73.883923956962377,40.864417762372874],[-73.883867920479389,40.864290889272972],[-73.883793864610055,40.864171824344126],[-73.883793710144516,40.864171572233722],[-73.882007940721721,40.862046853361768],[-73.881931187219138,40.862094321291998],[-73.880951146405039,40.861338918340671],[-73.880839005406244,40.861237776834265],[-73.880739952958052,40.86112623030639],[-73.880656337134269,40.86100581053897],[-73.880590061520081,40.86087844940333],[-73.880542501138677,40.860746360832636],[-73.880514312024872,40.860611924694979],[-73.880505479564491,40.860477561868429],[-73.880515335133211,40.860345568912138],[-73.880608967890339,40.860357093609139],[-73.88077430085427,40.859422999306396],[-73.880965861518462,40.85854520578858],[-73.880989426924316,40.858459359472576],[-73.881006788930534,40.858268023159084],[-73.881004642916864,40.858075657892179],[-73.880982936534295,40.857883992792686],[-73.880941989236248,40.857694991385564],[-73.880941930333663,40.857694739872215],[-73.880941849132128,40.85769449620944],[-73.880882250134277,40.857509546008586],[-73.880856504529703,40.857401533350163],[-73.88080810009113,40.857198448862491],[-73.880791552089775,40.857127509230452],[-73.880771320877798,40.857039761517257],[-73.88075505602616,40.856949260631076],[-73.880744792102362,40.856892148666951],[-73.88072954011659,40.856807274927618],[-73.880730427315612,40.856676605412837],[-73.88103358861143,40.855599953240258],[-73.881667599707811,40.853348201001268],[-73.881985075705103,40.852251256059247],[-73.882002990122899,40.852189358859171],[-73.882142827507977,40.851695531507893],[-73.882322565420509,40.851060791501702],[-73.882378335846738,40.850862172295166],[-73.882557451838892,40.850224258304593],[-73.882849314600236,40.849192527919477],[-73.882882691021962,40.849074046889726],[-73.88311982437547,40.848221092378758],[-73.883228775793668,40.848345878336879],[-73.883777556600549,40.848682184418372],[-73.884433702898548,40.84908397642387],[-73.884801933732845,40.849309460116167],[-73.885211627015124,40.849560939993559],[-73.885304384792647,40.849617875693575],[-73.885360676219278,40.849652428777304],[-73.885814184602651,40.849930797694434],[-73.886433456905877,40.850308947186242],[-73.887356619371772,40.850873897617575],[-73.887710297203157,40.850960684744038],[-73.888005398740816,40.850976103176279],[-73.888239739638394,40.851035366912924],[-73.888782455847007,40.851341184980775],[-73.888952562498901,40.851440780772521],[-73.889518375724847,40.851802744663402],[-73.889630449805637,40.851885932552662],[-73.889970283343231,40.852103229953144],[-73.889884512017915,40.852221723771521],[-73.88990142128273,40.852663459022637],[-73.889633282360435,40.853173818939688],[-73.889609779454958,40.853621881050231],[-73.890030394915215,40.854220991677778],[-73.890389539212492,40.854689058587084],[-73.890690318927014,40.854353263123777],[-73.890902032882806,40.854116885904567],[-73.89216687314898,40.852769462892617],[-73.893071408293338,40.853249987549887],[-73.893713138960962,40.853595459790725],[-73.894205453095537,40.853854930046374],[-73.894000334174876,40.854251934500546],[-73.895149166172459,40.854629304119655],[-73.895344056476333,40.854696550089109],[-73.89544565200994,40.85451829358081],[-73.895608831916604,40.854570370599227],[-73.89644052433917,40.854907759154607],[-73.896055249329905,40.855519935552735],[-73.896007159573429,40.855596344366674],[-73.895755850055551,40.855978810351772],[-73.895580764212156,40.856245266992573],[-73.895534450022566,40.856317844440326],[-73.895397887675415,40.856531841546186],[-73.89526290304758,40.856743364757655],[-73.893948929467058,40.858779697026478],[-73.893810260062295,40.858986565634147],[-73.893215206916153,40.85987420615524],[-73.892563924782593,40.860522728915257],[-73.891418023578169,40.861662984043285],[-73.891380232257205,40.86170058876435],[-73.891771886667271,40.861871717251596],[-73.891732565476843,40.861909814677517],[-73.891148029651077,40.862476138128443],[-73.890653928712581,40.862954834024215],[-73.890161635685814,40.863476362822979],[-73.888895659440237,40.864754153236092],[-73.888122786877588,40.864254571079542],[-73.886833169772487,40.865389993860099],[-73.885937033571494,40.865924398625125],[-73.885139076121874,40.866382874693798],[-73.88442861318596,40.866800378836714],[-73.88362518063289,40.867257588509084],[-73.883212162693226,40.866748152648192],[-73.88309382372141,40.866602185023872]]]]}},
{"type":"Feature","properties":{"ntaabbrev":"UnvrsHts_N","Name":"University Heights (North)-Fordham"},"geometry":{"type":"MultiPolygon","coordinates":[[[[-73.906146688583718,40.87326020472856],[-73.906079178234862,40.87324242069289],[-73.906018092969816,40.873226989180594],[-73.905911262506635,40.873195817928263],[-73.905866167119726,40.873182660929722],[-73.905714252300911,40.873138322100871],[-73.904677282083384,40.872619879498536],[-73.904592031816065,40.872564553973668],[-73.904591948029747,40.872564500632109],[-73.904591888740896,40.872564446808262],[-73.904520881459547,40.872495391941023],[-73.904520703841712,40.872495211204388],[-73.90452057456632,40.872495022801694],[-73.904469085217286,40.872415628957121],[-73.904469013206807,40.87241552067772],[-73.904468966379426,40.872415395499367],[-73.904440106990265,40.872330499655696],[-73.904440083933068,40.872330419393151],[-73.904440072367436,40.872330328251124],[-73.904434286440249,40.872245309282214],[-73.904488604014361,40.870578548547101],[-73.904420030773849,40.870361276000203],[-73.904035925105575,40.869949163860518],[-73.903749758056918,40.869595627139539],[-73.903186673333479,40.869148991992759],[-73.902358047802338,40.868696120953047],[-73.902151859770484,40.868611831121932],[-73.901941549441332,40.868533630774898],[-73.901727428745289,40.86846163589307],[-73.90150981563184,40.868395953115979],[-73.901289032481984,40.868336679978121],[-73.901065406748813,40.868283904388079],[-73.899965755821071,40.868017302012511],[-73.899424360991361,40.867880837715603],[-73.899652202078386,40.868554579283725],[-73.899603002723666,40.868728208255696],[-73.899534043067135,40.868899614391239],[-73.899445615452422,40.869066842079057],[-73.899338511061856,40.869228028104367],[-73.899213876065218,40.869381386784234],[-73.899073271651304,40.869525356103622],[-73.898918542099935,40.869658574486067],[-73.896560605311876,40.868565200586538],[-73.897403231442496,40.867474189709966],[-73.896313156699193,40.867038575444191],[-73.895442632897641,40.866602088893799],[-73.895361515560467,40.866561330708336],[-73.894530486961585,40.866143810349683],[-73.89438130170295,40.866068851210407],[-73.894224345643636,40.865987663616096],[-73.894122849571332,40.865940006032481],[-73.894027700382352,40.865884556993151],[-73.893940403561885,40.865822108438856],[-73.893862225480461,40.865753662837633],[-73.893797700794323,40.865603275771107],[-73.893748804363796,40.865449283384294],[-73.893715984432802,40.865293098999736],[-73.893624014701629,40.86532653964457],[-73.893466380344293,40.865382404728031],[-73.893231921733829,40.865272878180612],[-73.892760142108628,40.865020860477493],[-73.892131254789973,40.86463362250344],[-73.89131225725238,40.864132235642906],[-73.890161635685814,40.863476362822979],[-73.890653928712581,40.862954834024215],[-73.891148029651077,40.862476138128443],[-73.891732565476843,40.861909814677517],[-73.891771886667271,40.861871717251596],[-73.891982977487061,40.861863990545778],[-73.892066791464259,40.861860925742334],[-73.892851690229023,40.86183219349472],[-73.893559142751613,40.86192596776128],[-73.893724906736665,40.861944192800188],[-73.894824631882216,40.862065074749275],[-73.895883874011631,40.862258343369518],[-73.896938995968725,40.862442929750429],[-73.896983721114964,40.862443395702698],[-73.897143796773349,40.862445065654057],[-73.897282425680942,40.862437375534213],[-73.897372746369953,40.86243236504405],[-73.897980992154842,40.8624025403712],[-73.898410383183702,40.862296966678983],[-73.899436707742097,40.862116912065133],[-73.899642616198051,40.862210436947258],[-73.899961775646844,40.862350281030579],[-73.900283680160328,40.862471838092617],[-73.901079668853299,40.862756383422003],[-73.901360902749175,40.86240886466166],[-73.901627850214695,40.862054435082221],[-73.901880072832483,40.861693624619541],[-73.902117202842362,40.861326948525729],[-73.902338871331935,40.860954971468644],[-73.902544792602029,40.860578255335319],[-73.903513904978709,40.860917510652982],[-73.904081326473914,40.859987847507774],[-73.904474640158085,40.859341594675932],[-73.904868471272636,40.858693224708283],[-73.905722623958852,40.858992989067104],[-73.905871005765775,40.859045536797005],[-73.90614548503568,40.859142741638252],[-73.906797348759511,40.859373588930907],[-73.907070038830724,40.859361849239114],[-73.907257861220884,40.859353437919488],[-73.907774842025546,40.859609520124103],[-73.909667477647204,40.857484948652832],[-73.909870220706765,40.857669714218922],[-73.910208180061503,40.858288788870297],[-73.91030880762878,40.858409326604466],[-73.910429526401018,40.858520856875984],[-73.910567992728616,40.858620594238836],[-73.910721042564077,40.858706232736353],[-73.910884883105851,40.858776182936211],[-73.911777959143578,40.859089735073233],[-73.913284369851439,40.859618601832842],[-73.915425445274437,40.858728641466442],[-73.915081817194675,40.859191798940536],[-73.916159415041221,40.858784566887309],[-73.916565781446081,40.858114248050441],[-73.916665385977538,40.857960813178437],[-73.916759591742419,40.857805425253837],[-73.916848332407454,40.857648193752929],[-73.916931545490996,40.857489229450088],[-73.917009172646104,40.857328644264783],[-73.917081158981915,40.857166551402628],[-73.917147453824342,40.857003065060468],[-73.917208010510066,40.856838300416122],[-73.917188210278042,40.855918821827892],[-73.917269236988517,40.855975800707256],[-73.917339529410611,40.856044143658188],[-73.917395234085916,40.856121923432745],[-73.917433365175938,40.856206235573069],[-73.91745233991233,40.856293587777536],[-73.91745217227033,40.856380305441242],[-73.917374093801882,40.856745966877426],[-73.917418424812737,40.856862926209537],[-73.917406567232362,40.857051409595378],[-73.917528243310983,40.85689585508154],[-73.91788477339891,40.857006368378983],[-73.918041471570916,40.85704609688726],[-73.918906552653382,40.857265418574158],[-73.919023689707686,40.857396538412814],[-73.918291233093058,40.858155015413033],[-73.918111875494901,40.858313729633714],[-73.917760412511058,40.858708097958463],[-73.917206646470504,40.858928922734734],[-73.916913086416827,40.859270212209388],[-73.915805280085493,40.86046973585627],[-73.915762131447423,40.860644637292623],[-73.91487470201929,40.86169169998643],[-73.914809343254177,40.861714190148469],[-73.914723308552823,40.861853182389304],[-73.914818173391055,40.861899088982597],[-73.914771096089211,40.861946308148859],[-73.914743238183576,40.86193359048363],[-73.914700284433792,40.86195311254361],[-73.914671629291533,40.861981337605144],[-73.914634374657268,40.862020419839929],[-73.914611437490592,40.86205299450009],[-73.914611412382769,40.862072549461082],[-73.914621162889588,40.862096690734433],[-73.914290824567814,40.862428017047208],[-73.914229180015624,40.862488556659372],[-73.913414621936553,40.863367493700878],[-73.91276271995396,40.863029174660312],[-73.912272789769773,40.863632148996871],[-73.912743976467652,40.86389256867573],[-73.912760506122908,40.86387691391004],[-73.912797621288746,40.863898875935597],[-73.912752162164281,40.86394505734561],[-73.912716073149909,40.86392622943427],[-73.912730540209012,40.863909790277134],[-73.912526045168718,40.863795223335373],[-73.912676339541861,40.864021111602113],[-73.910912924119529,40.865937946490355],[-73.910556686138236,40.866421948723328],[-73.910512870808901,40.866453462199345],[-73.910474709992712,40.866488962065731],[-73.910442827471201,40.866527868045928],[-73.910417744404469,40.866569544186369],[-73.910399870811773,40.866613309251591],[-73.91037589894259,40.866654644268763],[-73.910358616174719,40.866697860234211],[-73.910348270985295,40.866742335858177],[-73.910345012115087,40.866787431740313],[-73.910348886429475,40.866832499561831],[-73.910359838243878,40.866876891406186],[-73.9101746817974,40.867191215116115],[-73.909861763613918,40.86794331561606],[-73.909666947815197,40.868417040092318],[-73.909496643123177,40.868831156640539],[-73.909274640191981,40.869554132382625],[-73.908937148416243,40.871019840308314],[-73.908649431113759,40.871385783802936],[-73.908932351753805,40.872157347970273],[-73.908720463031045,40.872228665588793],[-73.908463677800555,40.872620792206249],[-73.907742706962836,40.872845952111057],[-73.907464896618947,40.873547354235512],[-73.906699846468243,40.87339676274285],[-73.906628870068033,40.87338037872837],[-73.906363163960719,40.873319048423426],[-73.906246647408281,40.87328737610023],[-73.906146688583718,40.87326020472856]]]]}},
{"type":"Feature","properties":{"ntaabbrev":"BdfrdPk","Name":"Bedford Park"},"geometry":{"type":"MultiPolygon","coordinates":[[[[-73.887128505963304,40.882815425045337],[-73.887144708345701,40.882743646900458],[-73.887165051989797,40.882576511897554],[-73.887069626292671,40.882476896064816],[-73.885950716642014,40.880507412132715],[-73.885826803354448,40.879907897808991],[-73.885785682846489,40.879616874216921],[-73.885755404871546,40.879313118377731],[-73.885675179594557,40.878872510807994],[-73.885410679311718,40.879101683927153],[-73.885276830532334,40.87921766898976],[-73.885054193589355,40.878892876044844],[-73.884891713680815,40.878606016707394],[-73.884770747636509,40.878395028421316],[-73.884697886427091,40.878270200625415],[-73.884610896579787,40.878121163009148],[-73.883929069882541,40.876952967027613],[-73.883838595076924,40.876797950081901],[-73.883552943089867,40.876252229573538],[-73.883497256612202,40.876156739812942],[-73.88345586319285,40.876056256531562],[-73.883455792629078,40.87605609563839],[-73.883455756717737,40.87605593360756],[-73.883429648889617,40.875952169906341],[-73.88341932293703,40.875847018467176],[-73.883424725953446,40.875742667424042],[-73.883436327271369,40.875384320331101],[-73.883450440863569,40.874794834085961],[-73.883413186408887,40.874163976710435],[-73.883400351987987,40.873946627267735],[-73.883349942650881,40.873758850179954],[-73.883279824247609,40.873573810390056],[-73.883190527066091,40.873393378792152],[-73.88319048023186,40.87339327990621],[-73.883190421684361,40.873393190389741],[-73.883082773638705,40.873219025417455],[-73.883082739084358,40.873218971607599],[-73.883082702984282,40.873218918298718],[-73.882957781299226,40.873052452141977],[-73.882830554229145,40.872916664822839],[-73.882830422728063,40.872916521457221],[-73.88283030448801,40.872916367048568],[-73.882719512537165,40.872770781791502],[-73.88262696833884,40.872617188961812],[-73.882626873725343,40.872617028043564],[-73.88262679016681,40.87261685557749],[-73.882553996840016,40.872457457999438],[-73.882553914602184,40.87245728771245],[-73.882553854875738,40.872457116945803],[-73.882501508878249,40.87229386734284],[-73.882501472891633,40.872293750375206],[-73.88250144928115,40.872293623536301],[-73.882469841489851,40.872128685121041],[-73.882378267900847,40.871797631983597],[-73.882347999981747,40.871688214002276],[-73.882220492942437,40.871227248374495],[-73.881976498024883,40.870387284953317],[-73.881741895428618,40.869552714028423],[-73.881468895963764,40.868573646262234],[-73.881883798128712,40.868320837160219],[-73.882843560949553,40.867736227173616],[-73.88362518063289,40.867257588509084],[-73.88442861318596,40.866800378836714],[-73.885139076121874,40.866382874693798],[-73.885937033571494,40.865924398625125],[-73.886833169772487,40.865389993860099],[-73.888122786877588,40.864254571079542],[-73.888895659440237,40.864754153236092],[-73.890161635685814,40.863476362822979],[-73.89131225725238,40.864132235642906],[-73.892131254789973,40.86463362250344],[-73.892760142108628,40.865020860477493],[-73.893231921733829,40.865272878180612],[-73.893466380344293,40.865382404728031],[-73.893624014701629,40.86532653964457],[-73.893715984432802,40.865293098999736],[-73.893748804363796,40.865449283384294],[-73.893797700794323,40.865603275771107],[-73.893862225480461,40.865753662837633],[-73.893940403561885,40.865822108438856],[-73.894027700382352,40.865884556993151],[-73.894122849571332,40.865940006032481],[-73.894224345643636,40.865987663616096],[-73.89438130170295,40.866068851210407],[-73.894530486961585,40.866143810349683],[-73.895361515560467,40.866561330708336],[-73.895442632897641,40.866602088893799],[-73.896313156699193,40.867038575444191],[-73.897403231442496,40.867474189709966],[-73.896560605311876,40.868565200586538],[-73.898918542099935,40.869658574486067],[-73.897789621822028,40.870856643397943],[-73.897796250184427,40.871668702590853],[-73.897820784674096,40.871960049675955],[-73.897864800275329,40.872250910410209],[-73.897864811820099,40.872251009258932],[-73.897864834840007,40.872251108620382],[-73.897928332267867,40.872540464442743],[-73.898011169687805,40.872827280909497],[-73.89811299430373,40.873110358203924],[-73.898233262050923,40.873388436024392],[-73.898233344964439,40.873388624393193],[-73.898233440027951,40.873388805066675],[-73.89837163002062,40.873661036404187],[-73.898435000106232,40.873756796994513],[-73.898517154663367,40.873848096853003],[-73.898517344572994,40.873848313292001],[-73.898517556827358,40.873848494068291],[-73.898617768312945,40.873932273380774],[-73.898617897695715,40.873932382216772],[-73.898618052916802,40.873932480018958],[-73.898734661264371,40.874005999121181],[-73.898734745044507,40.874006054644752],[-73.898864471309722,40.874066591215723],[-73.898864694712401,40.874066698458613],[-73.89886492169795,40.874066771697493],[-73.899003781515347,40.874112492521576],[-73.899003995479333,40.874112566251355],[-73.899004220300739,40.874112611511769],[-73.899147908877154,40.874142659265544],[-73.899148217535298,40.874142723193984],[-73.899148537712094,40.874142759156136],[-73.899292700770232,40.874157166876934],[-73.899292937757963,40.874157193887413],[-73.899293210539142,40.874157194125452],[-73.899434145050847,40.874156884483604],[-73.899573934597967,40.874153351371532],[-73.899574195697141,40.874153341714901],[-73.899574444380875,40.87415336940505],[-73.899717682926081,40.874166983574789],[-73.899717813124809,40.874166991896551],[-73.899717956315584,40.874167019494742],[-73.899859282396179,40.87419863265788],[-73.89985944720226,40.874198668985812],[-73.899859590354311,40.874198722382303],[-73.899993095980122,40.87424777056961],[-73.899993249945794,40.87424782447787],[-73.899993391511117,40.874247905849138],[-73.900113729587929,40.874312413218057],[-73.90011386035421,40.874312484695956],[-73.900113966608245,40.874312566036508],[-73.900216907580955,40.874389395623766],[-73.900217061452352,40.874389512687749],[-73.900217202923457,40.874389657214749],[-73.900300296442751,40.874475086267545],[-73.900360536398622,40.87459469548098],[-73.900403695611374,40.874721061695077],[-73.900428056688924,40.874852005147702],[-73.900432578389939,40.87498508330718],[-73.900416993279578,40.875117675888369],[-73.900381778746961,40.875247189539813],[-73.900328195161805,40.875371231431636],[-73.900258122180091,40.875487721022431],[-73.900104777825689,40.87571474527229],[-73.899811088840039,40.876398825583429],[-73.899579075952559,40.876608194406046],[-73.899385904078301,40.876762865264666],[-73.899385857013286,40.876762901408561],[-73.899385809934842,40.876762946431143],[-73.899208776859282,40.87692962535283],[-73.899208729120261,40.876929669202092],[-73.899208694179649,40.876929714737777],[-73.899049724909162,40.877106818714431],[-73.899049570596802,40.877106989285139],[-73.899049427069826,40.87710717913037],[-73.898909972377012,40.877293115359684],[-73.898909924375047,40.877293186682344],[-73.898790993813734,40.877486264307684],[-73.898269176110446,40.878282499703104],[-73.898134915262787,40.878431217164987],[-73.89770243272622,40.878767013831819],[-73.897511900042005,40.878942332688922],[-73.897511769862021,40.878942449504166],[-73.897511650276243,40.878942566328796],[-73.8973347814769,40.879127269581417],[-73.897172750989185,40.879320380173212],[-73.897172609027635,40.879320550249759],[-73.897172478527139,40.879320730722959],[-73.89702631087242,40.87952117530628],[-73.897026274606219,40.879521219834956],[-73.89702623964925,40.879521274081114],[-73.896896622785121,40.879728126762366],[-73.896784308728215,40.879940018101244],[-73.896784248526515,40.879940125596953],[-73.896784201329893,40.879940244160778],[-73.896689628325035,40.880155907122798],[-73.89657174159646,40.881249262873609],[-73.896376321401689,40.881821328596963],[-73.896186288781479,40.881994231961805],[-73.895981048393466,40.882158403595533],[-73.895761655040047,40.882312721299009],[-73.895529417909074,40.882456156416055],[-73.895285746199306,40.882587830487324],[-73.895032248033587,40.88270699591034],[-73.894770570586218,40.882813077007569],[-73.894684092574721,40.882878194401215],[-73.894580364006003,40.882934802244648],[-73.894461682662808,40.882979269195538],[-73.894332002022807,40.883008532996946],[-73.894196641969813,40.883020601452202],[-73.894061558644651,40.883014948124256],[-73.893932529416844,40.882992560843391],[-73.893814331842464,40.882955747963145],[-73.893710332170116,40.882907611951879],[-73.893624684878247,40.882865768407399],[-73.893535575804705,40.882828319758865],[-73.893443395876801,40.882795430293612],[-73.893348549491719,40.882767244297703],[-73.893251452742717,40.882743885422926],[-73.893152531680457,40.882725456249396],[-73.893052220193823,40.882712037516413],[-73.892950958347754,40.882703688091681],[-73.892849190375713,40.882700444603962],[-73.892747362731228,40.882702321282331],[-73.892561114264325,40.882613619739054],[-73.892480432660761,40.882567119869258],[-73.892396118839258,40.882524493359789],[-73.892308495154282,40.882485903180005],[-73.892217896612735,40.882451496867347],[-73.892124669593258,40.882421405963321],[-73.892029170741893,40.882395745943427],[-73.891931764984918,40.88237461446807],[-73.891832824722101,40.882358092326299],[-73.891732728218841,40.882346242685038],[-73.891631858160338,40.882339110847326],[-73.890380927242603,40.882516459539701],[-73.88859661840543,40.882768337399426],[-73.888003600396502,40.882836533349433],[-73.88796950580894,40.882896752777718],[-73.887128505963304,40.882815425045337]]]]}},
{"type":"Feature","properties":{"ntaabbrev":"Nrwd","Name":"Norwood"},"geometry":{"type":"MultiPolygon","coordinates":[[[[-73.870835677076244,40.880454115283015],[-73.870682644451733,40.88045875600509],[-73.870153184646384,40.880350828061786],[-73.87094414681728,40.878509696083533],[-73.871607185624939,40.876921573178763],[-73.872552507457485,40.875175183826961],[-73.874367506299237,40.872701009867839],[-73.875188500300951,40.871575757313394],[-73.876192574838967,40.870476957203095],[-73.876943519587485,40.869954682241669],[-73.877727529301396,40.869555338658856],[-73.879644361549268,40.86850825922798],[-73.879812062386222,40.868416648473406],[-73.879894542700995,40.868371738329216],[-73.881338553766014,40.867590088760764],[-73.88309382372141,40.866602185023872],[-73.883212162693226,40.866748152648192],[-73.88362518063289,40.867257588509084],[-73.882843560949553,40.867736227173616],[-73.881883798128712,40.868320837160219],[-73.881468895963764,40.868573646262234],[-73.881741895428618,40.869552714028423],[-73.881976498024883,40.870387284953317],[-73.882220492942437,40.871227248374495],[-73.882347999981747,40.871688214002276],[-73.882378267900847,40.871797631983597],[-73.882469841489851,40.872128685121041],[-73.88250144928115,40.872293623536301],[-73.882501472891633,40.872293750375206],[-73.882501508878249,40.87229386734284],[-73.882553854875738,40.872457116945803],[-73.882553914602184,40.87245728771245],[-73.882553996840016,40.872457457999438],[-73.88262679016681,40.87261685557749],[-73.882626873725343,40.872617028043564],[-73.88262696833884,40.872617188961812],[-73.882719512537165,40.872770781791502],[-73.88283030448801,40.872916367048568],[-73.882830422728063,40.872916521457221],[-73.882830554229145,40.872916664822839],[-73.882957781299226,40.873052452141977],[-73.883082702984282,40.873218918298718],[-73.883082739084358,40.873218971607599],[-73.883082773638705,40.873219025417455],[-73.883190421684361,40.873393190389741],[-73.88319048023186,40.87339327990621],[-73.883190527066091,40.873393378792152],[-73.883279824247609,40.873573810390056],[-73.883349942650881,40.873758850179954],[-73.883400351987987,40.873946627267735],[-73.883413186408887,40.874163976710435],[-73.883450440863569,40.874794834085961],[-73.883436327271369,40.875384320331101],[-73.883424725953446,40.875742667424042],[-73.88341932293703,40.875847018467176],[-73.883429648889617,40.875952169906341],[-73.883455756717737,40.87605593360756],[-73.883455792629078,40.87605609563839],[-73.88345586319285,40.876056256531562],[-73.883497256612202,40.876156739812942],[-73.883552943089867,40.876252229573538],[-73.883838595076924,40.876797950081901],[-73.883929069882541,40.876952967027613],[-73.884610896579787,40.878121163009148],[-73.884697886427091,40.878270200625415],[-73.884770747636509,40.878395028421316],[-73.884891713680815,40.878606016707394],[-73.885054193589355,40.878892876044844],[-73.885276830532334,40.87921766898976],[-73.885410679311718,40.879101683927153],[-73.885675179594557,40.878872510807994],[-73.885755404871546,40.879313118377731],[-73.885785682846489,40.879616874216921],[-73.885826803354448,40.879907897808991],[-73.885950716642014,40.880507412132715],[-73.887069626292671,40.882476896064816],[-73.887165051989797,40.882576511897554],[-73.887144708345701,40.882743646900458],[-73.887128505963304,40.882815425045337],[-73.887122353416814,40.883059202434509],[-73.887095925658059,40.883833026544472],[-73.887043040051125,40.88404023288048],[-73.88704833311769,40.884235521621648],[-73.887051425361193,40.884349575846151],[-73.886928896678441,40.884355714853427],[-73.886834866084826,40.884342026064864],[-73.886624128849576,40.884267303711098],[-73.885164956797155,40.883631612156506],[-73.884526150266808,40.883312148336536],[-73.884379222267668,40.883247723997435],[-73.884379056185608,40.883247651796331],[-73.88437887837209,40.883247598513542],[-73.884216963547743,40.883197728727858],[-73.884216832720981,40.883197691741628],[-73.88421671357348,40.88319766582363],[-73.884043533760178,40.883165001962766],[-73.884043414377771,40.883164984252936],[-73.884043284828479,40.883164974238952],[-73.8838639131245,40.883151395432677],[-73.883863746933486,40.883151386051701],[-73.883863579827391,40.8831513950973],[-73.883683474954282,40.883157616108917],[-73.883683367901895,40.883157616001021],[-73.883683272296793,40.883157633327031],[-73.88350810391303,40.883183148094425],[-73.883507878930033,40.883183183549654],[-73.883507639992246,40.883183246967093],[-73.883342586069176,40.88322637513361],[-73.883342348015148,40.88322643788149],[-73.88334213376757,40.883226518913382],[-73.883190887030651,40.883284835014315],[-73.882748332945354,40.883397387471291],[-73.882086236081449,40.883132222413266],[-73.881244223869274,40.88270963367426],[-73.879957986865605,40.884390628965591],[-73.879362831933094,40.885218239974279],[-73.878760416208053,40.886040200363439],[-73.878149445019801,40.886873807866124],[-73.878131290578636,40.886912797318196],[-73.878035622719679,40.887118321754713],[-73.877990089342632,40.887050358506485],[-73.877831258378791,40.886772760683471],[-73.877606765460584,40.88452304479258],[-73.8777281766139,40.883454195754766],[-73.878125751393156,40.882153685978842],[-73.877170059518903,40.881993912810003],[-73.876258900072628,40.881832040877242],[-73.875336993427197,40.881671833066548],[-73.874702554902811,40.881553823556111],[-73.874792405772752,40.880075129558961],[-73.874945896008668,40.879947669963911],[-73.874067512050857,40.88003890679412],[-73.873073344684045,40.880134385859485],[-73.871916617358522,40.880238178685566],[-73.871871006053155,40.880328120927103],[-73.870835677076244,40.880454115283015]]]]}},
{"type":"Feature","properties":{"ntaabbrev":"KngbrdgHts","Name":"Kingsbridge Heights-Van Cortlandt Village"},"geometry":{"type":"MultiPolygon","coordinates":[[[[-73.887051425361193,40.884349575846151],[-73.88704833311769,40.884235521621648],[-73.887043040051125,40.88404023288048],[-73.887095925658059,40.883833026544472],[-73.887122353416814,40.883059202434509],[-73.887128505963304,40.882815425045337],[-73.88796950580894,40.882896752777718],[-73.888003600396502,40.882836533349433],[-73.88859661840543,40.882768337399426],[-73.890380927242603,40.882516459539701],[-73.891631858160338,40.882339110847326],[-73.891732728218841,40.882346242685038],[-73.891832824722101,40.882358092326299],[-73.891931764984918,40.88237461446807],[-73.892029170741893,40.882395745943427],[-73.892124669593258,40.882421405963321],[-73.892217896612735,40.882451496867347],[-73.892308495154282,40.882485903180005],[-73.892396118839258,40.882524493359789],[-73.892480432660761,40.882567119869258],[-73.892561114264325,40.882613619739054],[-73.892747362731228,40.882702321282331],[-73.892849190375713,40.882700444603962],[-73.892950958347754,40.882703688091681],[-73.893052220193823,40.882712037516413],[-73.893152531680457,40.882725456249396],[-73.893251452742717,40.882743885422926],[-73.893348549491719,40.882767244297703],[-73.893443395876801,40.882795430293612],[-73.893535575804705,40.882828319758865],[-73.893624684878247,40.882865768407399],[-73.893710332170116,40.882907611951879],[-73.893814331842464,40.882955747963145],[-73.893932529416844,40.882992560843391],[-73.894061558644651,40.883014948124256],[-73.894196641969813,40.883020601452202],[-73.894332002022807,40.883008532996946],[-73.894461682662808,40.882979269195538],[-73.894580364006003,40.882934802244648],[-73.894684092574721,40.882878194401215],[-73.894770570586218,40.882813077007569],[-73.895032248033587,40.88270699591034],[-73.895285746199306,40.882587830487324],[-73.895529417909074,40.882456156416055],[-73.895761655040047,40.882312721299009],[-73.895981048393466,40.882158403595533],[-73.896186288781479,40.881994231961805],[-73.896376321401689,40.881821328596963],[-73.89657174159646,40.881249262873609],[-73.896689628325035,40.880155907122798],[-73.896784201329893,40.879940244160778],[-73.896784248526515,40.879940125596953],[-73.896784308728215,40.879940018101244],[-73.896896622785121,40.879728126762366],[-73.89702623964925,40.879521274081114],[-73.897026274606219,40.879521219834956],[-73.89702631087242,40.87952117530628],[-73.897172478527139,40.879320730722959],[-73.897172609027635,40.879320550249759],[-73.897172750989185,40.879320380173212],[-73.8973347814769,40.879127269581417],[-73.897511650276243,40.878942566328796],[-73.897511769862021,40.878942449504166],[-73.897511900042005,40.878942332688922],[-73.89770243272622,40.878767013831819],[-73.898134915262787,40.878431217164987],[-73.898269176110446,40.878282499703104],[-73.898790993813734,40.877486264307684],[-73.898909924375047,40.877293186682344],[-73.898909972377012,40.877293115359684],[-73.899049427069826,40.87710717913037],[-73.899049570596802,40.877106989285139],[-73.899049724909162,40.877106818714431],[-73.899208694179649,40.876929714737777],[-73.899208729120261,40.876929669202092],[-73.899208776859282,40.87692962535283],[-73.899385809934842,40.876762946431143],[-73.899385857013286,40.876762901408561],[-73.899385904078301,40.876762865264666],[-73.899579075952559,40.876608194406046],[-73.899811088840039,40.876398825583429],[-73.900104777825689,40.87571474527229],[-73.900258122180091,40.875487721022431],[-73.900328195161805,40.875371231431636],[-73.900381778746961,40.875247189539813],[-73.900416993279578,40.875117675888369],[-73.900432578389939,40.87498508330718],[-73.900428056688924,40.874852005147702],[-73.900403695611374,40.874721061695077],[-73.900360536398622,40.87459469548098],[-73.900300296442751,40.874475086267545],[-73.900217202923457,40.874389657214749],[-73.900217061452352,40.874389512687749],[-73.900216907580955,40.874389395623766],[-73.900113966608245,40.874312566036508],[-73.90011386035421,40.874312484695956],[-73.900113729587929,40.874312413218057],[-73.899993391511117,40.874247905849138],[-73.899993249945794,40.87424782447787],[-73.899993095980122,40.87424777056961],[-73.899859590354311,40.874198722382303],[-73.89985944720226,40.874198668985812],[-73.899859282396179,40.87419863265788],[-73.899717956315584,40.874167019494742],[-73.899717813124809,40.874166991896551],[-73.899717682926081,40.874166983574789],[-73.899574444380875,40.87415336940505],[-73.899574195697141,40.874153341714901],[-73.899573934597967,40.874153351371532],[-73.899434145050847,40.874156884483604],[-73.899293210539142,40.874157194125452],[-73.899292937757963,40.874157193887413],[-73.899292700770232,40.874157166876934],[-73.899148537712094,40.874142759156136],[-73.899148217535298,40.874142723193984],[-73.899147908877154,40.874142659265544],[-73.899004220300739,40.874112611511769],[-73.899003995479333,40.874112566251355],[-73.899003781515347,40.874112492521576],[-73.89886492169795,40.874066771697493],[-73.898864694712401,40.874066698458613],[-73.898864471309722,40.874066591215723],[-73.898734745044507,40.874006054644752],[-73.898734661264371,40.874005999121181],[-73.898618052916802,40.873932480018958],[-73.898617897695715,40.873932382216772],[-73.898617768312945,40.873932273380774],[-73.898517556827358,40.873848494068291],[-73.898517344572994,40.873848313292001],[-73.898517154663367,40.873848096853003],[-73.898435000106232,40.873756796994513],[-73.89837163002062,40.873661036404187],[-73.898233440027951,40.873388805066675],[-73.898233344964439,40.873388624393193],[-73.898233262050923,40.873388436024392],[-73.89811299430373,40.873110358203924],[-73.898011169687805,40.872827280909497],[-73.897928332267867,40.872540464442743],[-73.897864834840007,40.872251108620382],[-73.897864811820099,40.872251009258932],[-73.897864800275329,40.872250910410209],[-73.897820784674096,40.871960049675955],[-73.897796250184427,40.871668702590853],[-73.897789621822028,40.870856643397943],[-73.898918542099935,40.869658574486067],[-73.899073271651304,40.869525356103622],[-73.899213876065218,40.869381386784234],[-73.899338511061856,40.869228028104367],[-73.899445615452422,40.869066842079057],[-73.899534043067135,40.868899614391239],[-73.899603002723666,40.868728208255696],[-73.899652202078386,40.868554579283725],[-73.899424360991361,40.867880837715603],[-73.899965755821071,40.868017302012511],[-73.901065406748813,40.868283904388079],[-73.901289032481984,40.868336679978121],[-73.90150981563184,40.868395953115979],[-73.901727428745289,40.86846163589307],[-73.901941549441332,40.868533630774898],[-73.902151859770484,40.868611831121932],[-73.902358047802338,40.868696120953047],[-73.903186673333479,40.869148991992759],[-73.903749758056918,40.869595627139539],[-73.904035925105575,40.869949163860518],[-73.904420030773849,40.870361276000203],[-73.904488604014361,40.870578548547101],[-73.904434286440249,40.872245309282214],[-73.904440072367436,40.872330328251124],[-73.904440083933068,40.872330419393151],[-73.904440106990265,40.872330499655696],[-73.904468966379426,40.872415395499367],[-73.904469013206807,40.87241552067772],[-73.904469085217286,40.872415628957121],[-73.90452057456632,40.872495022801694],[-73.904520703841712,40.872495211204388],[-73.904520881459547,40.872495391941023],[-73.904591888740896,40.872564446808262],[-73.904591948029747,40.872564500632109],[-73.904592031816065,40.872564553973668],[-73.904677282083384,40.872619879498536],[-73.905714252300911,40.873138322100871],[-73.905866167119726,40.873182660929722],[-73.905911262506635,40.873195817928263],[-73.906018092969816,40.873226989180594],[-73.906079178234862,40.87324242069289],[-73.906146688583718,40.87326020472856],[-73.906120817649267,40.873309027149659],[-73.905992696608635,40.873563076616932],[-73.905552306178521,40.874436315241667],[-73.905562955482054,40.874638190788296],[-73.905484645698138,40.874814378763816],[-73.904707646822843,40.876562484275404],[-73.904625046467189,40.876814634606525],[-73.904527940191116,40.877064178108505],[-73.904416566576856,40.877310396772806],[-73.904291245197797,40.87755258722828],[-73.904071416733814,40.877893040215305],[-73.903765701901634,40.878528638055556],[-73.903504366296715,40.878862672841969],[-73.903394396693599,40.878994195373615],[-73.903211013258769,40.879191286778955],[-73.902331576563427,40.880136434628028],[-73.902062513599191,40.880429984043296],[-73.901556586810173,40.880981944583489],[-73.900950595219527,40.881685922860072],[-73.900058049512651,40.882722757687169],[-73.899940500159317,40.882859305173184],[-73.899860374403033,40.882952382249798],[-73.899248353282943,40.88366330552256],[-73.899199350365237,40.883719396023352],[-73.898767149333381,40.884214094930869],[-73.898600563519523,40.884404766073409],[-73.898477240844826,40.884512311491818],[-73.898404030631994,40.884576154402254],[-73.897876724160113,40.885029798357984],[-73.897822123154043,40.88507677041931],[-73.89746883377974,40.88535198708017],[-73.896682430145802,40.885964590853931],[-73.896615464675165,40.885955256177425],[-73.896520689108414,40.885936989865115],[-73.895956748269711,40.885828324520048],[-73.895082705051223,40.885641511503401],[-73.89467948886859,40.885519941585784],[-73.89453431254789,40.885594064375994],[-73.894477617933575,40.885600414932718],[-73.89445878969974,40.885595394155871],[-73.894435424514541,40.885580482718808],[-73.894413776848111,40.88557128854827],[-73.894382395922392,40.885564708367326],[-73.894370627268998,40.885562315092763],[-73.894334527199092,40.885560495254843],[-73.894298428142022,40.885557484321573],[-73.89422936549758,40.885556229299333],[-73.894169729469525,40.885549623499628],[-73.894150896880717,40.885547222887887],[-73.894059882153257,40.885530462520869],[-73.894031637785986,40.885525076208296],[-73.894015161749323,40.885520890942928],[-73.893995550094218,40.885515511877998],[-73.893932466567691,40.885504970868688],[-73.893907049376551,40.885496966066533],[-73.89388384255048,40.885480436395603],[-73.893106838859936,40.885344697788064],[-73.892916435462794,40.885311434595536],[-73.892886445204383,40.885264306808857],[-73.89176617847599,40.885049846931651],[-73.890805439145353,40.884867844136934],[-73.889847017605959,40.884685747596848],[-73.888896421811495,40.884503919159151],[-73.888401571408394,40.884417075840098],[-73.887747733828533,40.884287619133815],[-73.887586124542409,40.884255620164225],[-73.887051425361193,40.884349575846151]]]]}},
{"type":"Feature","properties":{"ntaabbrev":"Kngbrdg","Name":"Kingsbridge-Marble Hill"},"geometry":{"type":"MultiPolygon","coordinates":[[[[-73.898462244083262,40.889476692439949],[-73.89940142907534,40.887578025078781],[-73.899538994723798,40.887299516394847],[-73.899777636311924,40.886816366664647],[-73.899831143564896,40.886708036976792],[-73.899904254798258,40.886559723755184],[-73.899782520535723,40.886529124009968],[-73.899725884936487,40.88651488751244],[-73.89892571692495,40.886383502473898],[-73.897383359698125,40.886086772464722],[-73.897156452788565,40.886044824243925],[-73.896881782960648,40.885999347945003],[-73.896682430145759,40.885964590853931],[-73.897468833779627,40.88535198708017],[-73.897822123153972,40.88507677041931],[-73.897876724160042,40.885029798357984],[-73.898404030631994,40.884576154402254],[-73.898477240844656,40.884512311491818],[-73.898600563519523,40.884404766073409],[-73.898767149333324,40.884214094930869],[-73.899199350365123,40.883719396023352],[-73.899248353282843,40.88366330552256],[-73.899860374403033,40.88295238224984],[-73.899940500159389,40.882859305173184],[-73.900058049512538,40.882722757687169],[-73.90095059521947,40.881685922860115],[-73.901556586810074,40.880981944583525],[-73.902062513599247,40.880429984043296],[-73.902331576563256,40.880136434628028],[-73.903211013258669,40.879191286778955],[-73.9033943966935,40.878994195373672],[-73.903504366296673,40.878862672842004],[-73.903765701901591,40.878528638055599],[-73.904071416733814,40.877893040215341],[-73.904291245197683,40.87755258722833],[-73.904416566576785,40.877310396772863],[-73.904527940191116,40.877064178108505],[-73.904625046467146,40.876814634606525],[-73.904707646822843,40.876562484275404],[-73.905484645698067,40.874814378763865],[-73.905562955481955,40.874638190788296],[-73.905552306178407,40.874436315241667],[-73.905992696608635,40.873563076616932],[-73.906120817649168,40.873309027149659],[-73.906146688583718,40.873260204728602],[-73.906246647408182,40.873287376100272],[-73.906363163960606,40.873319048423468],[-73.906628870067863,40.873380378728406],[-73.906699846468285,40.87339676274285],[-73.907464896618947,40.873547354235512],[-73.907742706962679,40.872845952111057],[-73.908463677800555,40.872620792206291],[-73.908720463030917,40.872228665588793],[-73.908932351753705,40.872157347970273],[-73.90897851320409,40.872224353837481],[-73.909015446778611,40.872289587556587],[-73.909059803282787,40.872341329292638],[-73.909089378509492,40.872375076122296],[-73.909099720224063,40.872394192262625],[-73.909099692563217,40.872414426155579],[-73.909139615941015,40.872462795482697],[-73.909175132574106,40.872480814392453],[-73.90919137506603,40.872513426454738],[-73.909210558683043,40.872565146643737],[-73.909246046235779,40.872604526348738],[-73.909265259059111,40.87263376146467],[-73.909271139010485,40.872662995979226],[-73.909355408727592,40.872770977581169],[-73.909439660658407,40.872882335025835],[-73.909511361955921,40.872977383597615],[-73.909543882716875,40.873017876248468],[-73.909579362858139,40.873062866516861],[-73.909589729492211,40.873064000057617],[-73.909600066219298,40.873087618490693],[-73.909637061997003,40.873107881880493],[-73.909653327582589,40.873124751434979],[-73.909674034047868,40.873147252728188],[-73.909709528298805,40.873182130449862],[-73.909716900064439,40.873204611417243],[-73.909747974396126,40.87321812533353],[-73.909786442031674,40.873247385300068],[-73.909845595572435,40.873313762029582],[-73.909907698894187,40.873383498858558],[-73.909961681766248,40.873431321183595],[-73.910016407977167,40.873481944709347],[-73.910075567864396,40.873535956462419],[-73.910094820865595,40.873537088003083],[-73.910109614404007,40.873553966228791],[-73.910103673671543,40.873560706405435],[-73.910168762291505,40.873616963513548],[-73.910179132699696,40.873614720916407],[-73.910183552628581,40.873627089216662],[-73.910189462105848,40.873642834093481],[-73.910273780066348,40.873708094374756],[-73.910355139435225,40.873777855811419],[-73.910445394536765,40.873838628117824],[-73.910506064970875,40.873880268252854],[-73.9105889769953,40.873933748680756],[-73.910654392495516,40.873975943563288],[-73.91070983588925,40.874015027667909],[-73.910809131362882,40.874085022781372],[-73.910851710139326,40.874109737487892],[-73.910921178771503,40.874146396541832],[-73.910989537751632,40.874179640917902],[-73.91106909526745,40.874221412921081],[-73.911112794621502,40.874242725503272],[-73.911157619051863,40.874265739794048],[-73.911194596886233,40.874281941577614],[-73.911252878854654,40.874310072951609],[-73.911262945436306,40.874323704149909],[-73.911271924579708,40.87431604906331],[-73.911278642033182,40.874331369497945],[-73.911310588612423,40.87434481614892],[-73.911484281410594,40.874417921601705],[-73.911510066226739,40.874423046633716],[-73.911550430333932,40.874428184342797],[-73.911571732171481,40.874431612772035],[-73.911597511404196,40.874439286472096],[-73.911599745326882,40.874445248979697],[-73.911623291712431,40.874447815873758],[-73.91162776408585,40.874456338168187],[-73.911638973746705,40.874457192741907],[-73.911650176063105,40.874473374640168],[-73.9116681090008,40.874475944765798],[-73.911671461022138,40.874487862055737],[-73.911688268846916,40.874490431317064],[-73.911692754342496,40.87448958004817],[-73.911702840244772,40.874496395222124],[-73.911734236131053,40.874501525502126],[-73.911739828701329,40.874505788879155],[-73.911770091156683,40.874516024042414],[-73.911791390789318,40.874521144242088],[-73.911809339019854,40.874522015508745],[-73.911839042127184,40.874532671713744],[-73.911859209697269,40.874541205988308],[-73.911882746444263,40.874550579608268],[-73.911896194584699,40.874553994944456],[-73.911915256883191,40.874555719903732],[-73.911920861149468,40.874560829270969],[-73.911929832163693,40.874558278714595],[-73.911933180376636,40.874565944935242],[-73.91194440287731,40.874565953498887],[-73.911946630074539,40.874577021251739],[-73.91195446988965,40.874578728929968],[-73.911957844264975,40.874574473409886],[-73.911965700283218,40.87457277770644],[-73.911969070842915,40.874562568422895],[-73.912030721226756,40.874583038641205],[-73.912084527338891,40.874595848064232],[-73.912152906715377,40.874613775656456],[-73.912176445543281,40.874621457405233],[-73.91221454459837,40.874635100635643],[-73.912215661613473,40.874641909276754],[-73.91222814305624,40.874650562946705],[-73.912228132524518,40.87465854121178],[-73.912237913187141,40.874654558927332],[-73.91225294310378,40.874655139096298],[-73.912276991241555,40.874654022244492],[-73.91227397124392,40.874667706561148],[-73.912284492061545,40.874668292009382],[-73.912295006735235,40.874675710706811],[-73.912306278434215,40.874674575259483],[-73.912311552171943,40.874669447373556],[-73.912323558048627,40.874678586320336],[-73.912333334820602,40.87467688334003],[-73.91234234177405,40.874683733823083],[-73.912337076631843,40.874691717310462],[-73.912343088315637,40.874694008228019],[-73.912349099772385,40.874686593879552],[-73.912355864113636,40.874694018601595],[-73.912349841814702,40.874700282228112],[-73.912358854779256,40.874702575926896],[-73.912364874747226,40.874698582734581],[-73.912368624790773,40.874706004329163],[-73.912377646039744,40.87470201274509],[-73.912387413782952,40.874707163278337],[-73.912394924819964,40.874707168310302],[-73.912404693989004,40.874711740722041],[-73.912422716272346,40.874718599214056],[-73.912430989695025,40.874715183839228],[-73.912440001832124,40.874718612330483],[-73.91245203133046,40.874718044508491],[-73.912457292994574,40.874723757341769],[-73.912477572281574,40.87472833889229],[-73.912488091534982,40.874730624677142],[-73.912490336829023,40.874736902621201],[-73.912502362391947,40.874740333895105],[-73.912506878421851,40.87473406124515],[-73.912519653386056,40.87473521444042],[-73.912525657495934,40.874743773542995],[-73.912529410691377,40.874749485899599],[-73.912551200153047,40.874751780052954],[-73.912555702488064,40.874756924739067],[-73.912591767285264,40.874764363269172],[-73.912618808020824,40.874779791488301],[-73.912642849463595,40.874783799914916],[-73.91267516981155,40.874788956269292],[-73.912696213797588,40.874789548134565],[-73.912706344146301,40.874800109063585],[-73.912722877462897,40.874802400883695],[-73.912728596434093,40.874802405208705],[-73.912743159915308,40.874802416221151],[-73.912753662843514,40.874814972791604],[-73.912768693703157,40.87481099610666],[-73.912787471901936,40.874816709927124],[-73.912800234289918,40.87482528082338],[-73.912806240157579,40.874829840473481],[-73.91282126799544,40.874829851826924],[-73.912848305262401,40.874839568132444],[-73.912856560860561,40.874847558670311],[-73.912869334562203,40.874847001920763],[-73.912879095771757,40.874854994598927],[-73.91288436169458,40.874845870257502],[-73.912894877404128,40.874849875121306],[-73.912904638617164,40.874857867797303],[-73.912921171408627,40.874857880273503],[-73.912936199284914,40.874856181706917],[-73.912943716439088,40.87484933603092],[-73.913500425952279,40.875017851201548],[-73.913489289858745,40.875036016563023],[-73.913499550078512,40.875034072781098],[-73.913508955015118,40.875034728143341],[-73.913508776139409,40.875044312992728],[-73.913534152965667,40.875047133827628],[-73.913547973159822,40.875053103469405],[-73.913568728693051,40.875052066135467],[-73.913582098204927,40.875058728309874],[-73.913587628887853,40.875065736243663],[-73.913601467692487,40.875064693724454],[-73.913622222935032,40.87506541134929],[-73.913631454060337,40.875061916027029],[-73.913644827921203,40.875064726178593],[-73.91365267603797,40.875058079553909],[-73.913770654969198,40.875096032941805],[-73.913863586224224,40.875124010464788],[-73.913873679718222,40.875124017998075],[-73.91388231701832,40.875129489036809],[-73.914074671928617,40.875182702795712],[-73.914068418709135,40.875208236316595],[-73.915351058620274,40.875594529849167],[-73.91538267940021,40.875593005128323],[-73.915402050893121,40.875599204773224],[-73.915425486735415,40.875607737635164],[-73.915455048650912,40.87562092055402],[-73.915468557717261,40.87563193166956],[-73.915486834323659,40.875636571531409],[-73.915509898083727,40.875643196019404],[-73.915529048081041,40.875645524364906],[-73.91555167298111,40.875653800800208],[-73.915575608811622,40.875658114936741],[-73.91558474352486,40.87566274641965],[-73.915616937846309,40.875677639619511],[-73.915671775484086,40.87568528021098],[-73.915707896070231,40.875692906101627],[-73.915720063831998,40.875709436417729],[-73.915742259194502,40.875713086696074],[-73.915785155056,40.875716945734112],[-73.915743145201205,40.875760896494718],[-73.915710276113742,40.875795455052177],[-73.914846240901056,40.876666710778778],[-73.91247736184495,40.877913228375945],[-73.912058299639455,40.878119320550915],[-73.91148913102154,40.879018858809026],[-73.910331934781382,40.879038047306764],[-73.909678683227625,40.879514588338587],[-73.910339762240866,40.880052398007081],[-73.910471736767661,40.880293080210656],[-73.910514763985745,40.880442048731339],[-73.910525759839601,40.880477869404892],[-73.910494903648583,40.880525278169095],[-73.910374577032982,40.880662907312427],[-73.910211274225574,40.880780215242488],[-73.909865970579617,40.881036818891211],[-73.909528207224298,40.881324042832681],[-73.909382099189799,40.881363327177489],[-73.909388058012482,40.88145400429778],[-73.908647415006342,40.88246847928481],[-73.908511197090391,40.882665075037927],[-73.90846633590094,40.882719767778859],[-73.908418198584826,40.882772831866085],[-73.908366887591413,40.882824154787791],[-73.908312512117135,40.882873626855492],[-73.9082405115673,40.882934499808435],[-73.908174768848227,40.882999322931902],[-73.908115658974864,40.883067726554245],[-73.90806351898334,40.883139320574728],[-73.908022401997599,40.883201333957402],[-73.907985959521667,40.883265008894483],[-73.907954308195258,40.883330142180796],[-73.907927548206345,40.883396526808255],[-73.907856969307446,40.883584216002426],[-73.907699969415262,40.884066607523629],[-73.907627092015886,40.884245402957227],[-73.907585327326274,40.884389301513352],[-73.907472399965485,40.884435021575996],[-73.9073306523117,40.884507071724826],[-73.907193026878772,40.884583586988157],[-73.907059767703331,40.884664431697637],[-73.906931111082372,40.884749462507884],[-73.906807285123236,40.884838529228887],[-73.906688509466335,40.884931473359089],[-73.906574994735848,40.885028130097702],[-73.906466942230665,40.885128328060439],[-73.906074148252785,40.885632904917344],[-73.905888232777869,40.885587525424917],[-73.904136422962125,40.887080709031167],[-73.90381882530346,40.887479009649184],[-73.903586125486768,40.887801458989777],[-73.903373143843041,40.888132345033057],[-73.903180641067706,40.888470595376191],[-73.903009259836494,40.888815111713278],[-73.902859489298478,40.889164744004809],[-73.902759966043575,40.889122170167873],[-73.902713445740716,40.889108985747491],[-73.902665208711511,40.889100033469781],[-73.90261592109708,40.889095436246002],[-73.90256626315707,40.889095258192441],[-73.90195148553498,40.889153194548172],[-73.901899417049663,40.889152348223725],[-73.901847690917918,40.889147745954077],[-73.901796775998591,40.889139428409628],[-73.901747134951918,40.889127472115803],[-73.901305508226926,40.888943193146005],[-73.901246855745981,40.888922970606757],[-73.901185504229915,40.888908057074751],[-73.901122284840341,40.888898654591138],[-73.901058054042636,40.888894890536164],[-73.900993682003275,40.888896815903365],[-73.900930040601168,40.888904404339002],[-73.900867992176032,40.888917553321974],[-73.900808377329611,40.88893608471669],[-73.90075200369651,40.888959747468775],[-73.900699635003193,40.888988221006834],[-73.90061805354847,40.889052177847674],[-73.90021962732483,40.889378813500066],[-73.900156358394497,40.889423194695738],[-73.900088159954436,40.889463150485426],[-73.900015567358736,40.889498366536834],[-73.899939151164844,40.889528566714162],[-73.899646365039274,40.889797190782765],[-73.898539118372582,40.890389074042531],[-73.898451295331569,40.890708966148487],[-73.897914625999348,40.890546693003458],[-73.898015179034076,40.890314547008991],[-73.898462244083262,40.889476692439949]]]]}},
{"type":"Feature","properties":{"ntaabbrev":"Rvrdl","Name":"Riverdale-Spuyten Duyvil"},"geometry":{"type":"MultiPolygon","coordinates":[[[[-73.89663333796986,40.911417375348428],[-73.896630685773189,40.911298927106614],[-73.896630685186551,40.911298878357321],[-73.896606136072535,40.910202248622006],[-73.89659583648735,40.909627660152758],[-73.896564644439195,40.908285824664183],[-73.89654653137876,40.907506655545887],[-73.896492292498039,40.906339652944197],[-73.896435033019898,40.905092999571067],[-73.89641133483029,40.904504521490558],[-73.896357859051335,40.903200132253467],[-73.896408957363676,40.902961108719545],[-73.896610021948646,40.90220351308475],[-73.896878444357853,40.901040580804811],[-73.896970540934959,40.900611168247437],[-73.897028949972679,40.900315204248365],[-73.897033636263913,40.900278621281529],[-73.89704651331958,40.90022470306787],[-73.897073291203867,40.900083891336926],[-73.897139471744865,40.899619435646073],[-73.897157170990951,40.899371827346904],[-73.897091489261726,40.898593318371717],[-73.896994927058586,40.89787872454805],[-73.896707469347803,40.895805029915941],[-73.896431706286947,40.89365528042881],[-73.89675789986525,40.892645444241225],[-73.89705763297664,40.892140458197645],[-73.897281123661017,40.891710684684341],[-73.897387026941146,40.891635966430279],[-73.897830006945114,40.8907250409802],[-73.897914625999348,40.890546693003458],[-73.898451295331569,40.890708966148487],[-73.898539118372582,40.890389074042531],[-73.899646365039274,40.889797190782765],[-73.899939151164844,40.889528566714162],[-73.900015567358736,40.889498366536834],[-73.900088159954436,40.889463150485426],[-73.900156358394497,40.889423194695738],[-73.90021962732483,40.889378813500066],[-73.90061805354847,40.889052177847674],[-73.900699635003193,40.888988221006834],[-73.90075200369651,40.888959747468775],[-73.900808377329611,40.88893608471669],[-73.900867992176032,40.888917553321974],[-73.900930040601168,40.888904404339002],[-73.900993682003275,40.888896815903365],[-73.901058054042636,40.888894890536164],[-73.901122284840341,40.888898654591138],[-73.901185504229915,40.888908057074751],[-73.901246855745981,40.888922970606757],[-73.901305508226926,40.888943193146005],[-73.901747134951918,40.889127472115803],[-73.901796775998591,40.889139428409628],[-73.901847690917918,40.889147745954077],[-73.901899417049663,40.889152348223725],[-73.90195148553498,40.889153194548172],[-73.90256626315707,40.889095258192441],[-73.90261592109708,40.889095436246002],[-73.902665208711511,40.889100033469781],[-73.902713445740716,40.889108985747491],[-73.902759966043575,40.889122170167873],[-73.902859489298478,40.889164744004809],[-73.903009259836494,40.888815111713278],[-73.903180641067706,40.888470595376191],[-73.903373143843041,40.888132345033057],[-73.903586125486768,40.887801458989777],[-73.90381882530346,40.887479009649184],[-73.904136422962125,40.887080709031167],[-73.905888232777869,40.885587525424917],[-73.906074148252785,40.885632904917344],[-73.906466942230665,40.885128328060439],[-73.906574994735848,40.885028130097702],[-73.906688509466335,40.884931473359089],[-73.906807285123236,40.884838529228887],[-73.906931111082372,40.884749462507884],[-73.907059767703331,40.884664431697637],[-73.907193026878772,40.884583586988157],[-73.9073306523117,40.884507071724826],[-73.907472399965485,40.884435021575996],[-73.907585327326274,40.884389301513352],[-73.907627092015886,40.884245402957227],[-73.907699969415262,40.884066607523629],[-73.907856969307446,40.883584216002426],[-73.907927548206345,40.883396526808255],[-73.907954308195258,40.883330142180796],[-73.907985959521667,40.883265008894483],[-73.908022401997599,40.883201333957402],[-73.90806351898334,40.883139320574728],[-73.908115658974864,40.883067726554245],[-73.908174768848227,40.882999322931902],[-73.9082405115673,40.882934499808435],[-73.908312512117135,40.882873626855492],[-73.908366887591413,40.882824154787791],[-73.908418198584826,40.882772831866085],[-73.90846633590094,40.882719767778859],[-73.908511197090391,40.882665075037927],[-73.908647415006342,40.88246847928481],[-73.909388058012482,40.88145400429778],[-73.909382099189799,40.881363327177489],[-73.909528207224298,40.881324042832681],[-73.909865970579617,40.881036818891211],[-73.910211274225574,40.880780215242488],[-73.910374577032982,40.880662907312427],[-73.910494903648583,40.880525278169095],[-73.910525759839601,40.880477869404892],[-73.910514763985745,40.880442048731339],[-73.910471736767661,40.880293080210656],[-73.910339762240866,40.880052398007081],[-73.909678683227625,40.879514588338587],[-73.910331934781382,40.879038047306764],[-73.91148913102154,40.879018858809026],[-73.912058299639455,40.878119320550915],[-73.91247736184495,40.877913228375945],[-73.914846240901056,40.876666710778778],[-73.915710276113742,40.875795455052177],[-73.915743145201205,40.875760896494718],[-73.915785155056,40.875716945734112],[-73.917260283372883,40.87580900358077],[-73.917333388446934,40.875802059885324],[-73.917401008214966,40.875786905445644],[-73.917473647701598,40.875762250152739],[-73.917689070719319,40.875680684057436],[-73.917756693297051,40.875663627860405],[-73.917789225065718,40.875676955696832],[-73.917839224520264,40.875737804911303],[-73.917919294730709,40.875777772006145],[-73.91799187160882,40.875804429566294],[-73.918084521989499,40.875794993812356],[-73.918249741441343,40.875817916510499],[-73.918259722217215,40.875844530045761],[-73.918279739373702,40.875855946825368],[-73.918297274696997,40.875848356388694],[-73.918329837675216,40.875836976331705],[-73.919083262245891,40.876064881825535],[-73.919783811665184,40.876421437110835],[-73.919775567881672,40.876497554880068],[-73.919877035156588,40.876508887923222],[-73.919921371130698,40.876545061891164],[-73.919943320312484,40.876546830412138],[-73.919968937474025,40.876548896312656],[-73.920028975299886,40.876592647793011],[-73.92006899542389,40.876626884160409],[-73.92005645790482,40.876656921178679],[-73.920053928839636,40.876662981236393],[-73.920071436016187,40.876680098270207],[-73.920080283644765,40.876680105067685],[-73.920111495109452,40.876680126677627],[-73.920154006937153,40.876723866293283],[-73.920256388325811,40.876951990276339],[-73.921577103357336,40.878136542621434],[-73.921606301808396,40.878157102078468],[-73.921632862106819,40.878184794192229],[-73.921645153595804,40.878198543585029],[-73.921692036272646,40.878250984202666],[-73.921822117772493,40.878351797071637],[-73.92206723585673,40.878572414802704],[-73.92213443996593,40.878609864790626],[-73.922229794988141,40.878645497664046],[-73.922407992075321,40.878683090749263],[-73.922407974285179,40.878698334796248],[-73.922434644097848,40.878698463121168],[-73.922488298930546,40.878706645461008],[-73.922489927279145,40.878744755445304],[-73.922535230184693,40.878766576538574],[-73.922585296933477,40.878776112688058],[-73.922678798415689,40.87886681383371],[-73.922737881991708,40.87890544609759],[-73.922797943848565,40.878932092237484],[-73.922873038046873,40.878951147220299],[-73.922950653011469,40.878954999816862],[-73.923040821354249,40.878930353907002],[-73.923093196941664,40.878905555933834],[-73.923123456574842,40.878922808478734],[-73.923163506052305,40.878934236573109],[-73.923186038178528,40.878936152451537],[-73.923243634216533,40.878930488970809],[-73.923259171571232,40.878921071966346],[-73.923268690952128,40.878915301779941],[-73.923303753077647,40.878907722740706],[-73.923591724647807,40.878952159834853],[-73.923629738841115,40.878963943913149],[-73.923749354129242,40.878984036599093],[-73.923794413018442,40.878993570254856],[-73.923826978774116,40.878980287607796],[-73.923831673387582,40.878980052991615],[-73.923902098541959,40.878976535740001],[-73.923942151869383,40.878984164488031],[-73.923969677459283,40.878999386477119],[-73.923987186667489,40.879014601360389],[-73.924037255321309,40.879022235498553],[-73.924057288296538,40.879020348808211],[-73.924064815675493,40.879007051458274],[-73.924179996216921,40.879005225635268],[-73.924312684710145,40.879018615702932],[-73.924490427129072,40.879047238956502],[-73.924517958510265,40.879058659562084],[-73.924535493523308,40.879051069354418],[-73.924538031582387,40.879020664817219],[-73.924580616805031,40.879003587084718],[-73.924615653190003,40.879018813995103],[-73.924655719547189,40.879015039237764],[-73.924680818828463,40.878961843729023],[-73.924723421188673,40.878929563777675],[-73.924778533281696,40.878904893639657],[-73.924903273847917,40.878888367852795],[-73.923805256055545,40.880324901133683],[-73.921829550433955,40.884511600836994],[-73.92138842752486,40.88545905135588],[-73.921064130872367,40.88615556170771],[-73.920586418773354,40.887182677614881],[-73.9203928019909,40.887648500227101],[-73.919785107492217,40.889286444810352],[-73.919159438381158,40.890894353974332],[-73.918880143916084,40.891605721953042],[-73.918536888761423,40.892545683418199],[-73.918164054584111,40.89356661453013],[-73.918002635852218,40.894008616348465],[-73.91781783723799,40.894416425567641],[-73.917812408055653,40.894535279689045],[-73.917860094364968,40.894600614531178],[-73.917899631245845,40.894669010039571],[-73.917634882074196,40.894941905854921],[-73.916941610783979,40.896644551702586],[-73.916851380335174,40.896930782857247],[-73.916708491718481,40.89738405476804],[-73.916720710123428,40.897408703241815],[-73.916727321653511,40.897434555421469],[-73.916728139928026,40.897460882552359],[-73.916723141873447,40.897486942490183],[-73.916673432128675,40.897527052114043],[-73.91518455871676,40.901584282862338],[-73.915233974193612,40.901696797748407],[-73.915431729584157,40.901812683688512],[-73.915014495860447,40.903081299106589],[-73.914590392433198,40.904119002196545],[-73.914290800875733,40.904093207462807],[-73.914185435298052,40.904140391471458],[-73.913885539986481,40.904957765488177],[-73.91286857876598,40.907535475893596],[-73.9128761283324,40.907562092040813],[-73.91288875976656,40.907587575142465],[-73.912906197880915,40.907611370014216],[-73.912928062766511,40.907632958251583],[-73.912953878070184,40.907651869524265],[-73.913000815448896,40.907676854782693],[-73.913042566967405,40.907706670770509],[-73.913078276224454,40.907740705911408],[-73.913107210752287,40.907778262086339],[-73.913113500930834,40.907791284278574],[-73.913116998871843,40.907804897092099],[-73.913117616621747,40.907818758249014],[-73.913115338646662,40.907832519226787],[-73.913110222221547,40.907845834021877],[-73.913102395991629,40.907858367849052],[-73.913092056736573,40.907869805559528],[-73.913079464424584,40.907879859564922],[-73.912997139945944,40.907917959878475],[-73.912910469663998,40.907950036650291],[-73.912820217104098,40.907975807296957],[-73.912727177351783,40.907995044789267],[-73.912649321728779,40.90807081195554],[-73.912340511674415,40.909058194769436],[-73.912359184483492,40.909136734079603],[-73.912322176558675,40.90918884493972],[-73.912281070167438,40.909193361094985],[-73.912268688514359,40.909230148502587],[-73.91227584011655,40.90926351655564],[-73.911819523937851,40.911148334863682],[-73.911774958210358,40.911252187865429],[-73.91157895749275,40.912135959822656],[-73.911504753949771,40.912169878874536],[-73.911491907037444,40.912233769312188],[-73.911536189055141,40.912302061772245],[-73.911448824733085,40.912754683091428],[-73.911432130278413,40.912823826219842],[-73.911473320997956,40.912910903034337],[-73.911500457835061,40.912968269828731],[-73.911550290283088,40.913069812192248],[-73.911654724021986,40.913417851896895],[-73.911499590747383,40.913766582207558],[-73.911437762075025,40.913805451600645],[-73.911380521381105,40.913848174077195],[-73.911328284546173,40.913894439245375],[-73.911281431097962,40.913943910973984],[-73.911240301454953,40.913996229834169],[-73.911205194452378,40.914051015711117],[-73.91120192852307,40.914067489391584],[-73.911202091444025,40.914084147874966],[-73.911205679225631,40.914100582981362],[-73.911212603959584,40.914116392003976],[-73.911222695972654,40.914131187576608],[-73.911235707983238,40.914144607165298],[-73.911201036940142,40.914220485202954],[-73.911158341458517,40.914293971334665],[-73.911107904704863,40.914364578139455],[-73.911050061194288,40.914431837292788],[-73.910985194573882,40.914495302673288],[-73.910913735077386,40.914554553322056],[-73.910864461039836,40.914566202248658],[-73.910818146579388,40.914583479358939],[-73.910778008844346,40.914604663905827],[-73.91074238628218,40.914630073270757],[-73.910712044770435,40.914659161161453],[-73.910663358789051,40.914796420306381],[-73.910332567827282,40.91553277650231],[-73.910112765588508,40.915398734144212],[-73.908511548851081,40.915002264025517],[-73.902456639386969,40.912958933425578],[-73.900603859922086,40.912607266401423],[-73.899953512522202,40.912383434764514],[-73.898104896224169,40.911790600512411],[-73.897253263549615,40.911655519938819],[-73.89663333796986,40.911417375348428]]]]}},
{"type":"Feature","properties":{"ntaabbrev":"Sdvw_BxRvr","Name":"Soundview-Bruckner-Bronx River"},"geometry":{"type":"MultiPolygon","coordinates":[[[[-73.862722733329107,40.832920683003167],[-73.863665611915835,40.832695324570949],[-73.863134980630008,40.830304474813531],[-73.862642256143943,40.828170145263869],[-73.861716974480572,40.828296253875678],[-73.860673240503274,40.828418986336743],[-73.859703332475718,40.826277348534951],[-73.861206907927794,40.826087795232453],[-73.862166874269136,40.825965164235626],[-73.863547388108969,40.825779328543874],[-73.863616966347621,40.825769962983543],[-73.863956043956605,40.825724315923011],[-73.864069137080847,40.825709089819085],[-73.864461418931754,40.825656279320974],[-73.864555143873744,40.825643661111584],[-73.864744908150612,40.825618112568222],[-73.864909494730625,40.825595955234895],[-73.865296342286115,40.825541319064428],[-73.865380501890911,40.825529431143316],[-73.865675367222536,40.82548778518133],[-73.865772748264817,40.825474030070566],[-73.866535212583983,40.825366333983069],[-73.866627451134164,40.825353306122857],[-73.867079245688075,40.825289487706428],[-73.867185042373762,40.825274543304303],[-73.867531738443176,40.825225570655618],[-73.86761742329233,40.825213377625019],[-73.86770310813074,40.82520117414424],[-73.867791043642313,40.82518945129469],[-73.867878990826512,40.825177720685353],[-73.868402495216543,40.825109808369895],[-73.868493862695814,40.825097956054186],[-73.869117443104443,40.825017058528985],[-73.869229744796229,40.825002489528003],[-73.869841706936313,40.824923094356869],[-73.870518777431627,40.824840902889697],[-73.87145992743001,40.824720208838279],[-73.872168814450262,40.824610739860361],[-73.872536568183747,40.824568914056123],[-73.872584318827677,40.824562564381999],[-73.872630710494747,40.824553358237182],[-73.872883064629391,40.82451596063715],[-73.873568084643637,40.824419846967537],[-73.87354451958511,40.824306403290393],[-73.873531592914631,40.824260094597051],[-73.873503895246998,40.824212761202887],[-73.873422388708349,40.824073454668323],[-73.872991443997151,40.822301622718165],[-73.8724683409405,40.820150091530202],[-73.873026138678483,40.820070781861183],[-73.87431196247725,40.819887949551649],[-73.87467611836837,40.819836166569011],[-73.875579409722235,40.819707708186485],[-73.876135041079408,40.819644910447522],[-73.877841949866792,40.819418991617233],[-73.878956782999765,40.819281460565662],[-73.879637218175674,40.819187064516697],[-73.879814642314145,40.819162449262805],[-73.88063708198888,40.818520430046917],[-73.880980295271144,40.818235623126753],[-73.882447794866479,40.819268323013581],[-73.882659228577836,40.819688833121582],[-73.883787860381844,40.821933414273147],[-73.884249716840174,40.822642209082076],[-73.884294881449648,40.82271820577008],[-73.884332122934197,40.82281014348159],[-73.884361284375615,40.822873801330545],[-73.884385039517312,40.822951369497048],[-73.884398918270691,40.822997524310743],[-73.884644505460315,40.823814274202775],[-73.884621658020265,40.824956206837093],[-73.884613359441559,40.825276503821655],[-73.884609388584991,40.825303536426695],[-73.884387052875681,40.826817283532357],[-73.883784140463533,40.828274292461678],[-73.883520186697325,40.829260182491396],[-73.883574117066232,40.829478646603903],[-73.883714869324621,40.829618255341721],[-73.883900947225172,40.82980281690994],[-73.883847207863582,40.829872518688319],[-73.882512026615061,40.831552261126234],[-73.880573388623731,40.83403109347622],[-73.880075198001578,40.834671956926087],[-73.880051884150674,40.83470205920019],[-73.879740402175415,40.834592177960445],[-73.87940077058947,40.834472365103174],[-73.879252393434228,40.834424789993932],[-73.879169288282398,40.834526261229215],[-73.879061810976367,40.83463927136895],[-73.878927054172166,40.834780964215831],[-73.878664813356238,40.835025658693127],[-73.878383702733373,40.835259032168835],[-73.878085019704457,40.835479842514566],[-73.878013017320185,40.835530072673038],[-73.877946059523453,40.83557678375449],[-73.87783333945768,40.835652615525383],[-73.877717762357847,40.835725924607111],[-73.877599426686103,40.835796648996556],[-73.877478431978801,40.83586472877986],[-73.877350089072436,40.835932692555296],[-73.877283334432477,40.835968043159859],[-73.876989213891804,40.836102496373705],[-73.876733233395498,40.836205618054109],[-73.87648655700896,40.83618892925864],[-73.876241972437754,40.836179227428644],[-73.875942001545496,40.83615408580858],[-73.875899845251212,40.836150706225858],[-73.875230490371834,40.836090284867296],[-73.874024435810711,40.835992939700887],[-73.873928180060915,40.835990312617852],[-73.873925052393545,40.836007527317896],[-73.873920197753705,40.836028880821161],[-73.873843147399512,40.836326869704202],[-73.873836964237157,40.836361118083147],[-73.87382447955919,40.836398618580063],[-73.873790327833547,40.836529266357516],[-73.873779944468183,40.836568988003485],[-73.873703247138948,40.836817459237423],[-73.873659010139377,40.836904767349296],[-73.873586068131573,40.83708672284957],[-73.87340550759285,40.83760202140293],[-73.873384323641375,40.837662439460019],[-73.873301507307573,40.837926025384668],[-73.873229282287213,40.838155902987282],[-73.873206340911835,40.838254147827591],[-73.873193179074647,40.838310477360864],[-73.87302790005586,40.838954329122295],[-73.872934138139144,40.839342510496166],[-73.872834537739109,40.839754863891976],[-73.872772045040278,40.839751282837092],[-73.872727184255908,40.839748944800192],[-73.871206057932483,40.839674622441777],[-73.870347868937714,40.839625567024775],[-73.870276385652488,40.839621478807594],[-73.870181781338374,40.839618076502077],[-73.870065250245901,40.839613883668051],[-73.869558619347288,40.839595653460329],[-73.869207668159348,40.839600047213814],[-73.868740734183547,40.839824577142828],[-73.868308467703173,40.839995214457055],[-73.867822580489999,40.840166499015531],[-73.867402069785712,40.840290276055136],[-73.867248188232708,40.840343804369681],[-73.866361307239245,40.84059268502233],[-73.865464500364467,40.840856891963064],[-73.864480116516106,40.841087797386244],[-73.864270081256436,40.840684005257287],[-73.86410376792972,40.840364262910803],[-73.863937480152074,40.840044565901785],[-73.863595856551882,40.83809576120688],[-73.863555514869162,40.837865621461113],[-73.863202107563012,40.835798306621392],[-73.863156382610597,40.835530822326575],[-73.862959520004225,40.834420322895632],[-73.862942601211103,40.834299600672232],[-73.862897612687419,40.834003383679452],[-73.862893614861576,40.833964260706928],[-73.862881131288432,40.833889073608603],[-73.862848511126444,40.833690231272669],[-73.862727005679886,40.833072222215698],[-73.862722733329107,40.832920683003167]]]]}},
{"type":"Feature","properties":{"ntaabbrev":"Sdvw_ClsPt","Name":"Soundview-Clason Point"},"geometry":{"type":"MultiPolygon","coordinates":[[[[-73.845765617021101,40.811582279344712],[-73.845854121852213,40.811429471031985],[-73.845911669166057,40.811330112446242],[-73.846026003660725,40.811023714421758],[-73.846173028721694,40.810676663928028],[-73.846888712083469,40.810521325178513],[-73.847196845096477,40.810580487614345],[-73.847467721682719,40.810903942854416],[-73.847582833999951,40.811281749250433],[-73.847630992987987,40.811351741271523],[-73.847702566225152,40.811455764866132],[-73.848214865155938,40.812462909498464],[-73.848762868553436,40.81290468611973],[-73.849385561479764,40.81323686534521],[-73.85005049815264,40.813489023837583],[-73.850204866962329,40.813534295519354],[-73.850410668201164,40.813584023888659],[-73.850524705450411,40.813830315849287],[-73.850602462038481,40.813930200042222],[-73.851593250079944,40.814304386750429],[-73.851792005113595,40.814300174024844],[-73.851981255773381,40.814340561920716],[-73.852188323958302,40.814288973652566],[-73.852437076728947,40.81430267449521],[-73.852390580164595,40.814421375909291],[-73.852249564709766,40.814471376637329],[-73.852258322492844,40.81449313256411],[-73.852434534724395,40.814456559252747],[-73.852531272286228,40.814516900106845],[-73.852619327515811,40.814522031068087],[-73.852800042436044,40.814440299471677],[-73.852945057677232,40.814572627656602],[-73.853013282871274,40.814584423623714],[-73.852894634966958,40.814475546775192],[-73.852842087075231,40.814343336581118],[-73.85265496045065,40.8143380795577],[-73.852672783809084,40.814242758337123],[-73.852646512771997,40.814175817245513],[-73.852673068927118,40.814113961361976],[-73.852618151909525,40.81405869212329],[-73.852657992089433,40.813963399042443],[-73.852979627048967,40.813873483992978],[-73.852951057438915,40.813850030118459],[-73.852968708102452,40.813833325622475],[-73.852951316145806,40.813732942073067],[-73.852880905853226,40.813714452676685],[-73.852913985455999,40.813689403701773],[-73.852979951693953,40.813673822602702],[-73.853368578026732,40.813593903135626],[-73.853743580272322,40.813645833154162],[-73.854346555848608,40.813863858416859],[-73.854842354099162,40.814091518012567],[-73.854955040012655,40.81419341717104],[-73.855146953154375,40.814368994296565],[-73.855315117237879,40.814412141184029],[-73.855380302435776,40.814288882585444],[-73.855319658296011,40.814161567149554],[-73.855048601336875,40.814073189623123],[-73.854710082107999,40.813844401918168],[-73.854430755965993,40.813717919069937],[-73.854112687349229,40.813635146323335],[-73.853850109908876,40.813571412711838],[-73.853467740585231,40.813477711608783],[-73.853352587489425,40.813490360482611],[-73.853239009278155,40.813509542088688],[-73.853127647039699,40.813535148157349],[-73.853019129356255,40.813567034156144],[-73.85291406875649,40.813605020105655],[-73.852847930446444,40.813632656959598],[-73.85278364056272,40.813662706288184],[-73.852748283425285,40.813683646625542],[-73.852710001513884,40.813701371591613],[-73.852661333837816,40.813717954469794],[-73.852610146732758,40.813729346273874],[-73.85255739434929,40.813735334655348],[-73.852516521267091,40.813736193258563],[-73.852475753940013,40.813733801404808],[-73.852063574131762,40.813726060160953],[-73.851914172974404,40.813672057922979],[-73.851713535541705,40.813646743546229],[-73.851481242283086,40.813590682609757],[-73.851363576254556,40.813550062199837],[-73.851199976591502,40.813553143872895],[-73.85104839716935,40.813491880338525],[-73.850894935873811,40.81343338390046],[-73.850728113023834,40.813327222478357],[-73.85056668356394,40.813216352539563],[-73.850410877559085,40.813100932111581],[-73.850349234668599,40.813063358069883],[-73.850284181483474,40.813029264164356],[-73.850216057681649,40.812998828415211],[-73.850145218972642,40.812972209741488],[-73.850097833052658,40.812957002732922],[-73.849979540608743,40.812914144462511],[-73.849865168421971,40.812865530337],[-73.84975520101662,40.812811366308125],[-73.849650104253001,40.812751881839013],[-73.849550323353682,40.812687328931979],[-73.849456281017325,40.812617981060669],[-73.849368375627847,40.812544132011382],[-73.849286979566912,40.812466094638268],[-73.849212437636311,40.812384199537767],[-73.849145065597639,40.812298793647948],[-73.84908514883476,40.812210238778484],[-73.84903294114531,40.812118910077849],[-73.849038228773978,40.812048716252626],[-73.849045360521046,40.811986324793978],[-73.849063018499294,40.811905358734762],[-73.849082409422806,40.81183103444944],[-73.849110516140428,40.811766012993516],[-73.849140375315073,40.811698340230841],[-73.849170194287709,40.811649255788495],[-73.849208839463117,40.811560350349041],[-73.849240435334323,40.81149798986273],[-73.849278960057148,40.811462193448193],[-73.849342015169398,40.8113972182853],[-73.84937358980423,40.811344151840679],[-73.849384202558241,40.811287074767762],[-73.84937559536057,40.811229973757406],[-73.849297116662328,40.811160830886486],[-73.849248275233862,40.811122263471184],[-73.849213468229436,40.811059816644907],[-73.849190887677253,40.811000042074213],[-73.849173584248518,40.810924340784176],[-73.849194698275738,40.810860639124748],[-73.849249051107122,40.810779721015578],[-73.849303380638858,40.810709424424232],[-73.849357681328115,40.810652404611901],[-73.849418987143352,40.810587427448816],[-73.84945411997748,40.81050648413509],[-73.849478774793397,40.810421544563027],[-73.849499900377026,40.810352532489333],[-73.849529774191339,40.810278221125159],[-73.849577063307251,40.810230486163817],[-73.849643560647266,40.810188087274142],[-73.84971355923949,40.8101430361341],[-73.84976960468839,40.810086018230436],[-73.84979804521906,40.810032878387787],[-73.849809993372759,40.809998443815466],[-73.849811896719885,40.809929405967516],[-73.849834855781282,40.809821893651659],[-73.849871715743433,40.809748917754177],[-73.84990892306422,40.809660121587008],[-73.849767051037546,40.809669120008827],[-73.849760115678194,40.809645213722348],[-73.849786339084162,40.809639936853188],[-73.84979155453442,40.809651892021591],[-73.849887678697442,40.809644050912738],[-73.849884216986155,40.809629442261169],[-73.84991938701836,40.809626665927027],[-73.850020123244306,40.809254040032783],[-73.849848339327067,40.809266935800892],[-73.849846625180788,40.809252328753189],[-73.850030011096536,40.80923510332385],[-73.850042416129071,40.809215408487809],[-73.850044226040026,40.809187529348399],[-73.850042553731811,40.809154334639516],[-73.850023401886759,40.809123772964107],[-73.850005351072241,40.809093634377852],[-73.849995548529947,40.809077268519097],[-73.849979938349449,40.809025467283973],[-73.849974779336037,40.80898828546794],[-73.849969627635446,40.80894844889476],[-73.849967329053797,40.808875512454598],[-73.849747788785379,40.80891363914958],[-73.84972865358526,40.808875112141564],[-73.849957494652031,40.808830068425273],[-73.849951169380105,40.808714720172375],[-73.849555956793736,40.808744772035574],[-73.849550769348284,40.808720868013651],[-73.849953556063809,40.808693406076543],[-73.849959756698368,40.808676258596648],[-73.849970301012732,40.808649718624963],[-73.849972113708745,40.808620512690894],[-73.849966968028184,40.808578018843818],[-73.84994260631909,40.80853284572234],[-73.84990773115473,40.808500936090823],[-73.84988093264316,40.808476252428832],[-73.849900191343465,40.808409654879149],[-73.84986663269072,40.80833700976077],[-73.849789898002669,40.808307340830694],[-73.849759449448712,40.80826933667003],[-73.849754528803189,40.808249802721697],[-73.849744101359732,40.808224562735248],[-73.849731915086991,40.808204631663507],[-73.849702270281966,40.808178039993422],[-73.849681352495665,40.808155441760924],[-73.849649938351661,40.808138141379636],[-73.849611664202726,40.808124185553943],[-73.849165721189095,40.808225135936311],[-73.849170939863512,40.808235764845669],[-73.848760077459843,40.808337457793229],[-73.848709624793486,40.808240469916619],[-73.849127488078381,40.80813347459911],[-73.849132699397998,40.80814675876988],[-73.849522182567355,40.808055277720378],[-73.849454311523075,40.808023680196001],[-73.849445033602578,40.807949207462869],[-73.849388384422426,40.807877532835576],[-73.849276255541241,40.807831676125929],[-73.849102558569058,40.807769287458321],[-73.848955570831563,40.807708983862],[-73.848777378616035,40.80763587777431],[-73.848647958745573,40.807543509780167],[-73.848524267674634,40.807463818738512],[-73.848416409616505,40.807368775795496],[-73.848367765477917,40.807218051494708],[-73.848328918849347,40.807031505478399],[-73.848280240181822,40.806852405550472],[-73.848349370101701,40.806673459121328],[-73.848398797971313,40.806524327281842],[-73.848379537214143,40.806360186334729],[-73.848281634522635,40.806240699710742],[-73.848114991488018,40.806128583178321],[-73.847986305812199,40.806103050623889],[-73.847850037909481,40.806076014266516],[-73.84763420691263,40.806008590411636],[-73.84753621909455,40.805926402794469],[-73.847517062514015,40.805717502509232],[-73.847488226419102,40.805448909149334],[-73.847527769062751,40.805329604286058],[-73.847668051659753,40.80516644872494],[-73.847902986527416,40.805002179397448],[-73.848076245992672,40.804919641651892],[-73.848253648315179,40.804901006971363],[-73.848402728833733,40.80485807682826],[-73.848555404647882,40.804793588072798],[-73.848605181887649,40.804742441744466],[-73.848647846062136,40.804699371480517],[-73.8487009796508,40.804731785774827],[-73.848702895381507,40.804832908365306],[-73.848704238784038,40.804858472929361],[-73.848743172129687,40.804896259183714],[-73.848799921245899,40.804899029943222],[-73.848835514819726,40.804845167928171],[-73.848835606441156,40.804804824520282],[-73.848835625003133,40.804796651169376],[-73.848871151834018,40.804772439297729],[-73.848906635808675,40.804767095695155],[-73.84894604005882,40.804762169497458],[-73.848981096670187,40.80478067098224],[-73.84903071942027,40.804796906827413],[-73.849083799151572,40.80485358033048],[-73.849105215755301,40.804897751861553],[-73.849119105970217,40.804926401397175],[-73.849165103905477,40.80497767329922],[-73.849214665784032,40.80502086441976],[-73.849333823079363,40.805051218261937],[-73.849317889417847,40.804661465703305],[-73.849410363376023,40.804667976778354],[-73.849428527277098,40.805059828140756],[-73.849526721160785,40.805064398947081],[-73.849611805519544,40.805086073115795],[-73.849707561015194,40.805094283417006],[-73.84982107183734,40.805094431346191],[-73.849977227092964,40.805059594479452],[-73.850062797321939,40.804865638537379],[-73.850084200020177,40.804779331046944],[-73.850112912031449,40.804663550170311],[-73.850121506858088,40.804633327613061],[-73.850134365317061,40.804588107229996],[-73.850148675643112,40.80453421881311],[-73.85019839036417,40.804510024974107],[-73.850335601014649,40.804515843590515],[-73.850362470224752,40.804512563486995],[-73.850649546161009,40.804477517135524],[-73.850920705774897,40.804477868117417],[-73.851185529258402,40.804492586604312],[-73.851263389990876,40.8045303761836],[-73.851324111803777,40.804559849446612],[-73.85147537230506,40.804598378325693],[-73.851778075227472,40.804593976712113],[-73.852049225994875,40.804599116241185],[-73.852345653903257,40.804580329264901],[-73.852573756228352,40.804550888704412],[-73.853993491448492,40.804461913661804],[-73.85407120427061,40.804457462419606],[-73.85412473375672,40.804465667860505],[-73.854218414959803,40.804480029170804],[-73.854350874163444,40.804513764748258],[-73.854601142482281,40.804547649827619],[-73.854799863692264,40.804547819047855],[-73.855035427250058,40.80452005491437],[-73.855160581509452,40.80449779001939],[-73.855176051915606,40.804495528603503],[-73.855388792451606,40.804464426791007],[-73.855609587981704,40.804470205073351],[-73.855854463353879,40.804514646139708],[-73.856051629318955,40.804587429709933],[-73.856246063053305,40.804664340548065],[-73.856437614964605,40.804745319484631],[-73.856626137676031,40.804830304220154],[-73.856618134363202,40.804865571163937],[-73.856577800823104,40.804932851439162],[-73.856496920483877,40.80494901377147],[-73.856397852059004,40.804946835713523],[-73.856268079976957,40.804882994074141],[-73.856166203097317,40.80483052886877],[-73.85604559311804,40.80477406263698],[-73.855929427204842,40.804724870236747],[-73.855808407844009,40.804679157507259],[-73.855690470983774,40.804676565575711],[-73.855613897380579,40.804703583773133],[-73.855563584339322,40.804784995829941],[-73.855578771309752,40.804882196240143],[-73.855584793604152,40.804972021775377],[-73.855604970397252,40.805062157035067],[-73.855720727087544,40.805122104179851],[-73.855898357050776,40.805169060784195],[-73.856051171675517,40.805247760247809],[-73.85612542563311,40.805281681250968],[-73.856300112243048,40.805281931968267],[-73.856385982936288,40.805258704429271],[-73.856516040967932,40.805241220476162],[-73.856523619268344,40.805239932762738],[-73.856638542741337,40.80526389392778],[-73.856757926596245,40.805273310310895],[-73.856877539558496,40.805293592018529],[-73.856948651787434,40.805274615277071],[-73.857044433049936,40.805295185031191],[-73.857121456142934,40.805330474656351],[-73.857202405258604,40.805325868845685],[-73.857244919885687,40.805307238116256],[-73.857219638647535,40.805238717091754],[-73.857127937605284,40.805185494058911],[-73.857003024584927,40.805139918316712],[-73.856926231296697,40.805115494227799],[-73.856825149347074,40.805069628898629],[-73.856752971763299,40.805037903491545],[-73.856675796582806,40.804995370823555],[-73.856674882405443,40.804951910704879],[-73.856727158376415,40.804944030816564],[-73.856834210245609,40.804909270212924],[-73.857924029085879,40.805391034739912],[-73.858127056996651,40.805466520552038],[-73.858281374018375,40.805558732297165],[-73.858423176787753,40.805644582789938],[-73.858556648539192,40.805720902947655],[-73.858736063567505,40.805794106334929],[-73.858890375022725,40.805889491177936],[-73.858911212012742,40.8059127557351],[-73.858911772504939,40.805954126024147],[-73.858872065042476,40.80597968963253],[-73.858826432390018,40.805993193225248],[-73.858782844247187,40.805978073487886],[-73.858747226136174,40.805944885050558],[-73.858705611578799,40.805934287858797],[-73.858666023408404,40.805902601249073],[-73.85862247210315,40.805870909932906],[-73.858572944964223,40.805851263345488],[-73.858543255654638,40.805827121761169],[-73.858505600391553,40.805819542792939],[-73.858481714815014,40.805863204135406],[-73.858455807631486,40.805924941774997],[-73.858443853597151,40.805952045692543],[-73.858412091424583,40.805970085638954],[-73.858362497169793,40.805982077296093],[-73.858314877070782,40.805998591012361],[-73.858314816137295,40.806027216251543],[-73.858312749620339,40.806066384717802],[-73.858346363543291,40.806110116685844],[-73.858381969382577,40.806149331436643],[-73.858385831542947,40.806197546326835],[-73.85839959570751,40.806251800589955],[-73.85839752923421,40.806290968721285],[-73.858393477952092,40.806331641635722],[-73.858393365770795,40.806384370961176],[-73.858393314486946,40.80640847622152],[-73.85841908323529,40.806411521141513],[-73.85846091890636,40.806408042763678],[-73.858503117030082,40.806424269259999],[-73.858512301787172,40.806489361772378],[-73.858505331768299,40.806544013906468],[-73.858510216513423,40.806592474798222],[-73.858517041743866,40.806637884259892],[-73.858561489016964,40.806667730083966],[-73.858611919012006,40.806697513035367],[-73.858671764373426,40.806696874435744],[-73.858747596058151,40.806697581017929],[-73.858809463739362,40.806698436298682],[-73.85888908854804,40.806688490840827],[-73.858934717263239,40.806674359168646],[-73.858991950701551,40.80664039466599],[-73.859019262545345,40.806606749705274],[-73.859050393784528,40.806563967742584],[-73.859065314352932,40.806507715214536],[-73.859084758526691,40.806480218163657],[-73.859092092458411,40.806445270883579],[-73.859083440782712,40.806408977769408],[-73.859057165770039,40.806366174033307],[-73.859047045934162,40.806343237555289],[-73.85900263278522,40.806292807170692],[-73.85897431306087,40.806236235561471],[-73.858958082017153,40.806182707752725],[-73.858927755326746,40.806129198878445],[-73.858897428686149,40.806075689493177],[-73.858857066334863,40.806035964493049],[-73.858852975673329,40.806008430453858],[-73.858877094031882,40.805988508100945],[-73.858909291409205,40.805980816069471],[-73.858931413252279,40.805968545641655],[-73.858972320079559,40.805966067238039],[-73.859008239990587,40.806005882924424],[-73.859127334037282,40.80615718170332],[-73.859195450243718,40.806269878332465],[-73.859259390228146,40.806411581612387],[-73.859310578195135,40.806540412427317],[-73.859366023323204,40.806675683207978],[-73.859366312055585,40.806801358542472],[-73.859366624233431,40.806936703103396],[-73.85938405578834,40.807139695315655],[-73.85940991782256,40.807320119804764],[-73.859397499966221,40.807452257648222],[-73.859401919202014,40.807529591337413],[-73.85937656291263,40.807568295674571],[-73.859312953778328,40.807571601734224],[-73.859257752760755,40.807542673007937],[-73.859257598214569,40.807475000484771],[-73.859253090490839,40.807358998426196],[-73.859227376526647,40.807243024247981],[-73.859222905570391,40.807143132089671],[-73.859222652478465,40.807033569011487],[-73.85920549594843,40.806949806399267],[-73.859158681488196,40.806878974649344],[-73.859082254879098,40.806840407324785],[-73.858980456452016,40.806834097325101],[-73.858827797430308,40.806840744327687],[-73.858665051691929,40.806832751495776],[-73.858572424945265,40.807314678475763],[-73.858418327095961,40.808112040631705],[-73.858389962288143,40.80825880914896],[-73.858619305698596,40.808846836576599],[-73.85877452654637,40.809233974633138],[-73.858951412217777,40.810271417586698],[-73.859000665096275,40.81019763659593],[-73.859004936741698,40.810104709122257],[-73.859033361219588,40.810046091276085],[-73.859076625663107,40.809975558604854],[-73.859152095238372,40.809950769881212],[-73.859319765646418,40.809941462040953],[-73.859471614928552,40.809905114265277],[-73.859548096104007,40.809818250707494],[-73.859666165586361,40.809806564723331],[-73.859831524932773,40.809733477308399],[-73.860126951695449,40.809605499388063],[-73.860118263503168,40.809569961528666],[-73.860080491173392,40.80955908337183],[-73.860035299134111,40.809513934861343],[-73.860031728464307,40.809490321591767],[-73.860008816589357,40.809487476508323],[-73.859959846935354,40.809481396864427],[-73.85992715349299,40.809441188051117],[-73.859923411595489,40.809402153409458],[-73.85987123219823,40.809384882856719],[-73.859778392047119,40.809286756909472],[-73.859746690434477,40.809277881413941],[-73.859719280096314,40.809239285194941],[-73.859723554275078,40.809218402397754],[-73.859670729618742,40.809198253394804],[-73.859676069415812,40.809172551705032],[-73.859625373881613,40.809145978015756],[-73.859540598623752,40.809019702949072],[-73.859473931641176,40.809011199558654],[-73.859406432548184,40.809008396911551],[-73.859338943052322,40.809011329956512],[-73.85933329773259,40.809004228588535],[-73.859329192647763,40.808996540965907],[-73.859326729981333,40.808988458449448],[-73.859325971033513,40.808980182229625],[-73.859326934695446,40.808971918318463],[-73.859329596978981,40.808963872421579],[-73.8593338916139,40.808956244817644],[-73.859356932674331,40.808924035929898],[-73.85938367273873,40.808893521931054],[-73.859413897470446,40.80886494740227],[-73.859381679263024,40.808734585151221],[-73.859355782334035,40.808603411976264],[-73.859336241570062,40.808471604774581],[-73.859323083285403,40.808339341297454],[-73.859316325186711,40.808206799910302],[-73.859319270468077,40.808198739968432],[-73.859323837875266,40.808191128990586],[-73.859329915087613,40.808184154143376],[-73.859337352655956,40.808177986949822],[-73.859345967677882,40.808172779071391],[-73.859355548295639,40.80816865857836],[-73.859365858905988,40.808165726800368],[-73.859371893194677,40.808164626659803],[-73.859378031773019,40.808163935731372],[-73.859389820205749,40.808163768363229],[-73.859401479246586,40.808165102376762],[-73.859412680034183,40.808167900143999],[-73.859423106632846,40.808172082749621],[-73.859432464943978,40.808177532216696],[-73.859440491001493,40.808184094834481],[-73.859446958417422,40.808191585494043],[-73.859475071639238,40.808340656261521],[-73.859512180000962,40.808488586613613],[-73.859558204998237,40.808635063359461],[-73.859613049247073,40.80877977638383],[-73.859654038636208,40.808867009686061],[-73.859702733369701,40.808951925503266],[-73.859758908452378,40.809034131429414],[-73.859822304318683,40.809113247579745],[-73.85989262803173,40.809188908346492],[-73.859969554636763,40.809260764088528],[-73.860052728662424,40.809328482747269],[-73.860141765763387,40.80939175138144],[-73.860236254496343,40.809450277613294],[-73.860335758221254,40.809503790980038],[-73.860439817119257,40.809552044183818],[-73.860547950317752,40.809594814234686],[-73.860659658112695,40.809631903481346],[-73.860774424278176,40.809663140524634],[-73.860891718452322,40.809688381009721],[-73.862286044504671,40.809945911225931],[-73.862069730950438,40.81015336744175],[-73.861357064022911,40.810836842575092],[-73.861111266352168,40.811150154574584],[-73.861624154594509,40.811433010955263],[-73.862917044373205,40.812146015551022],[-73.863351971130172,40.812385854979759],[-73.864358463907379,40.813008915112185],[-73.864429051716172,40.813407115016382],[-73.864623227243484,40.81422251568705],[-73.865128370943935,40.814152046924818],[-73.865217356466658,40.814528563962284],[-73.865605133554524,40.814485120809934],[-73.865684336722452,40.814476247186064],[-73.86576069721275,40.814467691845458],[-73.865848653709051,40.814457837056523],[-73.865950708327247,40.814446403087715],[-73.866577421016558,40.814373434763866],[-73.868182183779027,40.814807718512618],[-73.868908648492379,40.815116617187044],[-73.868993792234292,40.815264584254635],[-73.869544802298705,40.816094753814149],[-73.869557525860714,40.816159887864799],[-73.869580547375875,40.816277730598074],[-73.869602156724,40.81638832511657],[-73.869619590615713,40.816477548822704],[-73.869734288535184,40.816993703898348],[-73.870005598689588,40.818239943758229],[-73.870031519828757,40.818351052462283],[-73.870049245956224,40.818427028228555],[-73.870064507559761,40.818492447168992],[-73.870077930521106,40.818549978488264],[-73.870091293359536,40.818607256273097],[-73.870111369159588,40.818693303399726],[-73.870124818651561,40.818750953851378],[-73.870145430535459,40.818839297832255],[-73.870173825260821,40.818961003863507],[-73.870236919788908,40.819231431460842],[-73.870255499486362,40.819311063696567],[-73.870328565614642,40.819624228563384],[-73.870352183284325,40.819725452978993],[-73.870365985944744,40.819784613855063],[-73.870381786382126,40.819852333455152],[-73.870399205610184,40.819926990217759],[-73.870415815935132,40.819998179483704],[-73.87043481616459,40.82007961488349],[-73.870501254475258,40.82036436100708],[-73.870565938383237,40.820648579082253],[-73.870585046099563,40.820732537487139],[-73.870603590611935,40.820814023264759],[-73.870621485341672,40.820892649839408],[-73.870636001269261,40.820956429283058],[-73.870657313843012,40.821050076743809],[-73.870672685216078,40.821117613541368],[-73.870692204488435,40.821203380474635],[-73.870705981926776,40.821263918652591],[-73.870724256687268,40.821344222215906],[-73.870741116375072,40.8214182947927],[-73.870785230361776,40.821612125446407],[-73.870809792620648,40.821720045738338],[-73.870830762390554,40.821812184213151],[-73.870850245560646,40.82189778739756],[-73.870869452826483,40.821982181077139],[-73.87088762413137,40.822062021283713],[-73.870907007081229,40.822147184088436],[-73.870925002014587,40.82222624995908],[-73.870942235603906,40.82230197369924],[-73.870958957574103,40.822375443324958],[-73.870977891364262,40.822458626644639],[-73.871001611736531,40.822562845491298],[-73.870999441431422,40.822771758559355],[-73.871369793293582,40.824367473426619],[-73.871379873578533,40.824401821802482],[-73.871402131755602,40.824477659605456],[-73.871419220379209,40.82453585886342],[-73.871438752088025,40.824611297422287],[-73.87145992743001,40.824720208838279],[-73.870518777431627,40.824840902889697],[-73.869841706936313,40.824923094356869],[-73.869229744796229,40.825002489528003],[-73.869117443104443,40.825017058528985],[-73.868493862695814,40.825097956054186],[-73.868402495216543,40.825109808369895],[-73.867878990826512,40.825177720685353],[-73.867791043642313,40.82518945129469],[-73.86770310813074,40.82520117414424],[-73.86761742329233,40.825213377625019],[-73.867531738443176,40.825225570655618],[-73.867185042373762,40.825274543304303],[-73.867079245688075,40.825289487706428],[-73.866627451134164,40.825353306122857],[-73.866535212583983,40.825366333983069],[-73.865772748264817,40.825474030070566],[-73.865675367222536,40.82548778518133],[-73.865380501890911,40.825529431143316],[-73.865296342286115,40.825541319064428],[-73.864909494730625,40.825595955234895],[-73.864744908150612,40.825618112568222],[-73.864555143873744,40.825643661111584],[-73.864461418931754,40.825656279320974],[-73.864069137080847,40.825709089819085],[-73.863956043956605,40.825724315923011],[-73.863616966347621,40.825769962983543],[-73.863547388108969,40.825779328543874],[-73.862166874269136,40.825965164235626],[-73.861206907927794,40.826087795232453],[-73.859703332475718,40.826277348534951],[-73.858671940173792,40.82642407777589],[-73.857278711816832,40.826599624582961],[-73.857002048337321,40.826659677215147],[-73.856721057819513,40.826708252578776],[-73.856436987693783,40.826745080805836],[-73.856356774103091,40.826752086462641],[-73.856326846312442,40.826623835099909],[-73.856290237984169,40.826481530160642],[-73.856269254240772,40.826393777876334],[-73.85626087462802,40.82632936755558],[-73.856218344270602,40.826160629578318],[-73.856196564677177,40.826040994723812],[-73.855971622582061,40.826063877756397],[-73.855888814104361,40.825673718957766],[-73.85564695973784,40.824632862054806],[-73.855486013585747,40.823912145705044],[-73.85531220665743,40.823192430614725],[-73.855136396829096,40.822436189811128],[-73.854967431718109,40.821679703616994],[-73.85480771070128,40.821029342921967],[-73.85463736604612,40.820299815718158],[-73.854142198690596,40.818237789292311],[-73.85394801564577,40.817466816635253],[-73.853786812276297,40.816815300440474],[-73.853620252491524,40.816088386202004],[-73.851635432249381,40.816359189180993],[-73.851144722607003,40.814396548876097],[-73.850926593155208,40.814335960507314],[-73.850114677205951,40.814418574235582],[-73.849097193086251,40.81455052096031],[-73.848112018351259,40.814686795101267],[-73.847053820072389,40.814826469603297],[-73.846636387840036,40.813033086001013],[-73.846106603255507,40.813099989203828],[-73.846467158863646,40.812306040383945],[-73.846324118616508,40.811687423568785],[-73.845765617021101,40.811582279344712]]]]}},
{"type":"Feature","properties":{"ntaabbrev":"CstlHl","Name":"Castle Hill-Unionport"},"geometry":{"type":"MultiPolygon","coordinates":[[[[-73.835967140906774,40.819884106692811],[-73.835951181942718,40.81888854555973],[-73.835996262118201,40.818342439363228],[-73.836022321259435,40.818026755134454],[-73.836042474823358,40.817782612097389],[-73.836266780931894,40.817802633075353],[-73.836436747140411,40.817815868858617],[-73.83642856173509,40.818033987569535],[-73.836396385702557,40.818891366651322],[-73.83649664874244,40.818695816658007],[-73.836661453665528,40.817993668367365],[-73.836693521346561,40.817347631686239],[-73.83696692423608,40.816366657719605],[-73.839008532822803,40.816353757016216],[-73.839743558996531,40.816406071502385],[-73.839744170433704,40.816451360602002],[-73.839753367051642,40.816496109911476],[-73.83977095725551,40.816539384933563],[-73.839796573725593,40.816580281956156],[-73.839829681525828,40.816617946925184],[-73.839869589275921,40.816651593280312],[-73.839915463587616,40.816680518381233],[-73.839966346468259,40.816704118181185],[-73.840033087287878,40.816822141330391],[-73.840092723182735,40.81694234000279],[-73.840145131702897,40.817064467473394],[-73.840190205231551,40.817188273056594],[-73.840071299348793,40.817548908704353],[-73.840089258767208,40.817610472311017],[-73.840098875826243,40.81767310502498],[-73.840100050585534,40.817736156124546],[-73.840092770816412,40.817798970539613],[-73.840077112128171,40.817860895656999],[-73.840053237184904,40.817921288101395],[-73.84002139401602,40.81797952041952],[-73.839981913439601,40.818034987599304],[-73.839935205626759,40.818087113355894],[-73.839881755840338,40.818135356119598],[-73.839822119393489,40.818179214662514],[-73.839210221010134,40.818888356624441],[-73.838927332954114,40.819001209604743],[-73.838791338108408,40.819528588690133],[-73.838683477009866,40.81959138051441],[-73.838807898762255,40.81974193514197],[-73.839063988576967,40.8198024323409],[-73.839054664374885,40.819984001398439],[-73.838996929698951,40.820164592703577],[-73.838998209828063,40.8204051183966],[-73.838999777735523,40.820699606823183],[-73.838953145982074,40.821132403037559],[-73.838931971271222,40.82132893403125],[-73.838960498514595,40.821524095067865],[-73.839011680677189,40.821950170529817],[-73.838917017605993,40.822039723085346],[-73.838882316467334,40.822140489856181],[-73.838910828379127,40.822215261373806],[-73.838994627151806,40.822234976266053],[-73.839070594728824,40.822252849460341],[-73.839062230177419,40.822321341073575],[-73.839035192425825,40.822337030033012],[-73.839012900138442,40.822380434165972],[-73.83906086613176,40.822401620602164],[-73.839053587841576,40.822505041584414],[-73.839053384500545,40.822589113642678],[-73.839049044810722,40.822688748648623],[-73.839122630633085,40.822769809227069],[-73.839212550595335,40.822875802924699],[-73.839252433594964,40.822883564488869],[-73.839454273829745,40.822922846558221],[-73.839499137830273,40.823016322848709],[-73.839527777143459,40.823038158649496],[-73.839523580808446,40.823078632422849],[-73.839461894140356,40.823162617887043],[-73.839498649658864,40.823218717385537],[-73.839449348732387,40.823265355083628],[-73.839580124983783,40.823427453692688],[-73.839632789271562,40.823685970978978],[-73.839618742624353,40.82380510087944],[-73.839611866385539,40.823863426519246],[-73.839681996566938,40.823964226851949],[-73.839740138772271,40.824110493036891],[-73.839778869075261,40.824138035402953],[-73.839822047494621,40.824161452052067],[-73.839868917991978,40.824180332965028],[-73.839913987686899,40.824183601387539],[-73.839957825757025,40.824192196187255],[-73.839999348308012,40.824205904858211],[-73.840041439962135,40.824226669419161],[-73.840078145596266,40.824252670773348],[-73.840108349948295,40.824283118901832],[-73.8401311352861,40.824317088675059],[-73.84013859090517,40.82434500060598],[-73.840141190180304,40.824373412808086],[-73.840138888693232,40.824401839826258],[-73.840272477875189,40.824761978023822],[-73.84067027156776,40.825476094631568],[-73.840880742394447,40.825819421469902],[-73.841107809121198,40.826153326748937],[-73.841144223920409,40.826349167204974],[-73.841320885427976,40.82676473521866],[-73.841464484214228,40.826964271824281],[-73.841677321116137,40.827375673219997],[-73.841902709941706,40.827811330665718],[-73.841941608344328,40.827885125692724],[-73.842008199713803,40.827978219593184],[-73.842075750374178,40.828123274954969],[-73.842220479992022,40.828341888446602],[-73.842227284110535,40.828371713234183],[-73.842233894738285,40.828403617403652],[-73.842275727578539,40.828605331871657],[-73.842284283098678,40.828646604479452],[-73.842292373228844,40.828699807532317],[-73.842248994965715,40.828704584964903],[-73.841604965488614,40.828775534775822],[-73.841446231182445,40.828793020615706],[-73.841296510701852,40.828806278601377],[-73.841233944444781,40.828811818619222],[-73.84092473857757,40.828831214329064],[-73.840500964964463,40.828857794575356],[-73.840297229940887,40.828869777071134],[-73.839252263768557,40.828909168329133],[-73.837575356694671,40.828972360918733],[-73.837211776561332,40.829013653627939],[-73.837172655993101,40.829018096427497],[-73.837108728000061,40.829030019820522],[-73.837016567381355,40.829053410192387],[-73.836989543178646,40.828983754913551],[-73.836978480361751,40.828931159249542],[-73.836944558875288,40.828821448855031],[-73.836832203524921,40.828441442220978],[-73.836762239042031,40.828226728258606],[-73.836694410361005,40.827891944348181],[-73.836630438613568,40.827576178183726],[-73.836559453275797,40.827225790482849],[-73.836544170401595,40.827120392295789],[-73.836447591290423,40.82640623353371],[-73.836375076053244,40.826043842028504],[-73.836164663917032,40.824992286736546],[-73.836120598345531,40.824511056019226],[-73.83609359912171,40.824216172571496],[-73.836028954120209,40.823880970566371],[-73.835998948332318,40.823602943626781],[-73.835995851892392,40.82350818033467],[-73.83599223904649,40.822973619426584],[-73.835988478342173,40.822417204016602],[-73.835983529154078,40.821684500120398],[-73.835981802573414,40.821429016699945],[-73.835978644870551,40.82096165287016],[-73.835974441882541,40.820339451250611],[-73.835967140906774,40.819884106692811]]],[[[-73.848231982292347,40.833427124010306],[-73.848146888455247,40.833059844736823],[-73.847979851123824,40.83233911853516],[-73.847812169338624,40.831621608451492],[-73.847642231806589,40.83090121313306],[-73.847470039493203,40.830189098062249],[-73.84731840925329,40.829533344098408],[-73.847278815812828,40.829314745684094],[-73.847148779186782,40.829278703773284],[-73.846978133673232,40.829231406159209],[-73.845849675114337,40.828915244902433],[-73.845315090353822,40.828838216572528],[-73.845260115841072,40.828830295144215],[-73.845045694685169,40.828799398698877],[-73.845433679625373,40.828481486466721],[-73.845320224539435,40.828426538815776],[-73.845048584879706,40.828464174192717],[-73.84477452898814,40.828490965178773],[-73.844499195487472,40.8285068028935],[-73.844223708228839,40.828511672428391],[-73.844122650186321,40.828478613492187],[-73.843986682588252,40.828434143064598],[-73.843916519090087,40.828446555823554],[-73.843721884595837,40.828481250032581],[-73.843315502776363,40.828549913294189],[-73.84314198925189,40.828579228706772],[-73.842915480740672,40.828622469178889],[-73.842895275078291,40.828569176121938],[-73.842874508125007,40.82852757180882],[-73.842761314342326,40.828327724000751],[-73.842721877858338,40.828275620914646],[-73.842669988361024,40.82804005279467],[-73.842650274872213,40.827908985340457],[-73.84260103680262,40.82780573035204],[-73.842565083381871,40.827739260717095],[-73.842539344881828,40.827599837775438],[-73.842533257310563,40.8275273036461],[-73.842481984425632,40.827477572199363],[-73.842463223888544,40.827374960517353],[-73.842317124801937,40.827184685183028],[-73.842076206473536,40.826537734865127],[-73.842027270659756,40.826547448247851],[-73.841704662957312,40.825767382489829],[-73.841754576158436,40.825755420899448],[-73.841382061119205,40.825147433398222],[-73.841361067442492,40.825085033499249],[-73.841273926334225,40.824908997855594],[-73.841202507320048,40.824816858085207],[-73.841074003871356,40.824526113427837],[-73.841023766886408,40.824341166376428],[-73.841006378808302,40.824241027612352],[-73.840868219456283,40.824153507710996],[-73.840581564586799,40.82359483665897],[-73.840449703161767,40.82334556699945],[-73.840420444463859,40.823268525559328],[-73.840432348958672,40.823113043292757],[-73.840466035261542,40.823080023583998],[-73.840417653358216,40.822998029455952],[-73.840127855569818,40.822421427014838],[-73.840112537297756,40.822299406721797],[-73.840017529959624,40.82219024212052],[-73.840026560125807,40.822067733415729],[-73.839959594599719,40.821999859737467],[-73.839987260191478,40.821921932554368],[-73.839923450598278,40.821739538440809],[-73.839829262416885,40.821571501496216],[-73.839837031846386,40.821431331108052],[-73.839908866750903,40.821154799098053],[-73.839858137184834,40.821009982421991],[-73.839881429325175,40.82089686701201],[-73.839984600831855,40.82079477636286],[-73.839994033928065,40.820682561067926],[-73.840051509233476,40.820614445414442],[-73.840053510389197,40.820512080465328],[-73.840100691358501,40.820322761727894],[-73.840060599781395,40.820230071740042],[-73.839967304625745,40.820179082003264],[-73.839998604074225,40.819934946813248],[-73.840146256670337,40.819819248551724],[-73.840246059656607,40.819826024025573],[-73.840289119450219,40.819807704051499],[-73.840231554975091,40.819735531273793],[-73.84028066974183,40.819678497557661],[-73.840285062535131,40.819626266629157],[-73.840365285256027,40.819577750024415],[-73.840523408492942,40.819538797224986],[-73.840618814959512,40.819549501281195],[-73.840703395312559,40.819477622962253],[-73.84081344956941,40.819444691190554],[-73.840843522697838,40.819355043389876],[-73.840918562151955,40.819342125423574],[-73.841044546544225,40.819230170101868],[-73.841175742144756,40.819183081813982],[-73.841249663762923,40.819161015584747],[-73.841289746030995,40.819156509570199],[-73.841311117278735,40.819136144037643],[-73.841349263554861,40.819122974148996],[-73.841424751992577,40.819041880828969],[-73.841567037255146,40.818940432211818],[-73.841703301697933,40.818904212247396],[-73.841884418003559,40.818850018606945],[-73.841924138958234,40.818832372922074],[-73.841949089071861,40.818804948334652],[-73.841986847678911,40.818774373907466],[-73.842125858177354,40.818458221410864],[-73.84213733844804,40.818259033778929],[-73.842093663117367,40.818059543454339],[-73.842375344205081,40.817489847080836],[-73.842798758110817,40.816937008649539],[-73.842892164510658,40.816730453426466],[-73.843063790337254,40.816558645026895],[-73.843043017639502,40.816377319049046],[-73.843152834612098,40.81627342796569],[-73.843169927636012,40.816051055516134],[-73.843447769721067,40.815698065760515],[-73.843580014338215,40.815468346597441],[-73.843740530003558,40.815321699542181],[-73.843772267820071,40.815139070777022],[-73.844006865195794,40.814706122630852],[-73.844110201559232,40.814513576144115],[-73.844183994278396,40.814330992370373],[-73.844179207129756,40.814186670056621],[-73.844387368966153,40.813645131329892],[-73.844517913690751,40.813425153269776],[-73.844641287267706,40.813202799097027],[-73.844757414913573,40.812978203722864],[-73.844866226243312,40.812751503417054],[-73.844961321213347,40.812537679930543],[-73.84504990736302,40.812322248752281],[-73.845131937734635,40.812105324230956],[-73.845207368852201,40.811887021507161],[-73.845280192365479,40.811778116745863],[-73.845368428016286,40.81175143836073],[-73.845465386760324,40.811764967161935],[-73.845765617021058,40.811582279344762],[-73.846324118616451,40.811687423568785],[-73.846467158863646,40.812306040383945],[-73.846106603255507,40.813099989203828],[-73.846636387840036,40.813033086001063],[-73.847053820072276,40.814826469603297],[-73.848112018351145,40.814686795101267],[-73.849097193086251,40.81455052096031],[-73.850114677205994,40.81441857423561],[-73.850926593155108,40.814335960507314],[-73.851144722606904,40.814396548876097],[-73.851635432249381,40.816359189181028],[-73.85362025249141,40.816088386202004],[-73.853786812276297,40.816815300440474],[-73.85394801564577,40.817466816635296],[-73.854142198690496,40.818237789292311],[-73.85463736604602,40.820299815718158],[-73.854807710701181,40.821029342921967],[-73.854967431717938,40.821679703617036],[-73.855136396829096,40.822436189811164],[-73.85531220665743,40.823192430614725],[-73.855486013585704,40.823912145705094],[-73.855646959737726,40.824632862054848],[-73.855888814104361,40.825673718957795],[-73.855971622582118,40.826063877756397],[-73.856196564677006,40.826040994723847],[-73.856218344270502,40.826160629578318],[-73.856260874627964,40.826329367555637],[-73.856269254240772,40.826393777876334],[-73.856290237984112,40.826481530160684],[-73.856326846312399,40.826623835099909],[-73.856356774103034,40.826752086462641],[-73.856436987693783,40.826745080805871],[-73.856721057819456,40.826708252578776],[-73.857002048337321,40.826659677215197],[-73.857278711816761,40.826599624582961],[-73.858671940173792,40.82642407777589],[-73.859703332475718,40.826277348534951],[-73.860673240503175,40.828418986336743],[-73.861716974480629,40.828296253875727],[-73.862642256143943,40.828170145263904],[-73.863134980630008,40.830304474813566],[-73.863665611915778,40.832695324570949],[-73.862722733329107,40.832920683003223],[-73.861558347928465,40.833330221161752],[-73.861423089393938,40.833447411215751],[-73.861376546559896,40.833490723426173],[-73.861291835878916,40.833536420997],[-73.860850196165075,40.833613538099307],[-73.860752030406374,40.833595374756264],[-73.860656513186882,40.833564272117918],[-73.860568005341136,40.83352073552247],[-73.86049053468345,40.833466404055834],[-73.860427176231696,40.833403833524052],[-73.860379670354888,40.833336103978077],[-73.860338457798576,40.83325316698803],[-73.859839375448146,40.833340896843772],[-73.859056720162371,40.833413225289931],[-73.857732261276098,40.833557306723883],[-73.854651355587563,40.833888027205511],[-73.85347098947976,40.83401491771739],[-73.852813796965407,40.834079762403199],[-73.851885995375923,40.834179420958726],[-73.851684596595973,40.83420105234935],[-73.850165357710409,40.834355487982535],[-73.849558905706985,40.834408870958711],[-73.848486152077683,40.834524495833705],[-73.848313907245526,40.83378071280778],[-73.848231982292347,40.833427124010306]]]]}},
{"type":"Feature","properties":{"ntaabbrev":"Pkchstr","Name":"Parkchester"},"geometry":{"type":"MultiPolygon","coordinates":[[[[-73.85168459659603,40.83420105234935],[-73.851885995376037,40.834179420958726],[-73.852813796965407,40.834079762403199],[-73.85347098947976,40.834014917717347],[-73.85465135558762,40.833888027205511],[-73.857732261276098,40.83355730672384],[-73.859056720162471,40.833413225289888],[-73.85983937544809,40.833340896843744],[-73.860338457798719,40.833253166987994],[-73.860379670355044,40.833336103978041],[-73.860427176231639,40.833403833524017],[-73.860490534683507,40.833466404055784],[-73.860568005341236,40.833520735522427],[-73.860656513186981,40.833564272117918],[-73.860752030406488,40.833595374756229],[-73.860850196165075,40.833613538099257],[-73.861291835878916,40.833536420997],[-73.861376546559995,40.833490723426173],[-73.86142308939398,40.833447411215751],[-73.861558347928565,40.833330221161752],[-73.862722733329107,40.832920683003167],[-73.862727005679886,40.833072222215698],[-73.862848511126444,40.833690231272669],[-73.862881131288432,40.833889073608603],[-73.862893614861576,40.833964260706928],[-73.862897612687419,40.834003383679452],[-73.862942601211103,40.834299600672232],[-73.862959520004225,40.834420322895632],[-73.863156382610597,40.835530822326575],[-73.863202107563012,40.835798306621392],[-73.863555514869162,40.837865621461113],[-73.863595856551882,40.83809576120688],[-73.863937480152074,40.840044565901785],[-73.86410376792972,40.840364262910803],[-73.864270081256436,40.840684005257287],[-73.864480116516106,40.841087797386244],[-73.864369220553812,40.841109018630405],[-73.863639380692135,40.84126527526557],[-73.863580139589274,40.841277957134395],[-73.863472323128917,40.841305932706639],[-73.86176166439175,40.841512720603518],[-73.86162833303004,40.841527859683758],[-73.86045627293565,40.841661666440181],[-73.860184918601902,40.841689090684099],[-73.859724522777626,40.841744020470593],[-73.859195936184705,40.841804033980466],[-73.858356690306607,40.841899286615451],[-73.857525993888018,40.841985052304601],[-73.857192478643782,40.842027648444002],[-73.856184020667527,40.84214591774932],[-73.855535797408933,40.842219490494685],[-73.855196753313436,40.842257993058034],[-73.854207456993251,40.842370739678863],[-73.853497465464628,40.84245166764488],[-73.853335249420468,40.842470155154942],[-73.85326803992794,40.842072688235639],[-73.85309460052504,40.84104696122283],[-73.853035102304617,40.840735458249121],[-73.852920440308026,40.840121505989408],[-73.852869977697466,40.839851304369837],[-73.852664803191232,40.8387800838766],[-73.852479388733173,40.837784287140224],[-73.8523314860293,40.837010527111275],[-73.852207209483851,40.836347495299442],[-73.852070058645168,40.835625303051636],[-73.851858686358923,40.83477774756863],[-73.85168459659603,40.83420105234935]]]]}},
{"type":"Feature","properties":{"ntaabbrev":"WstchstrSq","Name":"Westchester Square"},"geometry":{"type":"MultiPolygon","coordinates":[[[[-73.841613755442623,40.840575625790848],[-73.841363092700902,40.840589688879717],[-73.841240529153367,40.840601454823428],[-73.839367942505234,40.840882973984549],[-73.839567002668772,40.840547227886674],[-73.839720144493512,40.839565405985425],[-73.840302825370699,40.839524314447786],[-73.840273768877026,40.839206272895311],[-73.840223757354508,40.839136839127491],[-73.84016248431297,40.839066064783729],[-73.840166985116625,40.839004153465453],[-73.840145407322311,40.83894399683787],[-73.840108738709148,40.838852118209061],[-73.840030635982743,40.838857592650548],[-73.840044412822664,40.838944353529818],[-73.840028088690332,40.838947871008166],[-73.840009705047592,40.838838090456044],[-73.84009889636495,40.83882745541149],[-73.840068799739896,40.838752040091016],[-73.840107429629029,40.838628428902922],[-73.840135315334877,40.838614176917652],[-73.839955951343541,40.838286517144297],[-73.840002642824516,40.838251975473135],[-73.839933410624312,40.837902496074918],[-73.839920264165073,40.837820663259528],[-73.839851320073748,40.837821749432443],[-73.839855781005838,40.837904957798415],[-73.83984179580861,40.837904938379452],[-73.839828335718195,40.83768717876147],[-73.839846978470817,40.837688975546513],[-73.839849070655546,40.837788111495115],[-73.839915814048425,40.837782796474258],[-73.839950298181208,40.837583896587759],[-73.839911875408234,40.837223277651518],[-73.839887141897449,40.836991133322549],[-73.83983441084662,40.836766008228139],[-73.839859093715475,40.836678286841376],[-73.839838379997559,40.836419696673495],[-73.839842355561743,40.83611624196665],[-73.839754581120829,40.83613197034208],[-73.839779095561596,40.836296305692564],[-73.839759429015899,40.836296278370639],[-73.839725731449562,40.836133922284418],[-73.839699505464196,40.836135876860908],[-73.83969302493071,40.836104999690875],[-73.839682536371612,40.83610498511208],[-73.839682471586897,40.836131870131211],[-73.839669363723687,40.836130856146973],[-73.839659028527279,40.836067113759022],[-73.839672138777402,40.836067131984407],[-73.839674736920571,40.836077092895145],[-73.839825565032555,40.836054399566891],[-73.839821722927766,40.836016554886342],[-73.839715491085315,40.836031344087772],[-73.839711590805379,40.836017397812007],[-73.839821756489229,40.836002615082819],[-73.839817929436975,40.835958795339565],[-73.839724828183122,40.835964641249397],[-73.839724854569553,40.835953688223469],[-73.839814031314262,40.8359438543119],[-73.839810228245497,40.83589007730194],[-73.839759072481286,40.835899964041566],[-73.839757790194781,40.835888013433866],[-73.839810266607245,40.835874144805189],[-73.839799928255673,40.83581139835384],[-73.839651734817082,40.835829115489332],[-73.839695748061146,40.836063181245265],[-73.839680015673821,40.836063159377709],[-73.839608504003081,40.835708050684708],[-73.839600985453131,40.835670719201339],[-73.83961672495181,40.835667752626591],[-73.839625994768923,40.835699712369802],[-73.839655733467239,40.835802235937912],[-73.839796050876316,40.835788489403583],[-73.839789601502048,40.835744668193101],[-73.839661085934722,40.835757433688528],[-73.839658497406575,40.835743489233892],[-73.839792269409983,40.835725751053062],[-73.8397792782457,40.835675944833241],[-73.839686159070752,40.835689756962068],[-73.839682260141899,40.835675810016212],[-73.839776696227204,40.83565901360236],[-73.839775423533808,40.835643080288769],[-73.839794884297092,40.835619207993766],[-73.839673940927142,40.835601209166825],[-73.839614872384487,40.835610568868496],[-73.839614917907028,40.835591685275688],[-73.839698865981347,40.835575279916092],[-73.83968659354656,40.835509173411758],[-73.839599555695102,40.835518494727609],[-73.839596494072339,40.835499608488441],[-73.839667987618213,40.835492625982141],[-73.839664948289979,40.835464297947425],[-73.839577926468806,40.835466536851101],[-73.839577966306194,40.835450015340349],[-73.839664999485436,40.835443054449421],[-73.839652716391726,40.835381669174318],[-73.839568774461014,40.835395714847706],[-73.839556388569932,40.835376813961211],[-73.839637223339636,40.835362764227867],[-73.839631115724416,40.835317910358896],[-73.839547191721422,40.835324873874484],[-73.839544123769357,40.835308347537165],[-73.839615612082525,40.835303727146531],[-73.839603329284159,40.83524234044102],[-73.839534925396009,40.835256407446629],[-73.839531858111684,40.835239881109707],[-73.839618906984583,40.835225840537433],[-73.839606595745764,40.835176255533398],[-73.83951955765815,40.835185576285944],[-73.839513371202884,40.835173765936169],[-73.839603534135705,40.835157369795944],[-73.839585013033272,40.835105416239898],[-73.839510405530731,40.835114754274329],[-73.839507333447187,40.835100588345014],[-73.839594375681287,40.835088907694661],[-73.8395758669824,40.835032232652914],[-73.839498151554267,40.835041566356374],[-73.839498185719322,40.83502740424678],[-73.839457774444824,40.835032068330044],[-73.839457837974692,40.835006106194705],[-73.839501344086045,40.835006166746467],[-73.839501383947422,40.834989643056687],[-73.839566668399172,40.834980293734873],[-73.839557470715235,40.834928353644273],[-73.839482880714002,40.834930609768897],[-73.83948290918741,40.834918808066568],[-73.839551306385317,40.834907101497585],[-73.839548307419264,40.834862251945275],[-73.839476813881944,40.834869232199416],[-73.839461326689914,40.834847968746729],[-73.839619862873448,40.83482930565534],[-73.839619931150295,40.834800981937626],[-73.839476939168591,40.834817305076868],[-73.839473866220928,40.834803140317334],[-73.839613773383519,40.834777369890091],[-73.839601416484115,40.834746668979527],[-73.839470855926109,40.834763009567034],[-73.839464673670591,40.834748838636585],[-73.839604564087836,40.83473015128633],[-73.839595308950649,40.834701814601409],[-73.839464742013419,40.834720514918558],[-73.839443165294568,40.834647315687974],[-73.83941518991216,40.83464963665233],[-73.839412202447107,40.834600065106656],[-73.839486809602647,40.834590728810461],[-73.839483741262214,40.834574200793618],[-73.839592667549766,40.83456047589705],[-73.839580277829171,40.834491723580953],[-73.839530851018935,40.834368918235057],[-73.839568862215131,40.834230491946002],[-73.8395910845217,40.834041688593359],[-73.839759910457829,40.833717897494203],[-73.839783586595019,40.833667243094588],[-73.839920483903384,40.83332079530102],[-73.840181516989986,40.833043425473917],[-73.840742290587485,40.832600779015465],[-73.841126751958896,40.832286983241012],[-73.841817258238891,40.831726193653651],[-73.842213346646943,40.831550507277392],[-73.842345274264147,40.831300448522093],[-73.842531117100634,40.831120488208533],[-73.842627456815507,40.831000120518908],[-73.842758842937684,40.830818484142995],[-73.842703248543046,40.830745026670073],[-73.842937312377131,40.830121401185039],[-73.84305256297327,40.830101567081762],[-73.843094086523379,40.830020970022886],[-73.84309950959468,40.829960012297903],[-73.843021162978616,40.829961587120756],[-73.84305345327958,40.82976209003963],[-73.843106915999059,40.829794139320036],[-73.84303612708139,40.829306982343503],[-73.843033945423741,40.828934984940268],[-73.84299484136973,40.828827466199122],[-73.842945984055063,40.828702915196729],[-73.842915480740672,40.828622469178889],[-73.84314198925189,40.828579228706772],[-73.843315502776363,40.828549913294189],[-73.843721884595837,40.828481250032581],[-73.843916519090087,40.828446555823554],[-73.843986682588252,40.828434143064598],[-73.844122650186321,40.828478613492187],[-73.844223708228839,40.828511672428391],[-73.844499195487472,40.8285068028935],[-73.84477452898814,40.828490965178773],[-73.845048584879706,40.828464174192717],[-73.845320224539435,40.828426538815776],[-73.845433679625373,40.828481486466721],[-73.845045694685169,40.828799398698877],[-73.845260115841072,40.828830295144215],[-73.845315090353822,40.828838216572528],[-73.845849675114337,40.828915244902433],[-73.846978133673232,40.829231406159209],[-73.847148779186782,40.829278703773284],[-73.847278815812828,40.829314745684094],[-73.84731840925329,40.829533344098408],[-73.847470039493203,40.830189098062249],[-73.847642231806589,40.83090121313306],[-73.847812169338624,40.831621608451492],[-73.847979851123824,40.83233911853516],[-73.848146888455247,40.833059844736823],[-73.848231982292347,40.833427124010306],[-73.848313907245526,40.83378071280778],[-73.848486152077683,40.834524495833705],[-73.849558905706985,40.834408870958711],[-73.850165357710409,40.834355487982535],[-73.851684596595973,40.83420105234935],[-73.851858686358966,40.834777747568658],[-73.852070058645126,40.835625303051636],[-73.852207209483737,40.836347495299485],[-73.852331486029357,40.83701052711131],[-73.852479388733173,40.837784287140224],[-73.852664803191288,40.8387800838766],[-73.852869977697466,40.839851304369837],[-73.852920440308083,40.840121505989444],[-73.85303510230456,40.840735458249156],[-73.853094600524983,40.84104696122283],[-73.853268039927841,40.842072688235639],[-73.853335249420468,40.842470155154942],[-73.852311531200556,40.842586994495591],[-73.851798864709338,40.842647632931879],[-73.851208966064462,40.842715121899928],[-73.850888633186287,40.842753007388588],[-73.850522780826381,40.842789490304298],[-73.849991942543824,40.842851628162435],[-73.849391582688938,40.84291857105611],[-73.848545305602428,40.843007225456326],[-73.848063453279764,40.843067998651357],[-73.848018559074646,40.843114151644691],[-73.847810233312345,40.843290548001143],[-73.847490104970973,40.843561611211257],[-73.84623479939151,40.844490217803454],[-73.846793507472725,40.845000117816504],[-73.847108759646318,40.84530593943056],[-73.847269851641357,40.845444033327666],[-73.84751994772796,40.845658423628933],[-73.847667483047715,40.845790497498264],[-73.847722425274895,40.845839681156718],[-73.847884919530998,40.845988980525178],[-73.847210405214582,40.846488871846731],[-73.846570528410908,40.847067481812118],[-73.846350956432687,40.847278903938005],[-73.846145924409811,40.847499800913084],[-73.845956477084954,40.84772927259602],[-73.845783504952379,40.847966357828902],[-73.845627771219796,40.848210012022705],[-73.845489882373002,40.848459147489343],[-73.845370268764484,40.848712629057658],[-73.845359333248467,40.849052619573456],[-73.84534656840583,40.849449488453168],[-73.845020564291133,40.850009397999386],[-73.844885763583576,40.850202725464236],[-73.845023036209483,40.849434961830404],[-73.845049858790318,40.849191585551218],[-73.845055065545822,40.848946559766929],[-73.845038453423044,40.848701540346916],[-73.845000134762273,40.848458219254766],[-73.844940536643492,40.848218221520689],[-73.844861790204206,40.847903776566291],[-73.844799209898227,40.847648820469303],[-73.844745488773512,40.847392701872721],[-73.844700663953319,40.847135598251143],[-73.844664766509098,40.846877687981696],[-73.844637821088952,40.846619149556318],[-73.84461984625959,40.846360162120121],[-73.84460522111516,40.846253697619041],[-73.844910341007463,40.845427461417167],[-73.844291529005687,40.844682549296408],[-73.843775706012451,40.844118628875151],[-73.843276557719875,40.843541806614162],[-73.842836682057325,40.842905541148951],[-73.84239308873029,40.84226986154529],[-73.841879773848277,40.841528089507314],[-73.841461019049461,40.840956096121573],[-73.841953175769845,40.840693071701871],[-73.842018278836207,40.840658278877747],[-73.841947189908254,40.840625957913353],[-73.841865142104169,40.840608760049953],[-73.841782088750918,40.840594617496329],[-73.841698226768003,40.8405835640839],[-73.841613755442623,40.840575625790848]]]]}},
{"type":"Feature","properties":{"ntaabbrev":"ThrgsNck","Name":"Throgs Neck-Schuylerville"},"geometry":{"type":"MultiPolygon","coordinates":[[[[-73.825965503468424,40.840326137999888],[-73.825962266515518,40.839976417594023],[-73.8259079841268,40.838744817894572],[-73.825886637234049,40.838121489439196],[-73.825849858944579,40.837060867102252],[-73.825800667826783,40.836852022040652],[-73.825735250719106,40.836645394913489],[-73.825653891284148,40.836442048224967],[-73.825557059333207,40.836243044923037],[-73.825491087191921,40.836104152515567],[-73.825442962674884,40.83595917077222],[-73.825413973283986,40.835810148642061],[-73.825404825150912,40.835659274739228],[-73.825415688325762,40.835508854961375],[-73.825446073306509,40.835361130371112],[-73.82549496419648,40.83521822379074],[-73.825603502954763,40.835030147716182],[-73.825731433200204,40.83484818900164],[-73.825877755826212,40.834674047450882],[-73.826041184479919,40.834509295447099],[-73.826220877165099,40.834354708292111],[-73.826160179313746,40.834266511974846],[-73.826067854213747,40.834116630908525],[-73.826012525707355,40.834020778205506],[-73.825858800611016,40.834109763146621],[-73.825709399839766,40.834202900336436],[-73.825564517719016,40.834300068642619],[-73.82542434298486,40.834401141802751],[-73.825289057689389,40.83450598824146],[-73.825158837807209,40.83461447159582],[-73.824891039957137,40.834227752430849],[-73.824633463363355,40.833855808717615],[-73.823793831023195,40.834300146958469],[-73.823683366446787,40.83431888977902],[-73.82327498942243,40.834388187511756],[-73.823194853179317,40.834401788275144],[-73.823092104257711,40.834421379476026],[-73.822659286067605,40.834469871567443],[-73.822580514607125,40.834478702577385],[-73.822371530116996,40.834524967546663],[-73.822231299381556,40.834556012680288],[-73.821509307550357,40.834733573724641],[-73.820626995888517,40.834922514741791],[-73.819775779345164,40.835132840024592],[-73.818900040684525,40.835343436138871],[-73.818045834105945,40.835542362700167],[-73.817204345055728,40.835740581733923],[-73.816409545959587,40.835929380556095],[-73.816060682345267,40.836030196959641],[-73.815980369124688,40.835996799708944],[-73.815924102685301,40.835953885202095],[-73.815889485587249,40.835924183018797],[-73.815850506097235,40.835904355108418],[-73.815785400863689,40.83592072262342],[-73.815711631045872,40.835933781055843],[-73.81565956542137,40.835940285740577],[-73.815624803042923,40.835963290720862],[-73.815568381619201,40.835976376793674],[-73.815525009223634,40.835976307428766],[-73.815503386091223,40.835953212964618],[-73.815503468305351,40.83592356616716],[-73.815542577776895,40.835897274649568],[-73.815612001181975,40.8358875029028],[-73.815677051444268,40.835890901078102],[-73.815720479191071,40.835871205799187],[-73.815794267182724,40.835851557824782],[-73.815907090595957,40.835831973289537],[-73.815993908748325,40.835805758262495],[-73.816052495929895,40.835778077374925],[-73.816063395742077,40.835772927473919],[-73.816076580582447,40.835710358602284],[-73.816076735397971,40.835654357175592],[-73.816072562059148,40.835595055319892],[-73.816045195310906,40.835553266143648],[-73.816038010166793,40.835542293405389],[-73.816007730708392,40.835512597336269],[-73.815981735845568,40.83550267310671],[-73.815925351338095,40.835502583129944],[-73.815877613986487,40.835512389687537],[-73.815790869358565,40.835512251173277],[-73.815721473744773,40.835512140315011],[-73.815678046229849,40.835531836600701],[-73.815643347310001,40.835531781141093],[-73.815599976086418,40.835531711805778],[-73.815573969939251,40.83552508183022],[-73.815578362644899,40.835505323172704],[-73.815608805141238,40.835475724915803],[-73.815695549721099,40.835475863567019],[-73.815756280581994,40.835472665397823],[-73.815851737014015,40.835459640894655],[-73.815960240058928,40.835433461518441],[-73.816025380327844,40.835403917006452],[-73.816039988267789,40.8353928698034],[-73.816081883135936,40.835361182400419],[-73.816090767058853,40.835285430883154],[-73.816108333875675,40.835206397839514],[-73.816104224273914,40.83512403670526],[-73.816091386263082,40.83506142683224],[-73.816043777430906,40.835025114574265],[-73.816027440081086,40.835006416765289],[-73.816000541866558,40.834975633994091],[-73.816000687636318,40.834922925905232],[-73.816022509688594,40.834873548100227],[-73.816023098937777,40.834872709073565],[-73.816061700303706,40.834817608928461],[-73.816070547750741,40.834755033632682],[-73.816092451648586,40.834676008171307],[-73.816084014011068,40.834590346265415],[-73.816040842904897,40.83451780424204],[-73.816010582129806,40.834481520305992],[-73.816010394958255,40.834481488177801],[-73.815971566779737,40.834474869664085],[-73.815919520329246,40.834474786604957],[-73.815832749036431,40.834484530668611],[-73.815772019081223,40.834487728878685],[-73.815711244825863,40.834507395961019],[-73.815680884510385,40.834507347444386],[-73.815663581392442,40.834490849307088],[-73.815663617901961,40.834477672074584],[-73.815702706663771,40.834457969696402],[-73.815772146787666,40.834441609150751],[-73.815889305221447,40.8344220308865],[-73.815993470922635,40.8343958445531],[-73.816007033033912,40.834377906416321],[-73.816028295231007,40.834349781683756],[-73.816028404540234,40.834310250822305],[-73.81603732481959,40.834221321894915],[-73.816037470555756,40.834168614804398],[-73.816020349624353,40.834086232897633],[-73.816011830167895,40.834030218287907],[-73.8160119668146,40.833980805210977],[-73.815992151489894,40.833919580665508],[-73.815894833043686,40.833939795134704],[-73.815888011710143,40.833925191540807],[-73.815986842866906,40.833901590474845],[-73.815939209823242,40.833676866415708],[-73.815894734384813,40.833606401219988],[-73.815871217419982,40.833569142460782],[-73.815847390722439,40.833534784555134],[-73.815830404739046,40.83350140351336],[-73.815810943674379,40.833480989754278],[-73.815784128260177,40.83347353498079],[-73.815759692008115,40.833488320673389],[-73.815732829749791,40.833497541850996],[-73.815708460201478,40.833488238819157],[-73.81569877221591,40.833462281363914],[-73.815711012308896,40.833447476698844],[-73.815740313078592,40.833438258584565],[-73.815779424323054,40.833410526271983],[-73.815803943279107,40.833366094435647],[-73.815805952617154,40.833355571758446],[-73.815816320507139,40.833301259350421],[-73.815814051263715,40.833240107683224],[-73.815806926893728,40.833169682324893],[-73.815785174875529,40.833095529136756],[-73.815760990192828,40.833019517228294],[-73.81575868443079,40.832971336067942],[-73.815739315913291,40.832917569023436],[-73.815700450656593,40.832856357869801],[-73.815661505532304,40.83282479519449],[-73.815639625870645,40.832796965424876],[-73.815644555761153,40.83277844427915],[-73.81565687208716,40.832735845614167],[-73.815610698922058,40.83267091643895],[-73.815588964018332,40.832591203604885],[-73.815526265741582,40.832440316034628],[-73.815524450592818,40.832421683086565],[-73.815514157421291,40.832388877253564],[-73.815501483402329,40.832340216626875],[-73.815486957855668,40.832299891559288],[-73.815454155043142,40.83225258665987],[-73.815419475601672,40.832221957636698],[-73.815384750363521,40.832208003901137],[-73.815367786032667,40.832200169104873],[-73.815361780969411,40.832182179942571],[-73.81535012883171,40.832156528389604],[-73.81534473691292,40.8321217765508],[-73.815348514856453,40.832078700367688],[-73.815335850276981,40.832027260003706],[-73.815317745992459,40.831957744600295],[-73.815286869875308,40.831875700533416],[-73.815235780779275,40.831824198607897],[-73.815195640149142,40.831783832459337],[-73.815151813523926,40.831753187689408],[-73.81513389129239,40.831732711946096],[-73.815118866416014,40.831709417556894],[-73.815098876693341,40.831708630142366],[-73.815071438477005,40.83170580742182],[-73.815042191173362,40.831696033218755],[-73.815031252539711,40.831682117520664],[-73.815033117041153,40.831669612305916],[-73.815047781244999,40.831659908523065],[-73.81505696355012,40.831647415043335],[-73.815084689954972,40.831637559819555],[-73.815088098713645,40.831636347718124],[-73.81511007022759,40.831630823816631],[-73.815117436137115,40.831614159246818],[-73.815110170637112,40.831594690316528],[-73.815101104431335,40.831565491700154],[-73.815084737767478,40.83152933179754],[-73.815070197200598,40.831494565272585],[-73.815048325950698,40.831463955665427],[-73.815022764363675,40.83144445956367],[-73.815006316627688,40.83143748410378],[-73.814989868895154,40.831430508641439],[-73.81498451117622,40.831426932447783],[-73.814975258838075,40.831420756393506],[-73.814972975414406,40.831402677522682],[-73.814968456707689,40.831378871930951],[-73.814957282642183,40.831305379496399],[-73.814951967638393,40.831242833121308],[-73.814946614656378,40.831194183164833],[-73.814912106543531,40.831102405855766],[-73.814879373885901,40.831030086491602],[-73.81485346914792,40.831008199729666],[-73.814492210124357,40.831171140224569],[-73.814470336878912,40.83114145875475],[-73.814843134324192,40.830986120513835],[-73.81476387691815,40.830816800496265],[-73.814714188960437,40.830789350880316],[-73.814683158636427,40.830762896835679],[-73.814652116724716,40.830740611440412],[-73.814611962501161,40.830705802176354],[-73.814579121701357,40.830672395946749],[-73.814544434858405,40.830644545532749],[-73.814520085776905,40.830622875794482],[-73.8141029873901,40.830824500448998],[-73.814110279252532,40.830834240007903],[-73.813914253887106,40.830924257538292],[-73.813897833604869,40.830907554158451],[-73.814092052313313,40.830809196390447],[-73.814099351056925,40.830816156229353],[-73.814510165214386,40.830614047051327],[-73.814500632530581,40.83060556218863],[-73.814471467174371,40.830566602710547],[-73.814445357699313,40.830527532047327],[-73.814409909181407,40.830495339139709],[-73.814383837289654,40.830496974768941],[-73.814358184313193,40.830510831635095],[-73.814338050120412,40.830513577949702],[-73.814312435914687,40.830513536710555],[-73.81429416266316,40.830505169431028],[-73.814286910482551,40.830481532292048],[-73.814286988065106,40.830453736604184],[-73.814303505297801,40.830435697037096],[-73.814320928020436,40.83041452806232],[-73.814316448016854,40.830387077507432],[-73.814309206813704,40.830359271710222],[-73.813865852930036,40.830567016793118],[-73.813856719772772,40.830561442922836],[-73.814299592950377,40.830350103702827],[-73.814272711940831,40.830324468217228],[-73.814228940140879,40.830274367395461],[-73.814155933091186,40.830210321959896],[-73.814104800658754,40.830175496331208],[-73.814046356864679,40.83013787848828],[-73.813998441342079,40.830121651866129],[-73.813965935365061,40.830108564193722],[-73.813938517508262,40.830098792657814],[-73.813903841214696,40.830068161662226],[-73.813883807321872,40.830034776565583],[-73.813867937881525,40.830003129718882],[-73.813851793990963,40.8299884677253],[-73.813820873854127,40.829967581965278],[-73.813820949901043,40.829940404437529],[-73.813830810714478,40.829903360609059],[-73.813867750153307,40.829857368782875],[-73.813702960018162,40.829933033128768],[-73.813668312846886,40.829891284854043],[-73.813728765078949,40.829864978321481],[-73.813736012444224,40.829890004435505],[-73.813887095039576,40.829821032466775],[-73.813889712464245,40.829777452705031],[-73.813857420429244,40.829693398993442],[-73.813828291923144,40.829641467990271],[-73.813763307797529,40.829616656733464],[-73.813711362873278,40.829581983903637],[-73.813697262791109,40.829552334601964],[-73.813584944762653,40.829607644219912],[-73.81356669955133,40.829589548391198],[-73.813688818045307,40.829534579621843],[-73.813685492993443,40.829527587309464],[-73.813669319478592,40.829495443566252],[-73.813656461782841,40.829441067988],[-73.813633796421385,40.829403971611697],[-73.813611104944627,40.829376757956176],[-73.813575367435732,40.829361877462809],[-73.813546141928626,40.829344534659199],[-73.813513581142203,40.829356835428321],[-73.813500522773822,40.829374108359119],[-73.813461434800487,40.829393810842937],[-73.813412638260104,40.829396202720361],[-73.813376873071959,40.829391202710688],[-73.81336719226249,40.829364009893354],[-73.813370493628256,40.829346721858151],[-73.813390085240314,40.829319575908386],[-73.813432397011553,40.829309762269574],[-73.813458472857633,40.82929003874829],[-73.813494342540139,40.829257978480058],[-73.813504203434107,40.829220934675327],[-73.813497789299632,40.82918880568311],[-73.813481615959674,40.82915666124169],[-73.81345250898103,40.829097318892394],[-73.813387663891305,40.829023094473733],[-73.813342237628106,40.828983490385809],[-73.813290273281268,40.828956229113274],[-73.813244785148498,40.828938862078779],[-73.813199275134352,40.82892890476375],[-73.813143988666596,40.828926345384083],[-73.81309840343981,40.828943564892917],[-73.81304629884167,40.828965716623344],[-73.812994208980029,40.828982926550964],[-73.812983930187059,40.828982909882505],[-73.812951923808839,40.828982857973962],[-73.812925917398715,40.828977874321666],[-73.812903219188982,40.828953131163608],[-73.81293061658954,40.828917634128942],[-73.812965171078503,40.828898877852765],[-73.81299450062069,40.828879159544456],[-73.813040091892148,40.828859468765991],[-73.81308242402433,40.828842243002249],[-73.813124722983744,40.828837370420757],[-73.813160529484819,40.828827545334484],[-73.813180114087842,40.828802871732307],[-73.81317040437483,40.828785560444878],[-73.813157415402245,40.828778128622844],[-73.813128135411006,40.828780550992924],[-73.813098861473151,40.828780503552714],[-73.813076037892131,40.828800231763296],[-73.813053268948437,40.828800194855184],[-73.813050057767569,40.82878536541245],[-73.813063145447472,40.828758209474493],[-73.813118480343391,40.828743475591978],[-73.813147831023883,40.828716346500251],[-73.813131636489913,40.828691613923468],[-73.813086148804643,40.828674245150737],[-73.813037373606207,40.828669224617258],[-73.812978758149569,40.828693835909931],[-73.812939705150725,40.828701184855994],[-73.812881200798174,40.82868626570562],[-73.81286608233691,40.828672069611578],[-73.812839027670691,40.82864666669478],[-73.812800150000626,40.828592250455294],[-73.812810038986242,40.828545323646487],[-73.812816649542981,40.82850827461963],[-73.812821413503642,40.828502100030121],[-73.812839500236194,40.828478664236719],[-73.812859133721972,40.828436694705736],[-73.812875480290145,40.828407073425389],[-73.812872331701527,40.828370008558672],[-73.812839896358284,40.828337837633129],[-73.81279771740698,40.828300709413085],[-73.81275469994516,40.828248236251532],[-73.812417432886832,40.828268337577576],[-73.81207967398305,40.828282916162742],[-73.811741579981373,40.828291965241306],[-73.811403307785184,40.828295480613754],[-73.811065014380148,40.828293460648759],[-73.810726856762855,40.828285906283689],[-73.810388991865551,40.828272821024385],[-73.81005157648552,40.82825421094347],[-73.810033644161507,40.828255483866279],[-73.810015683200007,40.82825447032566],[-73.809998195351298,40.828251198635591],[-73.809981669147817,40.828245760192452],[-73.809966566258268,40.828238306922238],[-73.809953308589201,40.828229047036054],[-73.809942266500585,40.828218239214038],[-73.80993374845734,40.828206185378242],[-73.809927992414401,40.828193222258868],[-73.809925159167733,40.828179711987069],[-73.809925327863866,40.828166031978888],[-73.809932543363985,40.828104458991177],[-73.809944766419804,40.828043343776798],[-73.809961950068114,40.827982921083809],[-73.809962435877623,40.827957280515761],[-73.809968123002378,40.827932003782948],[-73.809978875290156,40.827907695995954],[-73.809994435332072,40.827884939068568],[-73.810014430625884,40.827864277787377],[-73.810038382493346,40.827846206770225],[-73.8100657175398,40.827831158625038],[-73.81009578138098,40.827819493594262],[-73.8101475195934,40.827844819851748],[-73.810194289493552,40.827875214084926],[-73.810235236803265,40.827910121130913],[-73.810269613592865,40.82794890339769],[-73.810296791942662,40.827990852509664],[-73.811054460594889,40.827984795338693],[-73.811048801873255,40.827840805657289],[-73.81025357097289,40.827833863913021],[-73.810253040230364,40.827800029964976],[-73.810037249199155,40.827796816400088],[-73.810037920617248,40.82778156892595],[-73.810278187255236,40.827781010906939],[-73.810276827305046,40.827817701219679],[-73.811824405580111,40.827828814137789],[-73.811826231560161,40.827848353485372],[-73.811073307171739,40.827841576548039],[-73.811073267961362,40.827984402314925],[-73.811179116458021,40.827978617905551],[-73.811285233818268,40.827977858691995],[-73.811391206971436,40.827982127629667],[-73.811496623407891,40.82799140810129],[-73.811591393087269,40.827999153116473],[-73.811686694250824,40.82800045661876],[-73.811781769577763,40.827995308249832],[-73.811875863542426,40.827983748921596],[-73.811968228417996,40.827965870491454],[-73.812058130220038,40.827941815031991],[-73.812144854539028,40.827911773702091],[-73.812235138058028,40.827884947548057],[-73.812328221547304,40.827864370836885],[-73.812423356959016,40.827850208929043],[-73.81251977975775,40.827842575633468],[-73.812616715062731,40.827841532293519],[-73.812639752579472,40.827836406100033],[-73.812661286737296,40.827828347553393],[-73.81268067619402,40.827817596658001],[-73.812697343482355,40.827804473603486],[-73.812710792209501,40.827789369227936],[-73.812720621840199,40.827772733378282],[-73.812726539626269,40.827755061512157],[-73.812728369324077,40.827736879942044],[-73.812726056444092,40.827718730160299],[-73.812719669872962,40.827701152712095],[-73.812714218119865,40.827662935102936],[-73.812700877658202,40.827625853452588],[-73.81267998430738,40.827590841180729],[-73.812652064005036,40.827558779614982],[-73.812797933392076,40.827488004646845],[-73.812940497743696,40.827413445212294],[-73.813079586970048,40.827335190271903],[-73.813222979097674,40.827248350084965],[-73.813277316058418,40.827219873495032],[-73.813327332700638,40.827187146603336],[-73.813372455470116,40.827150544702221],[-73.813417468127668,40.827104396377976],[-73.813454704671415,40.82705440933713],[-73.813473971027278,40.827021173490351],[-73.813507068332882,40.826979444624698],[-73.813547809306925,40.826941819640595],[-73.813595326137673,40.826909099965647],[-73.813648606689952,40.82688198254111],[-73.813706516063476,40.826861044977655],[-73.813767820765761,40.826846733252097],[-73.813798180573357,40.82683587659853],[-73.813825745053123,40.826821340643669],[-73.81384974858679,40.826803529132455],[-73.813869524465019,40.826782936790281],[-73.813884523405548,40.82676013558121],[-73.813894328809553,40.826735758821243],[-73.813898668333252,40.826710483587469],[-73.813897421449866,40.826685011911778],[-73.813890622798809,40.826660051281621],[-73.813878461221393,40.826636294988923],[-73.813861274515858,40.826614402874206],[-73.813839540053735,40.826594982998834],[-73.813813861521169,40.826578574756539],[-73.813778964258518,40.826561856966492],[-73.813748169329429,40.826541000709497],[-73.813722318184332,40.826516575871672],[-73.813702337666314,40.826489615217554],[-73.813688395832969,40.826460545035147],[-73.813680863948775,40.826430139467178],[-73.813679942579682,40.826399208217055],[-73.813685656252886,40.826368574985715],[-73.813697852803926,40.826339055536899],[-73.813707371062563,40.826304786622437],[-73.813722076866028,40.826271592515219],[-73.813283568614736,40.826325091587513],[-73.81328485368158,40.826334055726434],[-73.812922932252633,40.8263762869136],[-73.812917761312221,40.826350389120833],[-73.813274448145393,40.826305161674618],[-73.813278354962875,40.826314130058833],[-73.813727878503542,40.826261218718166],[-73.813752932032628,40.826225376566818],[-73.813784118239624,40.826192427419869],[-73.81382086766331,40.826162972920748],[-73.813862509262052,40.826137550901073],[-73.813899734178705,40.826126803107293],[-73.813934169263774,40.82611160863906],[-73.813964901455606,40.826092370385574],[-73.813991115878565,40.826069598458375],[-73.814012117450119,40.826043896665929],[-73.814027349310365,40.826015946502288],[-73.814036407588006,40.825986489077529],[-73.814039052107645,40.82595630546615],[-73.814035212757474,40.8259261959968],[-73.814023012638174,40.825874938203569],[-73.814004724613568,40.8258247360057],[-73.813980500355541,40.825776005716946],[-73.813950540761397,40.825729151443774],[-73.813428858601057,40.825934987272085],[-73.813421021970541,40.825925017271054],[-73.813941619533907,40.825717031728658],[-73.813910254515491,40.825679123760736],[-73.81387896444889,40.825665001556182],[-73.813851199356563,40.825647125461401],[-73.813827731526686,40.825625992703287],[-73.813809213716482,40.82560219109299],[-73.813796160995778,40.825576382675692],[-73.813788936420778,40.82554928531512],[-73.813787740936803,40.825521652726543],[-73.813792607788471,40.825494253511344],[-73.813803401597269,40.825467849779123],[-73.813829057647368,40.825425598463497],[-73.813841585373993,40.82539021439009],[-73.813829275569461,40.825347708957537],[-73.813795235176613,40.825298086001752],[-73.81373629018934,40.825264946090329],[-73.813667971290286,40.825250673362056],[-73.813644216445851,40.825247250309978],[-73.813568579820611,40.825236350529821],[-73.813490932612908,40.825224423873181],[-73.813425747601883,40.825200715894908],[-73.813335226060858,40.825170946707807],[-73.813030965720031,40.825259083651204],[-73.813034026844335,40.82527561072132],[-73.812965905215748,40.825294457496568],[-73.812956352486424,40.825273124840777],[-73.812125886954703,40.825569177105983],[-73.812113505564355,40.825552634659516],[-73.812881798956127,40.825265923633275],[-73.812891101911489,40.825273018985193],[-73.812947091541758,40.825251866870794],[-73.812937815128535,40.825235329046109],[-73.813000006977518,40.825218907808129],[-73.813012389188216,40.825235449993954],[-73.813277355153062,40.825161321707718],[-73.813241986608048,40.825150384795137],[-73.813208858760618,40.825135956385658],[-73.813178565612418,40.825118295189533],[-73.813148671415959,40.825095069398408],[-73.813123684946532,40.825068709284508],[-73.813104167974075,40.82503980750775],[-73.813090559294722,40.825009013871941],[-73.813083164865901,40.824977020714826],[-73.813082150928636,40.824944547342469],[-73.813112988856332,40.824906757367629],[-73.813149130187412,40.824871784425468],[-73.813190133108364,40.824840056038298],[-73.813235496378667,40.824811960065105],[-73.813359465179886,40.824748433356326],[-73.813487098294587,40.824689241948057],[-73.813618133177428,40.824634507594638],[-73.813827185343328,40.824558010366616],[-73.814037458433518,40.824483469494105],[-73.814040844848151,40.82442334373799],[-73.814035798051549,40.824363285211859],[-73.814022375259967,40.824303974535127],[-73.814000728610225,40.824246083850774],[-73.813971103434923,40.824190269207712],[-73.81393383548162,40.824137163126352],[-73.81388934710678,40.824087367430813],[-73.813838142488663,40.824041446429248],[-73.813780801913808,40.823999920518553],[-73.813274173988887,40.823966666322349],[-73.813193392447047,40.824137980292669],[-73.813076878925301,40.824158431682676],[-73.813042823654627,40.824190598967284],[-73.813003547097722,40.824219125962891],[-73.812959717309681,40.824243527449433],[-73.81291207979406,40.824263388378064],[-73.812861444823241,40.824278370930365],[-73.812832771114742,40.82430723816416],[-73.812810286832715,40.824339113450115],[-73.812794527628412,40.824373237424737],[-73.812785868943351,40.824408797153183],[-73.812784517065211,40.824444945495287],[-73.812790504211506,40.82448082128689],[-73.812803687761942,40.824515569855578],[-73.812817344121683,40.824569688265626],[-73.812823656244376,40.824624582964411],[-73.812822558156881,40.824679680362209],[-73.812814061314725,40.824734404749854],[-73.812807697953517,40.82474476765757],[-73.812799114557549,40.824754161392868],[-73.812788559477781,40.824762314157852],[-73.812776338114091,40.824768990060612],[-73.812762804078503,40.824773995940795],[-73.812748348964192,40.824777186958364],[-73.812733391015513,40.824778470784338],[-73.812718363025439,40.824777810272536],[-73.812675650251478,40.82474855357686],[-73.812639214846115,40.824714750434715],[-73.812609885433403,40.824677169615903],[-73.812588329025957,40.824636665803048],[-73.812547913951235,40.824583427339839],[-73.81250030741208,40.824533737701202],[-73.812446044336895,40.824488155206033],[-73.812385734443978,40.824447192023868],[-73.812320055390117,40.824411308420103],[-73.812249745157089,40.824380907585265],[-73.812175593759505,40.824356331104234],[-73.81209843436784,40.824337855119161],[-73.812019133948723,40.824325687226583],[-73.811958396134969,40.824335274631558],[-73.811896795994841,40.824340846241256],[-73.811834792771009,40.824342360518187],[-73.811772848712053,40.824339806172993],[-73.8117418283137,40.824355309226313],[-73.811714169681764,40.824374128807278],[-73.811690481908244,40.824395850477423],[-73.811671286642365,40.824419995888903],[-73.81165700660182,40.82444603331831],[-73.811587527191222,40.824492599865223],[-73.811643556196159,40.824601662268854],[-73.811611004594482,40.824611491702662],[-73.81155844768891,40.824512090235238],[-73.811454501105629,40.824550776975165],[-73.811392357653148,40.82455067535065],[-73.811333307667397,40.824555300098538],[-73.811264896067158,40.824574070177832],[-73.811221362661257,40.824585800688752],[-73.811193330248088,40.824609358836902],[-73.811187069436315,40.824625870192691],[-73.811190095704546,40.824654199027165],[-73.811211739870032,40.824692000194645],[-73.811211632723726,40.824729765749701],[-73.811211525577306,40.824767531304417],[-73.811203796840331,40.824782114562737],[-73.811199030054809,40.824791113380918],[-73.811167957885672,40.824791062503472],[-73.81116561831503,40.824789871760835],[-73.81114003255594,40.824776854413287],[-73.811121456168237,40.824753220615911],[-73.81110291395548,40.824717785939278],[-73.811059454149543,40.824703552548883],[-73.811031475255859,40.824708227042187],[-73.811022060827213,40.824741257005293],[-73.810975291690397,40.824797828108466],[-73.810917179314956,40.824840351249691],[-73.810847286786412,40.824872490964999],[-73.810874962945221,40.825113947944146],[-73.810784852865936,40.825113800122658],[-73.810761925593312,40.824901570211857],[-73.810686017643206,40.824923785352119],[-73.810642425414017,40.824936540965524],[-73.810527345031147,40.824976477584187],[-73.810468254268557,40.824995264180416],[-73.810409143961152,40.825021130971798],[-73.810368676190976,40.825047026883425],[-73.810331235189736,40.825101253144773],[-73.81031870564847,40.825136637676067],[-73.810296873210234,40.825164925807201],[-73.810250258844306,40.825167210539611],[-73.81020678458141,40.825157697144455],[-73.810160197820494,40.825150538527254],[-73.810060786378941,40.825143294569742],[-73.809908412210078,40.825185529557913],[-73.809805766783441,40.825223125533071],[-73.809680280360354,40.825262973279806],[-73.809654811418838,40.825275535119239],[-73.809572286496604,40.825376161366059],[-73.809441444977708,40.82549396224519],[-73.809351193693018,40.825543380566785],[-73.80930446315692,40.825585789364993],[-73.809248390890573,40.82563526412153],[-73.809220182714185,40.825720188582274],[-73.809198167759277,40.825812205717156],[-73.809167007778285,40.825842837949295],[-73.80909234633549,40.825873398164298],[-73.808986754421582,40.825854341283183],[-73.808887444626379,40.825811691180029],[-73.808784939214334,40.825799718983127],[-73.808707190426432,40.825823193070384],[-73.80859213406444,40.825853686951135],[-73.80853309675436,40.825853588943438],[-73.80846922650872,40.825860338652568],[-73.80843370570868,40.825839262189788],[-73.808384050544518,40.825817936239957],[-73.808275344770294,40.825801233283208],[-73.808163478585485,40.825803407159469],[-73.808079596559054,40.825798547247281],[-73.807997780852716,40.825790367362714],[-73.807984311585315,40.825827575421286],[-73.807952493624441,40.825825576973955],[-73.807963092997554,40.825781742732538],[-73.807893237238815,40.825772273485669],[-73.807834213192777,40.82576745480322],[-73.807759571681075,40.825790932760071],[-73.80772524164837,40.825842802938197],[-73.807709575718263,40.825887624475101],[-73.807666047652333,40.82589699205927],[-73.807647485611227,40.825868637222648],[-73.807638266559522,40.825833216706307],[-73.807573115624365,40.825797703205104],[-73.807520395042985,40.825762209912888],[-73.807464595147636,40.825717270776998],[-73.807415008694761,40.825672342493185],[-73.807346772520091,40.825629741442533],[-73.807309690988774,40.825558869373616],[-73.807275675854982,40.825502164774498],[-73.807228750939046,40.825455623239534],[-73.807160845787479,40.825454765895238],[-73.80710187725812,40.825431063730086],[-73.807021130050202,40.825416767946997],[-73.806977711523473,40.825388370395082],[-73.806977793686968,40.825360045983608],[-73.806996545448527,40.825322312309495],[-73.806971914526258,40.825244380707403],[-73.806919270042513,40.825182923301895],[-73.806866727752976,40.825086061904457],[-73.806817273037012,40.82499628591205],[-73.806808110032009,40.824941982718073],[-73.806808178676803,40.824918339253294],[-73.806808260793701,40.824890055548089],[-73.80678982983224,40.824816855297634],[-73.806755870361044,40.82474126692528],[-73.806734283993151,40.824684582984602],[-73.806694027114943,40.824637308590383],[-73.80666416187232,40.82463077264098],[-73.806650554586241,40.82462779486027],[-73.806597732519663,40.824627706280886],[-73.806563615549763,40.824606405431958],[-73.806573025307699,40.824575737414534],[-73.806633059258715,40.824551977238251],[-73.806638352179789,40.824549883010093],[-73.806716071903608,40.824535851615444],[-73.806753455385277,40.824502869041254],[-73.80677536296291,40.824448617737126],[-73.806778662156773,40.824382534315447],[-73.806754024320767,40.824306963063407],[-73.80670755354015,40.824259677586888],[-73.806654772915266,40.824245426909144],[-73.806592670916828,40.824231161076071],[-73.806539862888698,40.824226352152927],[-73.806539710121541,40.824226255234954],[-73.806521253312653,40.824214519158375],[-73.806518194075338,40.824197991912911],[-73.80652975478371,40.824173646365942],[-73.806588008073589,40.824172407408092],[-73.8066999133694,40.824156072935985],[-73.806731046939461,40.824134881495148],[-73.806735342718852,40.824127044858585],[-73.806768531454324,40.824066494771685],[-73.806790494360399,40.823993362191935],[-73.806769018095594,40.823898911690172],[-73.806750580600252,40.823828070658813],[-73.806707149731025,40.823804394488178],[-73.806648093665842,40.823811376745759],[-73.806600218841936,40.823816490561789],[-73.806539308597266,40.823822996061779],[-73.806483393636015,40.823818182401915],[-73.806464806104685,40.823799267499332],[-73.806464867885325,40.823778025651286],[-73.806508429057402,40.823756854623902],[-73.806579942215038,40.823740452987117],[-73.806604756637924,40.82373630682681],[-73.806663875738053,40.823726431547321],[-73.80669197728993,40.823679271064428],[-73.806704584786402,40.823617923580926],[-73.806683149021424,40.823509312437295],[-73.806661660006213,40.823419584237335],[-73.806599757717578,40.823336869188815],[-73.806562629015033,40.823319275292988],[-73.806509774256753,40.823294231145191],[-73.806425827513479,40.823312973294378],[-73.806341894022452,40.823326994058554],[-73.806264174747994,40.823341025704813],[-73.806236306935546,40.823307935153423],[-73.806301632696758,40.823282079929129],[-73.806379385348833,40.823256247544684],[-73.806460274179088,40.823220978014177],[-73.806510186047234,40.823152612222039],[-73.806505079767433,40.823136288598803],[-73.806491714712834,40.823093573527458],[-73.806445390685866,40.822996720660264],[-73.806383550207983,40.822892762129875],[-73.806299823795982,40.822835973734719],[-73.806225183704839,40.822859451712723],[-73.806128754878173,40.822897055375819],[-73.806047927522357,40.822911081148497],[-73.805967144292637,40.822910945244445],[-73.805951691244459,40.822882595349604],[-73.80601079450372,40.822859091244432],[-73.806082326133406,40.822835608177691],[-73.806147630859058,40.822816835275042],[-73.806200547725609,40.822783879486842],[-73.806222420820859,40.822741429989613],[-73.806222647640155,40.822663539626035],[-73.806211364740335,40.822609352914959],[-73.80611828825063,40.822419670641004],[-73.806073806413835,40.822329019288695],[-73.80604676609191,40.82227391080513],[-73.805862371685805,40.821898128847891],[-73.805824655808337,40.821767789793199],[-73.805817482194158,40.821671504306316],[-73.805851392202626,40.821546971806484],[-73.80590748413384,40.821484770848883],[-73.805958224896628,40.82142804377353],[-73.80599142834015,40.820826627926287],[-73.805991598489328,40.820823558490261],[-73.805728029897281,40.820177338695203],[-73.805710083970126,40.820157144012136],[-73.805473864376225,40.819906650808093],[-73.805235590705664,40.819657283384522],[-73.805072021991933,40.819487976380934],[-73.804619312053518,40.819027114213974],[-73.804518004157259,40.818927687513074],[-73.804410571106715,40.818832043741814],[-73.804297257324805,40.818740400478418],[-73.804178320609267,40.818652966199629],[-73.804054031546556,40.818569939806238],[-73.803924672894908,40.818491510171206],[-73.80379053894228,40.81841785570986],[-73.803651934837092,40.818349143974032],[-73.80350917589287,40.818285531271393],[-73.803483206493027,40.818276985466838],[-73.803368401751101,40.818251071676166],[-73.803248467072109,40.818244114496395],[-73.803134185017583,40.818238128100141],[-73.80301362934604,40.818233059630195],[-73.802883392240545,40.818231000818606],[-73.802760080836919,40.818231446475941],[-73.802674076341475,40.818238575091677],[-73.802623235674943,40.818267448750802],[-73.802594009400821,40.818337934351099],[-73.802589661249854,40.818389255992656],[-73.802586788155097,40.818423090908716],[-73.802574340296616,40.818451606936954],[-73.802561354858128,40.818481372783175],[-73.802521634019101,40.818525987803518],[-73.802468118207258,40.818540907024719],[-73.802413417145416,40.818516526901377],[-73.802334220772721,40.818494266334255],[-73.802300242532269,40.818484716294655],[-73.802267656597138,40.818497141348409],[-73.802248322492304,40.81850952629933],[-73.802202790063731,40.818538696683738],[-73.802078928718515,40.818556736968752],[-73.802045607215987,40.818545540710552],[-73.802040094428989,40.818466431412809],[-73.801973349581914,40.818412867690512],[-73.801932675634106,40.818387959768771],[-73.801884936175625,40.81835871604607],[-73.801812962553882,40.818336621484804],[-73.80171061980559,40.818305203332876],[-73.801611453687457,40.818266887194596],[-73.801498513689296,40.818242003351365],[-73.801392045805528,40.81821933466901],[-73.801288169866098,40.818181904386201],[-73.801186013676897,40.818128502984493],[-73.801116146097769,40.818105262062993],[-73.801051314319196,40.818100337063598],[-73.80102525135996,40.818101455382738],[-73.800926845312588,40.818105695112308],[-73.800813681763771,40.818089517646357],[-73.800708597211681,40.818043276298724],[-73.800616052421915,40.817963685602031],[-73.800590273581889,40.817933435967902],[-73.800584021499404,40.81790942404632],[-73.800568451522665,40.81784964839607],[-73.800567960517938,40.817765151560437],[-73.800574651658337,40.817698051863943],[-73.800516002997597,40.817665755831449],[-73.800417029625535,40.817612391245248],[-73.800325401304079,40.817560445663965],[-73.800223860305437,40.817519161535508],[-73.800122740513871,40.817480991495714],[-73.800014043183069,40.817440716844544],[-73.799901418676782,40.817401701260081],[-73.799805728772043,40.817367806718167],[-73.799691244498263,40.817330262586871],[-73.799571936311622,40.817295197364608],[-73.799455107580982,40.817257374852026],[-73.79934989786554,40.817214778215671],[-73.79850007734936,40.816901275035995],[-73.798417938572243,40.816873893373831],[-73.798332848885408,40.816852331191129],[-73.798245520911451,40.816836769069774],[-73.798205439550429,40.81683299938647],[-73.798166675685977,40.816824387363411],[-73.798130236033174,40.816811156658929],[-73.798097066944635,40.816793650880356],[-73.798068029833274,40.816772324660562],[-73.797986029312312,40.816653361687663],[-73.797948959705181,40.81662089357755],[-73.797868966660374,40.816591509398478],[-73.79775546111739,40.816563428865003],[-73.797653685201325,40.816533345942545],[-73.797590327774742,40.816507531567751],[-73.797405878762021,40.815851536134112],[-73.797381125735257,40.815763504895813],[-73.797440809959966,40.815718730190035],[-73.797714652367873,40.815513292743631],[-73.798119452936177,40.815698784500881],[-73.798642206465999,40.815464015935341],[-73.799028163139994,40.815541134938847],[-73.799946781862602,40.8144495656896],[-73.800111468642797,40.814024525560789],[-73.800488247914089,40.813867009366923],[-73.800915932376412,40.813761402506735],[-73.801106475145843,40.813539499530137],[-73.801319918564616,40.813260900539206],[-73.801458005173004,40.81294094720333],[-73.801745612159465,40.812865017415902],[-73.801519925521148,40.812554047116166],[-73.801426344475445,40.812424422038916],[-73.801373859189496,40.812444246323899],[-73.801339061411966,40.812393734392572],[-73.801391544465147,40.812373909616944],[-73.801388068827677,40.81236726411386],[-73.801403809688452,40.812363308658703],[-73.80155119869444,40.812569810096932],[-73.801759321808206,40.812861396987472],[-73.801986169344659,40.812807217916053],[-73.802041694031672,40.812801928611613],[-73.802095861869518,40.812791256578613],[-73.802147772779051,40.812775379148782],[-73.802194255822187,40.812755691306329],[-73.802237218901411,40.812731830109364],[-73.802276016360835,40.812704154149962],[-73.802310065148561,40.812673079348869],[-73.802376514570398,40.812624625033969],[-73.802448917141774,40.812581373975107],[-73.802526570049167,40.812543746005332],[-73.802608719518503,40.812512106373894],[-73.802694568131969,40.812486762202013],[-73.802783282567688,40.812467959501312],[-73.802874001688579,40.812455880786246],[-73.802965844899873,40.812450643302874],[-73.803057920696773,40.812452297890346],[-73.803149335316903,40.812460828487879],[-73.803239201415252,40.812476152290614],[-73.80332664667668,40.812498120553066],[-73.803410822282316,40.812526520033131],[-73.803437366715869,40.812541175475012],[-73.803466220802733,40.812556884559022],[-73.803473385236288,40.812560784857453],[-73.803514592190282,40.812560831469405],[-73.803528753909688,40.812549592902691],[-73.803550704048433,40.812532172701154],[-73.803556921261475,40.812529717997762],[-73.80357961727475,40.812520753541769],[-73.803614249769268,40.812523114163241],[-73.803627954367201,40.812538782993713],[-73.803645085122099,40.812558369532006],[-73.803653626178587,40.81258055600108],[-73.803650141936743,40.812606641906029],[-73.803640131231575,40.812635144801845],[-73.803550218779378,40.812857401901418],[-73.803519979064916,40.81292187125176],[-73.803620633280275,40.812964740817904],[-73.803737571624183,40.812793607520163],[-73.803779120198769,40.812809906043235],[-73.803614292611755,40.813044514425712],[-73.803684928207986,40.813108695574726],[-73.80370415669779,40.8131275339897],[-73.80377171351131,40.813193721146511],[-73.803791738821118,40.813213341066209],[-73.803857050154008,40.813277327093772],[-73.803880068260909,40.813299878916737],[-73.803946930225081,40.813365384132766],[-73.803981205965783,40.813398963808588],[-73.803993605498817,40.813411112183694],[-73.804173890096251,40.813587738316194],[-73.804236532016077,40.813646528496029],[-73.804252383490351,40.813650440311747],[-73.804344336531727,40.813596765116841],[-73.804358102805452,40.813608538673073],[-73.804321278677691,40.813631889794799],[-73.804190049861489,40.813707944096628],[-73.804153653010417,40.81373067286529],[-73.804142374601724,40.813718304609687],[-73.804228995917867,40.813663305211833],[-73.804158668210405,40.813597521546129],[-73.803950401236762,40.813397731721537],[-73.803943386576208,40.813391002882717],[-73.803896367092975,40.813345895240552],[-73.803871896629417,40.813322421741368],[-73.803848500269623,40.813299977829509],[-73.803798711386165,40.813252213348321],[-73.803778024132527,40.81323236999787],[-73.803725619297651,40.813182096199824],[-73.803706127985478,40.813163397224429],[-73.803601890933336,40.813056452066355],[-73.803559211936332,40.813042712172475],[-73.803614558059451,40.812972191191747],[-73.803513706430692,40.812935243289566],[-73.803459213653724,40.813051422580692],[-73.803388207412226,40.813129966521487],[-73.803300304677194,40.813160684894314],[-73.803252944549712,40.813196773550189],[-73.803235433167629,40.813296366873509],[-73.803344395534097,40.813320083326978],[-73.803349681707218,40.813305155655591],[-73.803461013799676,40.813329244260316],[-73.803451771603136,40.813352130666722],[-73.803367950507777,40.813332072382764],[-73.803363992169764,40.813341027208935],[-73.803232013785546,40.813315810176448],[-73.803224493004791,40.81335858052028],[-73.803293652934087,40.813375859116327],[-73.803356415419572,40.813392021765516],[-73.803358651604398,40.813384214731023],[-73.803455192996111,40.813402691493323],[-73.803450398199388,40.813414227125143],[-73.80351937559665,40.813485008370748],[-73.803525655774195,40.813491654734058],[-73.803559219620652,40.813527171584802],[-73.803583896358177,40.813553285693359],[-73.803633624018047,40.81360590670721],[-73.803639906860965,40.813612554241409],[-73.80369692748782,40.813672893625196],[-73.803701976761715,40.813678236884577],[-73.803967044571252,40.813966553255575],[-73.804043937823053,40.813940894517877],[-73.804054362789714,40.813954506879732],[-73.804071434044033,40.813966009502572],[-73.804090734082507,40.813951524759851],[-73.804184284406659,40.814030457397493],[-73.804173799553325,40.814038158968756],[-73.804190802535132,40.814052795680723],[-73.804177010511879,40.814060768219129],[-73.80419191642828,40.814074476129193],[-73.804211214256142,40.814092224321818],[-73.804249138365435,40.814127100217576],[-73.804374721326298,40.814242590748101],[-73.804434658974245,40.814293196487341],[-73.804454071788129,40.814292190926949],[-73.804522314654562,40.814247301259321],[-73.804530816098335,40.814254619924519],[-73.804433675912065,40.814318885596322],[-73.804259373614002,40.814160559245231],[-73.804237296764015,40.814140878298595],[-73.804202719809368,40.814110052301331],[-73.804170151209021,40.814081016524973],[-73.804124413102372,40.814040240001226],[-73.80409350211184,40.814012682577996],[-73.804036020004901,40.813963048120371],[-73.803959553453964,40.813988085558442],[-73.803926540606625,40.813951303276589],[-73.803870719654967,40.813891952437174],[-73.803842616886456,40.813862071629401],[-73.803838957951882,40.8138581811723],[-73.803803663293223,40.813820656019757],[-73.803796527656033,40.813813068401636],[-73.803759323575974,40.813773511762065],[-73.803755754555922,40.813769715771734],[-73.803717434342815,40.813728971477325],[-73.803709960881974,40.813721024272766],[-73.803674399087484,40.813683213329924],[-73.803670164055305,40.813678710923028],[-73.803632750649513,40.813638931412022],[-73.803626755187423,40.813632557264967],[-73.803590770801549,40.81359429593909],[-73.803584781064103,40.813587927327887],[-73.803548299743383,40.813549137605868],[-73.803541137346741,40.813541521949304],[-73.803503743656833,40.813501763536912],[-73.803498919353117,40.813496632571074],[-73.803463434950771,40.813458903445429],[-73.803460266930784,40.813452906852099],[-73.803430421100003,40.813422119843011],[-73.803354859168522,40.813406421226809],[-73.803357451314383,40.81340112448995],[-73.803292556920354,40.813388069644105],[-73.803221762992848,40.813374109942409],[-73.803198705388183,40.813505240572283],[-73.803516673373679,40.813951963648798],[-73.803565955382837,40.813999297010874],[-73.803888425062922,40.814309007258494],[-73.804180331303414,40.814589962811652],[-73.804314669045382,40.814592160481091],[-73.804360171160539,40.814569667409735],[-73.804353219716489,40.814556379771268],[-73.804391719402361,40.814537856703303],[-73.804430033335933,40.814583062613295],[-73.804386282365812,40.814604232556384],[-73.804365358437622,40.814588263932691],[-73.804329778925904,40.814603143088618],[-73.804351289040397,40.814618777328626],[-73.804361544154119,40.814697128182267],[-73.804405016821789,40.814770224852253],[-73.80447282080506,40.8148898316513],[-73.804602834572094,40.815044228197202],[-73.804617523749229,40.815059012699493],[-73.804648974659671,40.815125105046555],[-73.804686962191028,40.81518918474449],[-73.804718123326637,40.815230505596737],[-73.804759346891331,40.815272230870825],[-73.804807304782415,40.815309571755883],[-73.804861197095775,40.815341905423722],[-73.804885289124115,40.815382740344212],[-73.80491612836795,40.815420865917766],[-73.804953197115992,40.81545564210041],[-73.804995873074262,40.815486485076136],[-73.8050154416445,40.815497851747601],[-73.805032487576554,40.815511361553931],[-73.805046608547443,40.815526695634098],[-73.805057471268668,40.815543492069807],[-73.805064819353305,40.815561354427778],[-73.805085978126769,40.815600053431901],[-73.805114655043852,40.815635849404892],[-73.805150179703901,40.815667905504398],[-73.805191721615287,40.815695472318239],[-73.805238309610587,40.815717905384481],[-73.805288854550312,40.815734680258267],[-73.8058461181963,40.816014158147624],[-73.805960264158671,40.81604244974222],[-73.806199195004083,40.816287070772994],[-73.806284517483022,40.816268486891346],[-73.806415935950355,40.816513690357894],[-73.806545464731727,40.816614852338191],[-73.806572472601701,40.816606355392558],[-73.806566642190319,40.816600436844261],[-73.806583587256966,40.816594588165799],[-73.8065466824781,40.816527048938397],[-73.806543307808809,40.816527897317698],[-73.806309688411915,40.816146807159036],[-73.806234658563938,40.816069679988303],[-73.806150699656527,40.815985857201092],[-73.806117613737683,40.815952208823681],[-73.806088375140916,40.81593114701581],[-73.806023319408695,40.815886854087879],[-73.805994072449195,40.815866941294388],[-73.805978842472356,40.815856571344376],[-73.805941035811472,40.815830829681637],[-73.805929049415965,40.815822669308233],[-73.805888962679077,40.815795375693384],[-73.805873728331292,40.815785003544185],[-73.805834103122308,40.8157580231209],[-73.805819977267532,40.815748405520253],[-73.805799214870831,40.815734269652054],[-73.805785063718076,40.815724634916883],[-73.805735755447529,40.815691061793835],[-73.805719407833749,40.815679931373687],[-73.805679469811508,40.81565273945575],[-73.805666058557037,40.815643607689609],[-73.805613526884699,40.815607839866232],[-73.80558653649986,40.815589463959739],[-73.805563945462239,40.81557408176343],[-73.805545199634082,40.815561318430007],[-73.805512275890763,40.815538902186624],[-73.805453109644986,40.815498617349796],[-73.805434121459626,40.815499000435487],[-73.80541005396141,40.815505275337919],[-73.805378787848198,40.815482620282864],[-73.805282180916137,40.81541117384743],[-73.805081034668277,40.815197963510215],[-73.805067395800663,40.815183188549376],[-73.805044967181786,40.815158892695145],[-73.804981385351326,40.815090012869192],[-73.80495091220341,40.815057001981039],[-73.804937888409484,40.815042891275858],[-73.80488927230391,40.814990227154688],[-73.804874651225404,40.814974386725531],[-73.804837020308369,40.814933620526624],[-73.804829227201836,40.814925178154624],[-73.80464184954505,40.81472374103155],[-73.804554405190132,40.814629841734714],[-73.804559025834166,40.814626140231788],[-73.804542092686972,40.814608369639195],[-73.804659427490179,40.814544988618515],[-73.80468358440335,40.814571940402224],[-73.804589245725651,40.814621511144153],[-73.804641420457713,40.814680847239785],[-73.804653097532167,40.814694128460019],[-73.804687904416028,40.814733712069895],[-73.804701435685971,40.814749101040796],[-73.80473920794104,40.814792059085029],[-73.80475413212416,40.814809030838049],[-73.804796265738474,40.814856948283179],[-73.80481419768843,40.814877342292327],[-73.804988803116757,40.815067255605975],[-73.805037039353834,40.815119720860096],[-73.805050185230584,40.815134020058139],[-73.805098518055644,40.815186590822293],[-73.805111502627227,40.815200713504311],[-73.805161308448064,40.815254884750644],[-73.805173848604284,40.81526852470553],[-73.805218662589581,40.815317266219836],[-73.805242504564902,40.815340644212917],[-73.80527878825221,40.81537726427392],[-73.805295359951003,40.815390285150961],[-73.805355749338887,40.815437737506855],[-73.805380587462338,40.815457254364837],[-73.805398444305553,40.815470647458461],[-73.805436233936902,40.815459533641786],[-73.805545147898172,40.815534273469034],[-73.805563845114648,40.815547144271548],[-73.805623335435811,40.815588092828165],[-73.805644352348651,40.815602558846358],[-73.805696078127653,40.815638163971208],[-73.805715552000862,40.815651568451557],[-73.805748456442913,40.815674218468445],[-73.805882465861885,40.815766460022523],[-73.805894703069541,40.81577488333452],[-73.805918197779789,40.815791054855659],[-73.806059278520905,40.815890125359594],[-73.806101417980571,40.815919716451454],[-73.80621827961798,40.816026841830457],[-73.806329325663114,40.816137958315167],[-73.806396545976241,40.816245282394021],[-73.806419168622526,40.81628140203874],[-73.806428259437723,40.81629374712702],[-73.806451870105903,40.816325806114669],[-73.806462830718601,40.816340688821654],[-73.806482546346047,40.8163674600452],[-73.806490711626623,40.81637854864659],[-73.806513023410588,40.816408843917998],[-73.806518896115492,40.816416817902031],[-73.806541645769087,40.816454878174412],[-73.806550148587917,40.816469103569609],[-73.806572818407375,40.816507028173888],[-73.806581670587875,40.816521837641609],[-73.806612161227747,40.816577945431753],[-73.806707377987578,40.816552942534798],[-73.806719679870724,40.816575170747107],[-73.806586895570149,40.816616800300061],[-73.806584646193173,40.81661679652678],[-73.806579236318967,40.816618074209593],[-73.806606031896578,40.816664494041298],[-73.806929331775521,40.816568379076891],[-73.806886092278404,40.816487810998659],[-73.806851960120525,40.81642687966955],[-73.806796655848274,40.816332788342564],[-73.806791744306935,40.816324432853939],[-73.806786689050284,40.816315831197883],[-73.80676068779789,40.816271596422688],[-73.806756165963677,40.816263901968384],[-73.806732083158607,40.816222928424061],[-73.806726724455729,40.816213811285294],[-73.806699287400804,40.816167130906706],[-73.806695110063231,40.816160025374586],[-73.806668049145088,40.816113982883081],[-73.806599998198791,40.815998204767915],[-73.806592572602,40.815985569987483],[-73.806568394988645,40.815944435256348],[-73.806535724937916,40.815891986889028],[-73.806554355602074,40.815889089647108],[-73.806717921489934,40.816160117392002],[-73.8068992956903,40.816484031136611],[-73.80694199535742,40.816564614220944],[-73.806943086700841,40.816564290547554],[-73.806956620269574,40.816560266478099],[-73.807046001535085,40.816533693875506],[-73.806946869978589,40.816214078576984],[-73.806797772883684,40.816021920290282],[-73.806791442351809,40.816008574707205],[-73.806765938129899,40.815975615016065],[-73.806628734232888,40.815683839705279],[-73.806586719742015,40.815699231272589],[-73.806578442986151,40.815730314685851],[-73.806401778114463,40.815702030649675],[-73.806412305787077,40.815664449389786],[-73.806563683354753,40.815687602757187],[-73.806617738026034,40.815668558243622],[-73.806631563238966,40.815594991460969],[-73.806412545430021,40.815380124140773],[-73.805684429084138,40.815033424911782],[-73.805634424796068,40.814840551524746],[-73.805639281577143,40.814788142023879],[-73.805636224991773,40.814760737344066],[-73.805524971041734,40.81473553275422],[-73.80545612201098,40.814686574062925],[-73.805522162550872,40.814623547032809],[-73.805534799615501,40.814591404412759],[-73.805574149326247,40.814540245358991],[-73.805566431090426,40.814498536746186],[-73.805524350812576,40.814474058576053],[-73.805449072465748,40.814416139687573],[-73.805425597857322,40.81440061323844],[-73.805441452494293,40.814341076025599],[-73.805446274342884,40.81430058016781],[-73.805418231512178,40.814238586001785],[-73.805421454416006,40.814131460459876],[-73.805408230577868,40.813797871824775],[-73.805435658694577,40.813772733565372],[-73.805457041013298,40.813744409147532],[-73.80547175081567,40.813713728773855],[-73.805479356959765,40.813681591700536],[-73.805479636516736,40.813648939878767],[-73.805472581303476,40.813616730345913],[-73.805458398120876,40.813585907174229],[-73.805443817352113,40.813573790804703],[-73.805432211835239,40.813559942358424],[-73.805423930770488,40.813544778525731],[-73.805419223326879,40.813528755575575],[-73.80541823114541,40.813512355627033],[-73.805420984077315,40.813496072142279],[-73.805436511675254,40.813474163413929],[-73.805447304700238,40.813450670304825],[-73.805453093845315,40.813426179025171],[-73.805453734663061,40.813401300691204],[-73.805449211169162,40.813376656076507],[-73.805439636241033,40.813352860122144],[-73.805322093790636,40.813226861068124],[-73.805354725060553,40.813130230340718],[-73.805270199812227,40.812844771426398],[-73.805042092897551,40.812629046732361],[-73.805032265843138,40.812607874551503],[-73.805026885212072,40.812585799789787],[-73.805026081535246,40.812563357987479],[-73.805029874305333,40.812541093588784],[-73.805038171504449,40.812519546733441],[-73.805050771836562,40.812499240152981],[-73.80506170233663,40.812449655338746],[-73.805064708774609,40.812399431793409],[-73.805059747570695,40.812349297834821],[-73.805046890687365,40.812299980480283],[-73.805026324585839,40.8122521949035],[-73.804998347519728,40.812206634063585],[-73.804963365210725,40.812163958656555],[-73.804921884963093,40.812124787534337],[-73.804874508306781,40.812089688730794],[-73.804821922274741,40.812059171224981],[-73.804764889439227,40.812033677560372],[-73.804575220110124,40.81212294185255],[-73.804544992549054,40.812115231619799],[-73.804516655289405,40.812104125151826],[-73.804490864843288,40.812089879761366],[-73.804468218717545,40.812072825483284],[-73.804449241571007,40.812053357428077],[-73.804434373058996,40.812031926627583],[-73.804416997932591,40.812022008994553],[-73.804389589218218,40.812011836618069],[-73.804092137919511,40.812122717050769],[-73.804056224632063,40.812072026300768],[-73.803911860624694,40.81211049788137],[-73.803716578015397,40.811890377055015],[-73.803439208856091,40.811591337864456],[-73.803372764582122,40.811539786699186],[-73.803241201118155,40.811240284275847],[-73.803173835661624,40.810868601599417],[-73.80293001868921,40.810541861353002],[-73.80257487166179,40.810283833843791],[-73.802353402788526,40.810037059461742],[-73.80230363885174,40.810024851225663],[-73.802251925353318,40.810018949572829],[-73.80219963701191,40.810019511389086],[-73.802148163827823,40.810026521739481],[-73.80215132536479,40.810038094142605],[-73.802152036051112,40.810049900887826],[-73.802150277964301,40.810061644245636],[-73.802146095436342,40.810073028084936],[-73.802139593936715,40.810083765340202],[-73.802130937412102,40.810093585250684],[-73.802120344152982,40.810102240188385],[-73.801478329199497,40.81060627908888],[-73.801355527467635,40.810710845397679],[-73.801157076249027,40.810587765615253],[-73.801011728436976,40.810713399646332],[-73.800995179944053,40.810707076331674],[-73.801136084160731,40.810576177890098],[-73.801240325305528,40.810479339740574],[-73.801466700073277,40.81014171796329],[-73.800109499167874,40.80971095357593],[-73.798537659649497,40.809587075529905],[-73.795757522642987,40.808343321144399],[-73.793763469759597,40.807451168375614],[-73.79367568886633,40.807423787976234],[-73.793614647194914,40.807392062706306],[-73.792289073374235,40.806849005579657],[-73.791723769855608,40.806878114556362],[-73.791662406546934,40.806882912820868],[-73.791602532081214,40.806894192840105],[-73.791545326292976,40.806911732339863],[-73.791491916432989,40.80693518570201],[-73.791443354955149,40.806964090774116],[-73.791400598778836,40.806997877976677],[-73.791364490432812,40.807035881525842],[-73.791342077898136,40.807054315757014],[-73.791323918944272,40.807075278989487],[-73.791310499145993,40.807098210666112],[-73.791302177354837,40.807122497592658],[-73.791299176101518,40.807147490334927],[-73.791301575645889,40.807172520584317],[-73.791308660253478,40.807195389702784],[-73.791320255761178,40.807217169204741],[-73.79133609043717,40.807237348696333],[-73.791355793205327,40.807255455278579],[-73.791378902341037,40.807271064630278],[-73.791408633689642,40.807285320585045],[-73.791441167893367,40.807295443471425],[-73.791485119033496,40.807319079775766],[-73.79152496557569,40.807346598093304],[-73.791560117245396,40.807377590779744],[-73.791590053313158,40.807411598722062],[-73.791586567049592,40.807427421150344],[-73.791579714206947,40.80744259525062],[-73.79156968020861,40.807456710438004],[-73.791556736555563,40.807469384779694],[-73.79154123347972,40.807480275329652],[-73.791523590466667,40.807489087407966],[-73.791504284906168,40.807495582574553],[-73.791483839174333,40.80749958508094],[-73.791462806498387,40.807500986626046],[-73.79144175598789,40.807499749286315],[-73.791302250724939,40.80745069931384],[-73.791159265685053,40.807407823313952],[-73.791013273661264,40.807371263058492],[-73.790864757387212,40.807341139435628],[-73.790822223830062,40.807250976918326],[-73.790787009095027,40.807159010598582],[-73.790759244352955,40.807065583120618],[-73.790739033016635,40.80697104257105],[-73.790726450355763,40.80687574118226],[-73.79072154321689,40.806780034019447],[-73.790724329849255,40.806684277658533],[-73.79073479983785,40.806588828856754],[-73.790428394429213,40.806326649910964],[-73.790252637285931,40.806019196522207],[-73.790124632939325,40.805771560388479],[-73.7900820425006,40.805522727736431],[-73.790062563278767,40.805408942337195],[-73.790151925999709,40.805079989095177],[-73.790284108740124,40.804817104191592],[-73.790568238077881,40.804558011291867],[-73.79065958257803,40.804485792582284],[-73.791037175154187,40.804263032204766],[-73.79160012936444,40.804143423586858],[-73.791694480009497,40.804121917860954],[-73.791768406658903,40.804126967721054],[-73.791842629463289,40.804127377123748],[-73.791916644799244,40.804123143290994],[-73.791989950450841,40.804114294950601],[-73.792062049017915,40.804100892141236],[-73.792156071130037,40.804051058324923],[-73.792245292189975,40.803996364817642],[-73.792358928532749,40.804040466515097],[-73.792475687433452,40.804079576243197],[-73.792595189474682,40.804113566909869],[-73.792717046322522,40.804142328058056],[-73.792849116835285,40.804167128081133],[-73.792982926147317,40.804185785722083],[-73.793117979972266,40.804198232060131],[-73.793253779425442,40.80420442111906],[-73.793389822867198,40.804204330036463],[-73.793513896435073,40.804261200315054],[-73.79358593394123,40.804372145728962],[-73.793655405031203,40.804386650964375],[-73.793734748101059,40.804443515477239],[-73.794006314515229,40.804637952668081],[-73.794013836259865,40.804826861296974],[-73.794516486262566,40.805003218684377],[-73.794800165512854,40.805357235072499],[-73.794921223981078,40.805485186566422],[-73.79504902476053,40.805609294744059],[-73.795183356795718,40.805729354612438],[-73.795323168723669,40.805844511000643],[-73.79546898916773,40.805955281614857],[-73.795620580067606,40.806061485593951],[-73.795777693938462,40.806162949531966],[-73.795841873947055,40.806168721202383],[-73.796010375691068,40.805921031867229],[-73.79618823857345,40.805996878176678],[-73.79620903473031,40.805968590964554],[-73.796502685263391,40.806104435990221],[-73.79636945999799,40.806277202766786],[-73.796515356302834,40.806292274291231],[-73.797029455443763,40.806345377216566],[-73.797153499102407,40.806393986682814],[-73.79791578987583,40.806712230524653],[-73.798848220439936,40.807177193268458],[-73.800539378709985,40.808397211627486],[-73.801314051108307,40.808778878892511],[-73.801450409255679,40.808872708036745],[-73.801448640956139,40.808912337225216],[-73.801519353706894,40.808951535590126],[-73.801593931695777,40.80898635372138],[-73.801671906013198,40.809016572697026],[-73.801752786391987,40.809042002512335],[-73.801836064290939,40.809062483274602],[-73.80192121609322,40.809077886208826],[-73.802039266315063,40.809111861683171],[-73.802216499295639,40.809142792630851],[-73.802410505554221,40.809154951391648],[-73.802595717556429,40.809147249084276],[-73.802782362656657,40.80912012289744],[-73.802913912061456,40.809075061992878],[-73.803089801483011,40.808985122847872],[-73.803259431976969,40.808910507156078],[-73.803392698918074,40.808842136021369],[-73.803502935162228,40.808807859039398],[-73.803593866150678,40.808757170478081],[-73.803618838872126,40.808716300058066],[-73.803652160614305,40.808653414813783],[-73.803664725407543,40.808606230005132],[-73.803675230833278,40.808585269457019],[-73.803690162295268,40.808565921419913],[-73.803709106927613,40.808548720877113],[-73.803731540898355,40.808534143432489],[-73.803756843895357,40.808522592159257],[-73.803784316277813,40.80851438645567],[-73.803813198420784,40.808509753213201],[-73.803842691720348,40.808508820542983],[-73.803871980673392,40.808511614233829],[-73.803900255427365,40.808518057038988],[-73.803926734172038,40.808527970811888],[-73.803970634379269,40.808579489105917],[-73.804006701093087,40.808634405266503],[-73.804034484534256,40.80869203447763],[-73.804053638214796,40.808751658089001],[-73.804139944276059,40.80882364584091],[-73.804324605555578,40.808970272534246],[-73.8045155689707,40.80911216271457],[-73.804678083690177,40.809225799122821],[-73.804844641348282,40.809336004453542],[-73.805015116524473,40.809442695707169],[-73.805032365362621,40.809417698988902],[-73.805021909968431,40.809407723453411],[-73.805061351665458,40.809364971933832],[-73.805118922657073,40.809396934363278],[-73.805079483897046,40.809438689133465],[-73.805063784064174,40.809429700503394],[-73.805036399189262,40.809455602310898],[-73.805210454897136,40.80955787049804],[-73.805361204293774,40.809641904109917],[-73.805514482246622,40.809723254437813],[-73.805670206044113,40.809801877578749],[-73.805848897384323,40.809887332141088],[-73.806030477708674,40.809969195816173],[-73.806214822050507,40.810047412259763],[-73.806613597659975,40.810312212617667],[-73.807139878840403,40.810661676956499],[-73.807241756702211,40.81081524074154],[-73.807350197392338,40.810966187899041],[-73.807469074148244,40.811119307889292],[-73.807594703692573,40.811269283290187],[-73.807734212775628,40.811423704017791],[-73.807880880518169,40.811574246975553],[-73.807992934179978,40.811682120636],[-73.808108664471504,40.811787729814419],[-73.808227992166081,40.811891002197285],[-73.808396897086979,40.812028354971496],[-73.808572163807511,40.812161027128361],[-73.808753567808239,40.812288848685185],[-73.808940876703133,40.812411655872836],[-73.809133850536142,40.812529291345911],[-73.80933224208907,40.81264160438446],[-73.809535797198535,40.81274845108711],[-73.80972609886237,40.812841190674085],[-73.8099202908178,40.812929152261944],[-73.809983149451952,40.812946958398598],[-73.81006463809193,40.812968335664138],[-73.810164771253994,40.812987973839306],[-73.810268122624038,40.812999480372419],[-73.810346936956606,40.812992088554878],[-73.810424885632074,40.812980557192404],[-73.810501592462487,40.812964941936649],[-73.810598322096013,40.812938824101238],[-73.810669312878488,40.812764366537728],[-73.810784778683299,40.812770951355176],[-73.810789671063361,40.812793192494006],[-73.810799270143988,40.812814530152522],[-73.810813319113024,40.812834393456669],[-73.810831442103648,40.812852250977514],[-73.810853154250225,40.81286762494873],[-73.81087787466052,40.812880104049633],[-73.810904941956736,40.812889354409641],[-73.810933631970912,40.81289512854103],[-73.810963177118964,40.812897271960459],[-73.810990215242768,40.812888374297053],[-73.811018738769661,40.812882759405028],[-73.811048061878822,40.812880562288925],[-73.811077479523888,40.81288183577643],[-73.811112035795944,40.812895872046809],[-73.811143112065054,40.812914006597403],[-73.811169874330275,40.812935752748629],[-73.811191604363017,40.812960526895033],[-73.811212128303566,40.812979071500081],[-73.811247037683444,40.81299329087495],[-73.811333186255695,40.813014675541972],[-73.811424010951143,40.813030755746581],[-73.811479904839643,40.813039699335135],[-73.811547726031861,40.813050955975754],[-73.811566073597874,40.813054001914239],[-73.81166625396277,40.813057705738089],[-73.811696879151754,40.813056924669411],[-73.811731497567251,40.813056042059827],[-73.811773473174284,40.813043719115754],[-73.811799208048456,40.813006586017174],[-73.811815607399481,40.812974747711536],[-73.811832003048536,40.812944681140408],[-73.811850657472959,40.812939400543051],[-73.811876246491863,40.81295360401441],[-73.811894832188884,40.812973107597891],[-73.811915691061557,40.813012086135238],[-73.811941270777695,40.813029830717539],[-73.811997145393988,40.813045854965125],[-73.812071666025588,40.813060138171778],[-73.812162514399461,40.813067366488575],[-73.812258018816308,40.813076373388519],[-73.812344204306527,40.813085364874496],[-73.812411753151466,40.813092556074849],[-73.812481597938586,40.81311214244927],[-73.812551452737623,40.813128188662034],[-73.812607327588111,40.813144210938397],[-73.81268886646987,40.813147885248419],[-73.812765726626367,40.813158630665981],[-73.812833190956496,40.813195916318776],[-73.812902976260162,40.813236744325934],[-73.812970452020608,40.813270488775686],[-73.813042596845207,40.813300700621568],[-73.813133817963163,40.81333105424325],[-73.813338383579207,40.813368449316982],[-73.813470051787462,40.813392518453554],[-73.813494414896383,40.813359365999261],[-73.813562455360767,40.813329972906182],[-73.81359806345634,40.81332634208583],[-73.813575302864848,40.813364414175396],[-73.813597898188178,40.813385349601838],[-73.814003190660543,40.813551467266088],[-73.814079256864687,40.813533563525745],[-73.814157123665851,40.813520892761346],[-73.814186739169131,40.813517503554451],[-73.814267971679655,40.813512128692196],[-73.814349510751669,40.813512420058984],[-73.814430673125599,40.813518375213327],[-73.814460178532102,40.812963102255786],[-73.814371650134291,40.812959418615087],[-73.814369384368703,40.812936401406162],[-73.814436948087433,40.812938281073293],[-73.814469632256362,40.812915319776927],[-73.814469656930513,40.812906468640321],[-73.814499941160079,40.812908287604706],[-73.814502232522017,40.812922453508435],[-73.814525467920788,40.812945503780391],[-73.814618662691402,40.81294742457095],[-73.81461860845134,40.81296689723888],[-73.81449745463847,40.812964931467135],[-73.814477271911556,40.813518541338745],[-73.814694756942743,40.813519318614063],[-73.814705609667556,40.813519355824184],[-73.8148570008712,40.813540842688248],[-73.814890079149507,40.813540895801069],[-73.815017770018358,40.81354110074156],[-73.815332375069659,40.813522132317914],[-73.815514163675601,40.81350472049094],[-73.81566326325769,40.813512039743657],[-73.815761692377549,40.813571849821201],[-73.815879190934382,40.813767055866577],[-73.816200568965684,40.813847475474411],[-73.816480155468057,40.81385323187898],[-73.816678353201127,40.813800439468451],[-73.81674850706986,40.813708497771437],[-73.816860783323961,40.813688428782584],[-73.817247552170329,40.813607832145394],[-73.817354815479803,40.813577908289744],[-73.817372016268621,40.813574344307199],[-73.817359884567679,40.813375719534832],[-73.817376922426178,40.813375746523391],[-73.817389420915148,40.813570736250838],[-73.817448068164595,40.813558583226239],[-73.817594887284656,40.813548193517668],[-73.817601018095829,40.813548387661726],[-73.81777195284765,40.813553784551239],[-73.817897792442452,40.813546902101265],[-73.817920841277058,40.81354467959833],[-73.817931250373618,40.813400521983745],[-73.817939127284191,40.813395555584137],[-73.817941858148089,40.813355728855491],[-73.817931381129881,40.813352725510782],[-73.817935463036733,40.813297964233023],[-73.817976088870125,40.813299024146581],[-73.817970689088028,40.813356770312922],[-73.817958893277577,40.813356751688943],[-73.817956160140326,40.813397574517055],[-73.81796401253763,40.813401569483226],[-73.81795807110602,40.813541089528705],[-73.818042291611846,40.81353296785646],[-73.818079614975076,40.81351709581196],[-73.818079682720409,40.813492312127167],[-73.818084406010897,40.813469306693094],[-73.818117030246952,40.813467586756104],[-73.818149636011128,40.813472949228291],[-73.81820085650314,40.813487192219384],[-73.818454321638114,40.813459900590296],[-73.81854113857591,40.813450553177447],[-73.818743915834702,40.813426088351093],[-73.81893043021384,40.813383894776763],[-73.819165909118752,40.813329386735028],[-73.819380421427141,40.813273075133388],[-73.8194667233807,40.813239575836533],[-73.81956231040617,40.813218481311246],[-73.819681173456004,40.813206276464854],[-73.819816384549469,40.813179933156086],[-73.819902708792824,40.813137581890416],[-73.820012277164622,40.813092173502817],[-73.82006955436934,40.813044738620519],[-73.820095960249674,40.812973085225885],[-73.82010759340298,40.812864069665579],[-73.820392072802491,40.812844014007396],[-73.820413028883479,40.812971611123167],[-73.820478101459386,40.813018766338814],[-73.820555215173087,40.813017655077104],[-73.820490243262057,40.812836449698324],[-73.82044595032454,40.812845231399571],[-73.820404201630822,40.812774355800173],[-73.8204624983142,40.812756744077241],[-73.82043933256432,40.812707142089316],[-73.820420683666086,40.812710652676181],[-73.820290911485102,40.812448452493491],[-73.820258278907104,40.812453712664627],[-73.820244361220574,40.812430677574149],[-73.821065120710799,40.812203591462449],[-73.821081369442453,40.812226631076953],[-73.820323555158794,40.812439652195124],[-73.820420879505832,40.812638072505415],[-73.821129698049219,40.812449756867061],[-73.821136640723267,40.812467471161696],[-73.82044179624134,40.81265757783644],[-73.820462646351217,40.812701867355976],[-73.820481156773241,40.812749692860834],[-73.820534765984519,40.812742694375366],[-73.820562548312864,40.812808238324592],[-73.820527551996022,40.812825885700697],[-73.82058709143999,40.81301944660828],[-73.820841635228362,40.812998088827065],[-73.820962828268904,40.812985885610388],[-73.821058380694168,40.812977182776436],[-73.821130644383501,40.812964902427566],[-73.821179606953379,40.812952587068708],[-73.821237913760413,40.812931433829959],[-73.821254294310791,40.812904906204537],[-73.821252597269648,40.812901337639801],[-73.821245027682295,40.812885419085447],[-73.821228731180142,40.812880082777767],[-73.821217105196467,40.812871213575434],[-73.821217138486219,40.812858821144452],[-73.821224152556965,40.812849980845776],[-73.821245122777711,40.812850013360404],[-73.821266096208944,40.812848275641244],[-73.821301036847174,40.812851870942488],[-73.82133130764494,40.812858998126195],[-73.821366213489682,40.812874984831097],[-73.821412534398931,40.812872952478187],[-73.82139426361708,40.812841393320554],[-73.821457235125152,40.812818477967042],[-73.821403941022567,40.812708640350976],[-73.821422599152527,40.812701587306549],[-73.821517185709141,40.81284732123563],[-73.82162030083451,40.812831121682699],[-73.821689252615357,40.812768327455267],[-73.821702058869803,40.812753357305056],[-73.821660331951435,40.812673631355089],[-73.821695305499091,40.812664834272667],[-73.821755990674916,40.812768536024436],[-73.821972344476208,40.812750234169926],[-73.822109944750551,40.812700879644083],[-73.822091499419471,40.81262827171485],[-73.822126463424908,40.81262301462197],[-73.822177570598768,40.81267974131346],[-73.822282908257421,40.812661499787787],[-73.822134139691485,40.812366339030412],[-73.822171452185955,40.812354005779234],[-73.822271143629365,40.812540035187496],[-73.822252480689187,40.812548857591722],[-73.822308635599981,40.812658215581365],[-73.822639183805805,40.812576006813735],[-73.822725580913783,40.812505329450858],[-73.822851851019948,40.81249017339961],[-73.822907388356654,40.812479055830181],[-73.82298666429773,40.812457933913983],[-73.823077560090965,40.812447452022738],[-73.823184810385555,40.812421062859656],[-73.823247761414635,40.812405226766899],[-73.823329375830085,40.812380568232548],[-73.823394679541963,40.812355885997235],[-73.823450684027975,40.812324106032136],[-73.823455133413063,40.812309865527347],[-73.823460082703505,40.812294026260489],[-73.823464846748706,40.812255089053849],[-73.823464926574843,40.812224994342131],[-73.823462657687827,40.812201977979385],[-73.823474335503377,40.812191373779278],[-73.823497624734472,40.81219494957034],[-73.823523179061112,40.812223312617526],[-73.823557988749556,40.81227647361704],[-73.823566809061006,40.812276487115099],[-73.823620897329178,40.812276569873703],[-73.823721127887694,40.812260790715321],[-73.823816692268423,40.812236378485061],[-73.823878047332116,40.812220935973073],[-73.824087607816537,40.812163848325277],[-73.824256342380949,40.812110434713645],[-73.82440984437946,40.812049197699892],[-73.82460487060159,40.811966099850146],[-73.825057821630253,40.811829917384337],[-73.824809053598599,40.811439282102761],[-73.824830041354403,40.811432232046485],[-73.824878765220362,40.811510197588788],[-73.824927623804797,40.811536824817402],[-73.824915880918752,40.811572212359501],[-73.825076591717988,40.81182331338762],[-73.825155277739043,40.811795628644433],[-73.825243504678255,40.811761340240238],[-73.824930479235931,40.811336791229962],[-73.824921151213516,40.811340316697944],[-73.824879389380726,40.811272983828395],[-73.824916700533166,40.81126064968624],[-73.824963145031489,40.811319137470221],[-73.82494681756404,40.81132619395666],[-73.82526664318074,40.811752347898711],[-73.825404836416794,40.811698642062872],[-73.825490752522825,40.811659330925131],[-73.825208038864233,40.811223915635047],[-73.825231374334408,40.811209788793889],[-73.82551303817354,40.811649133409581],[-73.825593789155064,40.811612185859666],[-73.82565070298223,40.811592290413707],[-73.825408573631464,40.811162260583636],[-73.825396910900736,40.811167553292456],[-73.825325021633631,40.811038216045475],[-73.825357668595487,40.811027643923943],[-73.82567229084664,40.811584744233109],[-73.8257251505201,40.811566265408821],[-73.825766450331315,40.811551828553526],[-73.82559709277551,40.811240436768998],[-73.825625089720404,40.811226317402287],[-73.825590292847991,40.811167845997986],[-73.825573974762804,40.811171362116866],[-73.825499793493734,40.811027859126519],[-73.825537104615478,40.811015524280812],[-73.825622949106503,40.81115373367998],[-73.825606621747767,40.811160790930231],[-73.825639092495507,40.811217487403809],[-73.825653084449868,40.811212197522806],[-73.825715691371485,40.81132735881426],[-73.825692355302749,40.811341485249599],[-73.825812557189124,40.811533704520542],[-73.825927149846478,40.811486501396821],[-73.825767241528069,40.811215910233415],[-73.825797559052248,40.811205335137352],[-73.825956410999268,40.811474448435305],[-73.825992866545008,40.811462884125149],[-73.826026655341806,40.811447331938432],[-73.826057026990426,40.811428137267264],[-73.826083306983662,40.811405726397361],[-73.826123436386069,40.811305409545547],[-73.82613817795152,40.811296276529561],[-73.826154555007875,40.811288925895447],[-73.826172197377474,40.811283523792632],[-73.826190706282219,40.811280192326933],[-73.826209663358,40.811279006800802],[-73.8263078460309,40.8112841222068],[-73.82641056145539,40.811473048778439],[-73.826658132940338,40.811955021543568],[-73.827263508511393,40.812934314334271],[-73.82841397073399,40.814875147706914],[-73.827533911254562,40.815178582783581],[-73.82669416377567,40.815473460800327],[-73.825817279728795,40.815770879768756],[-73.824972473495052,40.816050177732684],[-73.82408128198729,40.816350956327412],[-73.823172373751291,40.816679613832292],[-73.823394173074348,40.81705246057539],[-73.823707370910142,40.81764854515685],[-73.824190384541438,40.818384557051587],[-73.824809479098263,40.819344875904832],[-73.825368296010922,40.820211814565482],[-73.82592528453813,40.820875519499161],[-73.825980013688806,40.820940742708977],[-73.826111113912461,40.821096980771195],[-73.826172340492747,40.821169948127888],[-73.826311424826926,40.821335700152964],[-73.826348062661864,40.821379365167402],[-73.826526202208782,40.821591657608501],[-73.826570798991071,40.821644805022657],[-73.826716614216494,40.821818576351241],[-73.827030582874585,40.821667069115087],[-73.82707966409049,40.82164338489563],[-73.828329215387257,40.821040391911779],[-73.829410764746939,40.822319807098673],[-73.829459207351519,40.822377110500369],[-73.828655212086645,40.82278434429525],[-73.828301173037588,40.822963665653489],[-73.82825505689938,40.822987023608633],[-73.827882213743578,40.823175867918366],[-73.826406235674526,40.823899465123262],[-73.826315865886144,40.823943768273125],[-73.826036820180391,40.82408056630026],[-73.825972503362493,40.824112096541469],[-73.825765771916352,40.824213441756747],[-73.825694602502665,40.824248329903831],[-73.825621076462795,40.824284376058181],[-73.825553880035869,40.824317316622853],[-73.82548905466281,40.824349095603544],[-73.825179709015075,40.824500747333971],[-73.824839773859338,40.824667786809812],[-73.824741866333966,40.824713689529659],[-73.824644279131931,40.824763851293561],[-73.825123350229333,40.824914324764194],[-73.826319837507725,40.825290123911181],[-73.827417201012949,40.825634773618461],[-73.827826670031115,40.82576697482699],[-73.828384022524432,40.825946917921954],[-73.830444640256175,40.826612158906649],[-73.830697263338308,40.826693712403781],[-73.831102267021663,40.82682445484047],[-73.831138839369274,40.826806147220417],[-73.83122322088478,40.826763912032675],[-73.831316394885448,40.826718851613464],[-73.831316525826708,40.826718788145726],[-73.831814868483278,40.826885018254089],[-73.831857894149863,40.826902308034249],[-73.83231350824903,40.827085385426265],[-73.832444537232277,40.827138038494866],[-73.83263391655764,40.827204401376171],[-73.833761247834815,40.827617269528645],[-73.835297719837044,40.828179954109132],[-73.83533550530322,40.828192443401953],[-73.835634606534768,40.828252132842515],[-73.835712588119435,40.828267695068881],[-73.836005548658051,40.828326157397917],[-73.836159678328272,40.828354524087359],[-73.836276569453801,40.828375368299959],[-73.836464776476504,40.828395939130779],[-73.836832203524921,40.828441442220978],[-73.836944558875288,40.828821448855031],[-73.836978480361751,40.828931159249542],[-73.836989543178646,40.828983754913551],[-73.837016567381355,40.829053410192387],[-73.837108728000061,40.829030019820522],[-73.837172655993101,40.829018096427497],[-73.837211776561332,40.829013653627939],[-73.837575356694671,40.828972360918733],[-73.839252263768557,40.828909168329133],[-73.840297229940887,40.828869777071134],[-73.840500964964463,40.828857794575356],[-73.84092473857757,40.828831214329064],[-73.841233944444781,40.828811818619222],[-73.841296510701852,40.828806278601377],[-73.841446231182445,40.828793020615706],[-73.841604965488614,40.828775534775822],[-73.842248994965715,40.828704584964903],[-73.842292373228844,40.828699807532317],[-73.84230753602975,40.828799469222133],[-73.842314356839296,40.828922980996126],[-73.842330774109826,40.829073962955555],[-73.842230136481092,40.829830691249143],[-73.841918927345006,40.830629758136602],[-73.841886437744279,40.830713176534672],[-73.840845845250442,40.831748524831788],[-73.840750472368271,40.831779864112832],[-73.840243962449719,40.832204023320358],[-73.839434119284547,40.832983380288766],[-73.839180951992986,40.833156118752669],[-73.838998091430255,40.833382455860892],[-73.838881646998473,40.833601154233762],[-73.83885232384722,40.833690667848423],[-73.838827172804955,40.833810222865253],[-73.83881438332628,40.833958119303652],[-73.838834735564959,40.834109208661189],[-73.83887989543642,40.834282363440252],[-73.838929266767181,40.834427198085308],[-73.838941308154517,40.834587717131654],[-73.838936844631533,40.834719889813215],[-73.838953046206484,40.834874120442073],[-73.838965156728975,40.835006315758001],[-73.838997977770333,40.835141687594167],[-73.839043192066853,40.835292811084955],[-73.839059400758799,40.835443894584635],[-73.839046635204994,40.835582349883012],[-73.839091871859566,40.835724033723899],[-73.839113007939133,40.835917955979362],[-73.839208699031786,40.836569346657065],[-73.839233922171744,40.836741041764924],[-73.839191162958741,40.8370708397972],[-73.839186420650179,40.837107416427777],[-73.839263102530907,40.837204885476886],[-73.839220693240577,40.837392472615804],[-73.839245849034029,40.837592546350159],[-73.839287226239293,40.83783158683115],[-73.839286717351584,40.838042244630586],[-73.839212957511663,40.838247712122353],[-73.83920223870102,40.838277569568149],[-73.839159841395286,40.838459845653077],[-73.839192551694055,40.838713628559617],[-73.839361803149245,40.838801784714846],[-73.839589536773403,40.838798486327249],[-73.839720143830561,40.839565406487075],[-73.839567002668772,40.840547227886674],[-73.839367942505234,40.840882973984549],[-73.838808131710607,40.840767034168458],[-73.838657881837847,40.840734573717043],[-73.838494246457714,40.840699220620905],[-73.838390561588994,40.840676814133488],[-73.838305248700024,40.840642719528304],[-73.838210369345802,40.840604798762648],[-73.837982815765528,40.840509046790409],[-73.837621241471822,40.840283566823572],[-73.837689010276037,40.840811182905668],[-73.837670014626113,40.841121908323657],[-73.837369841328126,40.842041384769132],[-73.837145799503119,40.842727633262953],[-73.836991141420498,40.843182563272769],[-73.836826397649688,40.843462446766111],[-73.835829113412927,40.843471294693387],[-73.834748133352988,40.843502808434351],[-73.833832043954217,40.843516413728722],[-73.832940764254687,40.843519160469597],[-73.832007956019439,40.843630394356801],[-73.831083770440316,40.843744568517167],[-73.830431862698532,40.843857983628943],[-73.829655499398868,40.844089123052925],[-73.829315482659965,40.844192726831345],[-73.828709709678975,40.844373872430936],[-73.828452741020399,40.844450717410126],[-73.827575358929948,40.844731874678388],[-73.826747149918916,40.845078918446546],[-73.82611300556735,40.84533869376915],[-73.826196277301307,40.843816936213443],[-73.826241328436623,40.842993594143579],[-73.826083820332812,40.841371457399269],[-73.826026342175808,40.841024464136069],[-73.825986868290983,40.840675752385785],[-73.825965503468424,40.840326137999888]]]]}},
{"type":"Feature","properties":{"ntaabbrev":"CoopCty","Name":"Co-op City"},"geometry":{"type":"MultiPolygon","coordinates":[[[[-73.820239583278379,40.885491052352407],[-73.82005445513154,40.882114129067709],[-73.821102684777998,40.878969245359428],[-73.82329599275981,40.873097418177096],[-73.821265436712835,40.869074543489717],[-73.821116151764983,40.869008137973367],[-73.821038810159877,40.868976080751999],[-73.820976010270329,40.868949787898764],[-73.820916170643301,40.868916935374919],[-73.815787639778151,40.86575806143744],[-73.81641455863614,40.865151497606156],[-73.816997601781665,40.864459031141834],[-73.816844958419182,40.864306793301218],[-73.817616512287628,40.863626343145228],[-73.818954254628792,40.862474562191849],[-73.819155965673161,40.862298818425664],[-73.819335497011039,40.862158378143789],[-73.819523328438024,40.862024054782822],[-73.819718901697343,40.861896254177275],[-73.819921617306818,40.86177537338834],[-73.820183514797336,40.861635516147864],[-73.820450623562806,40.861501460646501],[-73.820722720684969,40.861373318746573],[-73.820999579087058,40.861251197375125],[-73.821280967723155,40.861135198434937],[-73.821566651770993,40.861025418719358],[-73.821856392827627,40.860921949831884],[-73.822149949108351,40.860824878109547],[-73.822447075648284,40.860734284551135],[-73.822605853123505,40.86067724077877],[-73.823591241863596,40.860339074644024],[-73.823653093363035,40.860317848315646],[-73.824180675359401,40.860145147068927],[-73.824708266972536,40.859972443255707],[-73.825554382387409,40.859737084321097],[-73.826153235717754,40.859547143945534],[-73.826894041898441,40.859312173640973],[-73.827055666172143,40.85925829102397],[-73.827145561439394,40.859232394932583],[-73.827217693850841,40.859206577041199],[-73.82728623133579,40.859399998593304],[-73.827391077061051,40.859665835187485],[-73.827499335341955,40.85995122793733],[-73.827591079063268,40.860078551402808],[-73.828020699702847,40.860641539706371],[-73.828267965000521,40.860837333662957],[-73.828343473651842,40.860892026674037],[-73.828407589096471,40.860948301200125],[-73.829555522724533,40.862163211186704],[-73.830223883838727,40.86342952883151],[-73.830752926851943,40.86467593660101],[-73.830806670764886,40.864778941749805],[-73.831007551471203,40.865163926957159],[-73.831140091630971,40.865430287384555],[-73.831818993952368,40.866697292204897],[-73.831988252997746,40.867013165657937],[-73.832644032972169,40.868236956294709],[-73.83272001179914,40.868396984789129],[-73.832746303816393,40.868450952976239],[-73.832780032961281,40.868520016226213],[-73.833693442709219,40.870450888080633],[-73.833813633143023,40.870745162339503],[-73.834052250823049,40.87132937457433],[-73.834235307792397,40.871777543365376],[-73.834337209927682,40.872027023031848],[-73.834458539621551,40.872361504707122],[-73.834565866038943,40.872699008880375],[-73.834659010391292,40.873039022713677],[-73.834737808664116,40.873381034390945],[-73.834802178106287,40.873724509592066],[-73.834847222364772,40.874063572164786],[-73.834861709656565,40.874277342223706],[-73.834877293148722,40.874403882429043],[-73.834892307347445,40.874744866678974],[-73.834892285001231,40.874897138021538],[-73.834892483308238,40.875070936883191],[-73.834875646659668,40.875437912780534],[-73.834869374014843,40.875519526698788],[-73.834840983582055,40.875792926458672],[-73.834792103810287,40.876093718032898],[-73.834779094316517,40.876173077652247],[-73.834693786752069,40.876543948983809],[-73.834584522397989,40.876911416504257],[-73.834451706335685,40.877274141717123],[-73.834295901094251,40.877630853181088],[-73.834117819730338,40.87798029239238],[-73.833956876304441,40.878347389092937],[-73.833769107495286,40.878720128785915],[-73.833399604860475,40.879154720755537],[-73.832459830159621,40.880207138608654],[-73.832116643733457,40.8805376417613],[-73.831444867752197,40.881106608802078],[-73.830500878946737,40.881770199751024],[-73.829861032729923,40.882174937715973],[-73.82904936375931,40.882622154818897],[-73.828249518230706,40.883035497280829],[-73.826124036162355,40.884124615365153],[-73.826063086641483,40.884152836717938],[-73.826542272895438,40.88458600776449],[-73.826611590413222,40.884649244869379],[-73.826098748274617,40.884828427914087],[-73.825795246511618,40.884922672510363],[-73.82526100588376,40.885095137385093],[-73.824393463061242,40.885373648171999],[-73.823540714565027,40.885649508259668],[-73.822589337057565,40.885942977443683],[-73.822058172529765,40.88610821918946],[-73.821917733745465,40.88612623777766],[-73.821767786763658,40.886127987455112],[-73.821613274441248,40.886110999000735],[-73.82146031168719,40.886073986904151],[-73.821315636466167,40.886017256944641],[-73.821185637970089,40.88594282815086],[-73.821075469869513,40.885854194373522],[-73.820988418995597,40.885755833455534],[-73.820925609940488,40.885652494955089],[-73.82085822759727,40.885467431063027],[-73.820835440065508,40.885399272406886],[-73.820818802239842,40.885343317439691],[-73.820649308520728,40.88538245972677],[-73.820239583278379,40.885491052352407]]]]}},
{"type":"Feature","properties":{"ntaabbrev":"PlhmPkwy","Name":"Pelham Parkway-Van Nest"},"geometry":{"type":"MultiPolygon","coordinates":[[[[-73.861790693748446,40.857982904364029],[-73.861784983505643,40.857503107414558],[-73.86178359562544,40.85738644594953],[-73.86183643166413,40.857152830620784],[-73.861889043428747,40.856920255310825],[-73.861919958819598,40.85678359451849],[-73.861995596262972,40.854391816300037],[-73.862033733677023,40.853101132716304],[-73.862060901578943,40.852307254570114],[-73.862119538305677,40.850806176447378],[-73.863039380731252,40.850611307232477],[-73.86278872747765,40.849237983171172],[-73.862509236873038,40.848362281171603],[-73.861602764455697,40.848546312401645],[-73.861192408411256,40.848603468111747],[-73.860386604025734,40.848235571529656],[-73.859439888453281,40.846659216444927],[-73.859011910237641,40.845915337913318],[-73.858653672023976,40.845286390614127],[-73.858367706624122,40.844903456352078],[-73.857381113552677,40.843716266168528],[-73.856863262180951,40.843529688157133],[-73.855741519891737,40.8431426532944],[-73.855209583600299,40.842975035359011],[-73.854299099358386,40.842670800304475],[-73.853335249420468,40.842470155154942],[-73.853497465464628,40.84245166764488],[-73.854207456993251,40.842370739678863],[-73.855196753313436,40.842257993058034],[-73.855535797408933,40.842219490494685],[-73.856184020667527,40.84214591774932],[-73.857192478643782,40.842027648444002],[-73.857525993888018,40.841985052304601],[-73.858356690306607,40.841899286615451],[-73.859195936184705,40.841804033980466],[-73.859724522777626,40.841744020470593],[-73.860184918601902,40.841689090684099],[-73.86045627293565,40.841661666440181],[-73.86162833303004,40.841527859683758],[-73.86176166439175,40.841512720603518],[-73.863472323128917,40.841305932706639],[-73.863580139589274,40.841277957134395],[-73.863639380692135,40.84126527526557],[-73.864369220553812,40.841109018630405],[-73.864480116516106,40.841087797386244],[-73.865464500364467,40.840856891963064],[-73.866361307239245,40.84059268502233],[-73.867248188232708,40.840343804369681],[-73.867402069785712,40.840290276055136],[-73.867822580489999,40.840166499015531],[-73.868308467703173,40.839995214457055],[-73.868740734183547,40.839824577142828],[-73.869207668159348,40.839600047213814],[-73.869558619347288,40.839595653460329],[-73.870065250245901,40.839613883668051],[-73.870181781338374,40.839618076502077],[-73.870276385652488,40.839621478807594],[-73.870347868937714,40.839625567024775],[-73.871206057932483,40.839674622441777],[-73.872727184255908,40.839748944800192],[-73.872772045040278,40.839751282837092],[-73.872834537739109,40.839754863891976],[-73.873597134793243,40.839798556437032],[-73.873267169484564,40.840219950035817],[-73.872818217362692,40.840865363348087],[-73.872447346363444,40.841344267109925],[-73.872363651168968,40.841476961484659],[-73.872299209347474,40.841579995737455],[-73.872230245254428,40.841643170680946],[-73.871533460222338,40.842514282171692],[-73.870995180673233,40.843111392043916],[-73.870301355175059,40.843548696648142],[-73.869595554814396,40.843981442116281],[-73.868892586231212,40.844409658796941],[-73.868042003256619,40.844813839306333],[-73.868637215903732,40.845309843266215],[-73.868741864959034,40.845609728581081],[-73.86869009115722,40.845766275053741],[-73.868658774582073,40.84592828211224],[-73.868658739610339,40.84592845277912],[-73.868658726900009,40.84592863335525],[-73.868649150946325,40.846093755134255],[-73.868649139799672,40.846093925828278],[-73.86864915026986,40.846094097719558],[-73.868661927064863,40.846259983222723],[-73.868661937537411,40.846260153941358],[-73.868661973380441,40.846260324186282],[-73.868697093721167,40.846424344612963],[-73.868697129579573,40.846424507151809],[-73.86869718771905,40.846424669716022],[-73.868753946714193,40.846584364325246],[-73.868753970655035,40.846584417625039],[-73.868753994374302,40.846584471427121],[-73.868831091403607,40.846737526713248],[-73.868926526270442,40.846881740609163],[-73.868438080205806,40.847051279108399],[-73.868354658304298,40.847080233385782],[-73.868006528247633,40.848301966372794],[-73.867859929275809,40.848864931890311],[-73.868373888654304,40.848969598245681],[-73.869209445697692,40.849238373375208],[-73.868321946948598,40.850763720650093],[-73.868250776743935,40.850959586731378],[-73.868547553820335,40.85178561155444],[-73.868469067309945,40.851970655249666],[-73.868531636648044,40.852038596991356],[-73.868586534465933,40.852110260480472],[-73.86863337908359,40.852185147505736],[-73.868671845067567,40.852262737113634],[-73.868701664741025,40.852342490236133],[-73.868722630761354,40.852423852416386],[-73.869166686017607,40.853686046528786],[-73.869376753961262,40.854265723112483],[-73.869815761869432,40.85548377535639],[-73.869859603548235,40.855576728141848],[-73.869889395467553,40.855673861695188],[-73.869897267251645,40.855726679328797],[-73.869904214361512,40.855773293362503],[-73.86990379512271,40.855873022117912],[-73.869888422205662,40.855971068154908],[-73.869391255448249,40.856551895678152],[-73.86927391156118,40.85668898323415],[-73.869076245521228,40.856945561288768],[-73.86887858898821,40.857202139005686],[-73.868767528549569,40.857340780420778],[-73.868415396296427,40.85778035864567],[-73.868188304042832,40.858063834309256],[-73.868201262992685,40.858018356124639],[-73.86819723589366,40.857967987289108],[-73.868173340236467,40.857918549295896],[-73.868131401694654,40.857876593044246],[-73.868077723512783,40.857846843348774],[-73.868020291485536,40.857830595406014],[-73.867587523805113,40.85783008965106],[-73.86658331260368,40.857855354383034],[-73.865641578269376,40.857881546062828],[-73.864670280525786,40.857905237814741],[-73.864550733866167,40.857908463073151],[-73.863957133927514,40.857924478800463],[-73.86387047700353,40.857926816062012],[-73.863263984713541,40.857943175866623],[-73.863189077428615,40.857945197190013],[-73.862958533995837,40.857951414273579],[-73.862877842866695,40.857953591022408],[-73.861790693748446,40.857982904364029]]]]}},
{"type":"Feature","properties":{"ntaabbrev":"MrrsPk","Name":"Morris Park"},"geometry":{"type":"MultiPolygon","coordinates":[[[[-73.836819184608686,40.857276809596492],[-73.836905821433433,40.857180696706187],[-73.836912126929391,40.857008108139681],[-73.836675571985154,40.856652663480283],[-73.835239621832613,40.856493235384129],[-73.835378218581369,40.856448965778789],[-73.835518340987207,40.856403841634027],[-73.83562457245165,40.856369632113875],[-73.836980559796075,40.855949982407786],[-73.837353762784502,40.855852481561875],[-73.83772116690723,40.85573956286968],[-73.838081141349122,40.855611535690933],[-73.838432068395406,40.85546886873778],[-73.838772434267312,40.855312129221439],[-73.839100784882561,40.855142031034788],[-73.839415804749436,40.854959383764999],[-73.839716289163164,40.854765094996907],[-73.839921350667183,40.854627487034556],[-73.840120767054259,40.854485176698631],[-73.840314351387207,40.854338297419794],[-73.840501922200517,40.854186986911742],[-73.84068330367063,40.854031387041921],[-73.840858325780573,40.853871643698426],[-73.841026824479414,40.853707906653206],[-73.841188641835942,40.853540329421485],[-73.8413436261866,40.853369069117797],[-73.841491632277695,40.853194286308508],[-73.841949335949224,40.852512681140688],[-73.843135577265897,40.850782902927264],[-73.84361735729243,40.85008034011944],[-73.844280706270538,40.849122699556901],[-73.844940536643591,40.848218221520689],[-73.845000134762273,40.848458219254766],[-73.845038453423101,40.848701540346937],[-73.845055065545935,40.848946559766929],[-73.845049858790432,40.849191585551218],[-73.845023036209597,40.849434961830362],[-73.844885763583576,40.8502027254642],[-73.845020564291133,40.850009397999386],[-73.84534656840583,40.849449488453132],[-73.845359333248581,40.849052619573399],[-73.845370268764427,40.848712629057658],[-73.845489882372945,40.848459147489343],[-73.845627771219952,40.848210012022705],[-73.845783504952337,40.847966357828874],[-73.845956477085124,40.84772927259602],[-73.846145924409853,40.847499800913084],[-73.846350956432744,40.847278903937955],[-73.846570528411007,40.847067481812068],[-73.84721040521454,40.846488871846702],[-73.84788491953104,40.845988980525142],[-73.847722425274895,40.845839681156718],[-73.847667483047829,40.845790497498264],[-73.847519947728003,40.845658423628933],[-73.8472698516414,40.845444033327666],[-73.847108759646432,40.84530593943056],[-73.846793507472839,40.845000117816461],[-73.846234799391567,40.844490217803454],[-73.847490104970973,40.843561611211257],[-73.847810233312444,40.843290548001143],[-73.848018559074589,40.843114151644649],[-73.848063453279821,40.843067998651357],[-73.848545305602542,40.84300722545629],[-73.84939158268898,40.842918571056053],[-73.849991942543824,40.842851628162386],[-73.850522780826381,40.842789490304298],[-73.850888633186244,40.842753007388552],[-73.851208966064462,40.842715121899879],[-73.851798864709451,40.842647632931879],[-73.852311531200655,40.842586994495555],[-73.853335249420468,40.842470155154942],[-73.854299099358386,40.842670800304475],[-73.855209583600299,40.842975035359011],[-73.855741519891737,40.8431426532944],[-73.856863262180951,40.843529688157133],[-73.857381113552677,40.843716266168528],[-73.858367706624122,40.844903456352078],[-73.858653672023976,40.845286390614127],[-73.859011910237641,40.845915337913318],[-73.859439888453281,40.846659216444927],[-73.860386604025734,40.848235571529656],[-73.861192408411256,40.848603468111747],[-73.861602764455697,40.848546312401645],[-73.862509236873038,40.848362281171603],[-73.86278872747765,40.849237983171172],[-73.863039380731252,40.850611307232477],[-73.862119538305677,40.850806176447378],[-73.862060901578943,40.852307254570114],[-73.862033733677023,40.853101132716304],[-73.861995596262972,40.854391816300037],[-73.861919958819598,40.85678359451849],[-73.861889043428747,40.856920255310825],[-73.86183643166413,40.857152830620784],[-73.86178359562544,40.85738644594953],[-73.861784983505643,40.857503107414558],[-73.861790693748446,40.857982904364029],[-73.858825158339812,40.858061357338848],[-73.856636640148679,40.858115293955507],[-73.855994591196776,40.85816102533196],[-73.855853558675435,40.858171766045857],[-73.854054237488526,40.858323731569108],[-73.853109478173678,40.858409797734453],[-73.852173377787096,40.858499157085319],[-73.851228669134002,40.858575844027989],[-73.850282346840146,40.858657266244357],[-73.849308933395861,40.858717502857175],[-73.848337089464096,40.858701849392148],[-73.847397469750319,40.858682545856162],[-73.846458539890421,40.858636373702716],[-73.84552460483161,40.858538487108554],[-73.844587127581917,40.858445810218946],[-73.84329553084406,40.858290375628357],[-73.841910786964064,40.858091532010761],[-73.84097144670632,40.85794907924452],[-73.840046142443313,40.857806269394992],[-73.839111164740558,40.857657901471654],[-73.838176220082758,40.857507724962687],[-73.83724088964523,40.857357322877547],[-73.836819184608686,40.857276809596492]]]]}},
{"type":"Feature","properties":{"ntaabbrev":"PlhmGrdns","Name":"Pelham Gardens"},"geometry":{"type":"MultiPolygon","coordinates":[[[[-73.8536363872702,40.873300599209117],[-73.85265751763734,40.872992187403398],[-73.851625210942217,40.872659230160117],[-73.851045517384421,40.872479988592119],[-73.850789832426344,40.87239629245444],[-73.84987645059806,40.872101881390577],[-73.848937547759476,40.871785591193429],[-73.848596760026837,40.871670785135663],[-73.847926139808479,40.87134223357949],[-73.847251446854486,40.870987052452364],[-73.846992736234753,40.870852889258494],[-73.846407662769522,40.870554300684582],[-73.846089569789669,40.870389771906304],[-73.845781473879427,40.870227696249252],[-73.845582659347997,40.870125500436771],[-73.845172565422061,40.869914698202713],[-73.844877374309249,40.869760507494746],[-73.844421336136435,40.869522298679293],[-73.844231468997435,40.869420351471128],[-73.843585813845152,40.869087637372708],[-73.84315715427276,40.868863267049065],[-73.842804434014909,40.868680752570704],[-73.842406293728956,40.868474744020126],[-73.841851864837821,40.868191925881376],[-73.841588266888323,40.868051879961577],[-73.841223624654276,40.867858151350795],[-73.840643646798398,40.867554175568742],[-73.839742332693433,40.867087930618275],[-73.839544756473416,40.866986738382394],[-73.839220853192458,40.866820840242006],[-73.838752234546746,40.866572777966844],[-73.837843800366528,40.866099188524096],[-73.836970210637617,40.865643136401054],[-73.836788241088286,40.865545906629954],[-73.836186013103415,40.865224099381749],[-73.836009433166083,40.865132616879144],[-73.83578436657568,40.865016011999799],[-73.831596198774818,40.862644704422301],[-73.830816881421896,40.862429826616193],[-73.829555522724533,40.862163211186704],[-73.828407589096471,40.860948301200125],[-73.828419633754677,40.860931939842729],[-73.828491319347393,40.860834599543828],[-73.828519020476378,40.860796986640054],[-73.828553526035734,40.860754507065558],[-73.82890147794086,40.860508433917595],[-73.82960951700268,40.859888421491881],[-73.82973719565598,40.859809735405712],[-73.829874885172686,40.859740420125362],[-73.830020755520664,40.859681509219413],[-73.830172693654575,40.859633755077716],[-73.831033407343327,40.859343033743293],[-73.831906249770086,40.859070200086691],[-73.833080518613059,40.858679019640064],[-73.833486993363962,40.858529495725485],[-73.834377081711452,40.858190850114468],[-73.835333725176739,40.857831301775882],[-73.836288732885222,40.857476921830475],[-73.836819184608686,40.857276809596492],[-73.83724088964523,40.857357322877547],[-73.838176220082758,40.857507724962687],[-73.839111164740558,40.857657901471654],[-73.840046142443313,40.857806269394992],[-73.84097144670632,40.85794907924452],[-73.841910786964064,40.858091532010761],[-73.84329553084406,40.858290375628357],[-73.844587127581917,40.858445810218946],[-73.84552460483161,40.858538487108554],[-73.846458539890421,40.858636373702716],[-73.847397469750319,40.858682545856162],[-73.848337089464096,40.858701849392148],[-73.849308933395861,40.858717502857175],[-73.850282346840146,40.858657266244357],[-73.851228669134002,40.858575844027989],[-73.852173377787096,40.858499157085319],[-73.853109478173678,40.858409797734453],[-73.854054237488526,40.858323731569108],[-73.855853558675435,40.858171766045857],[-73.855994591196776,40.85816102533196],[-73.856636640148679,40.858115293955507],[-73.856974275589209,40.858749324613157],[-73.857132374596389,40.859046204782437],[-73.857179532537828,40.85912481187151],[-73.857221288397582,40.859205160811605],[-73.857257531029958,40.859287037767999],[-73.857288163960632,40.859370224838571],[-73.8573131056839,40.859454500573186],[-73.857332289764173,40.859539640746114],[-73.857345665123447,40.859625418768374],[-73.857353196142341,40.859711606352434],[-73.857394818296868,40.859984103084294],[-73.857462441363097,40.860426811692875],[-73.857472195519264,40.860495677351125],[-73.857478855962626,40.860542700673903],[-73.857522241725704,40.860848980747583],[-73.85752991645974,40.860903168447649],[-73.857566826231675,40.861163722531288],[-73.857599605660411,40.861418389581466],[-73.857609265437986,40.861493441065619],[-73.857670846913479,40.861971872519035],[-73.857678855362693,40.862034078442996],[-73.85769181597901,40.862134773928361],[-73.857698421238482,40.862186080559781],[-73.857705526339728,40.862241286409159],[-73.857710282344414,40.862278230995685],[-73.858060984989322,40.86304236026541],[-73.858447895878157,40.863761390121518],[-73.858712202123826,40.864252553337948],[-73.858909566582739,40.864636926124476],[-73.859612811829962,40.865512718615136],[-73.858672980962936,40.865494958216686],[-73.858601570827872,40.867733452727016],[-73.858578056577443,40.868549206588867],[-73.858541241763575,40.869550945744102],[-73.858487316345432,40.87128406011891],[-73.857548543779998,40.871266317776609],[-73.856613824503142,40.87125016748486],[-73.856551181086218,40.873030429720728],[-73.856512922552085,40.874217793157911],[-73.855770522694058,40.873983712929643],[-73.855517583455168,40.873903956804355],[-73.854508050004156,40.873580942496588],[-73.8536363872702,40.873300599209117]]]]}},
{"type":"Feature","properties":{"ntaabbrev":"Allrtn","Name":"Allerton"},"geometry":{"type":"MultiPolygon","coordinates":[[[[-73.858487316345432,40.87128406011891],[-73.858541241763575,40.869550945744102],[-73.858578056577443,40.868549206588867],[-73.858601570827872,40.867733452727016],[-73.858672980962936,40.865494958216686],[-73.859612811829962,40.865512718615136],[-73.858909566582739,40.864636926124476],[-73.858712202123826,40.864252553337948],[-73.858447895878157,40.863761390121518],[-73.858060984989322,40.86304236026541],[-73.857710282344414,40.862278230995685],[-73.857705526339728,40.862241286409159],[-73.857698421238482,40.862186080559781],[-73.85769181597901,40.862134773928361],[-73.857678855362693,40.862034078442996],[-73.857670846913479,40.861971872519035],[-73.857609265437986,40.861493441065619],[-73.857599605660411,40.861418389581466],[-73.857566826231675,40.861163722531288],[-73.85752991645974,40.860903168447649],[-73.857522241725704,40.860848980747583],[-73.857478855962626,40.860542700673903],[-73.857472195519264,40.860495677351125],[-73.857462441363097,40.860426811692875],[-73.857394818296868,40.859984103084294],[-73.857353196142341,40.859711606352434],[-73.857345665123447,40.859625418768374],[-73.857332289764173,40.859539640746114],[-73.8573131056839,40.859454500573186],[-73.857288163960632,40.859370224838571],[-73.857257531029958,40.859287037767999],[-73.857221288397582,40.859205160811605],[-73.857179532537828,40.859124811871517],[-73.857132374596389,40.859046204782437],[-73.856974275589209,40.858749324613157],[-73.856636640148679,40.858115293955507],[-73.858825158339812,40.858061357338848],[-73.861790693748446,40.857982904364029],[-73.862877842866695,40.857953591022408],[-73.862958533995837,40.857951414273579],[-73.863189077428615,40.857945197190013],[-73.863263984713541,40.857943175866623],[-73.86387047700353,40.857926816062012],[-73.863957133927514,40.857924478800463],[-73.864550733866167,40.857908463073151],[-73.864670280525786,40.857905237814741],[-73.865641578269376,40.857881546062828],[-73.86658331260368,40.857855354383034],[-73.867587523805113,40.85783008965106],[-73.868020291485536,40.857830595406014],[-73.868077723512783,40.857846843348774],[-73.868131401694654,40.857876593044246],[-73.868173340236467,40.857918549295896],[-73.86819723589366,40.857967987289108],[-73.868201262992685,40.858018356124639],[-73.868188304042832,40.858063834309256],[-73.868415396296427,40.85778035864567],[-73.868896226560096,40.857772772943754],[-73.869548680163064,40.857726030349099],[-73.870848873782577,40.857290817918262],[-73.87087754032342,40.857278224937872],[-73.870889624110262,40.857272916912436],[-73.87088983832453,40.857272817810788],[-73.870890110223044,40.857272782432567],[-73.870943661186914,40.857266051953545],[-73.870944135464825,40.857265989997842],[-73.870944621139913,40.857266081003758],[-73.871001731056651,40.857276743409116],[-73.871002276730238,40.857276842690531],[-73.871002725873069,40.857277112737897],[-73.87104905795556,40.857304603862218],[-73.871049449360086,40.857304838162364],[-73.87104967358205,40.857305153524521],[-73.871075803401936,40.857341265259208],[-73.87107594489018,40.857341463429982],[-73.871075980691117,40.857341661650189],[-73.871082625126917,40.857377040637928],[-73.871032687411201,40.857807797896058],[-73.870978450042486,40.858199415154274],[-73.870884091605618,40.858895181262149],[-73.870579375239899,40.861404554429122],[-73.870444835878374,40.863270400693146],[-73.870421120141799,40.86361854600294],[-73.870405315808895,40.863966950004922],[-73.870397427704219,40.864315509085287],[-73.870397458511746,40.864664119854282],[-73.870405408139447,40.865012678358731],[-73.870421274347521,40.865361080934036],[-73.87045508990893,40.866632868762494],[-73.870491868348481,40.867950831494113],[-73.870497833261695,40.868176654963158],[-73.87049958025041,40.868242776779368],[-73.870510569694744,40.868658835868786],[-73.870514732448044,40.868816432845492],[-73.870516296921011,40.86887566573288],[-73.870526215335076,40.869251176793284],[-73.870528971920422,40.86935553385095],[-73.870533199946763,40.869515580904995],[-73.87053494568076,40.869581703205824],[-73.870537385860615,40.869674032082479],[-73.86990570837817,40.869675664975048],[-73.869850714519714,40.869675807172861],[-73.869621135828396,40.869676398859212],[-73.869277512807614,40.869677285287473],[-73.869117667645327,40.869678250290974],[-73.869039786175364,40.869678721289276],[-73.868622930469002,40.869681236394328],[-73.868545012801221,40.869681706514918],[-73.868384728010909,40.869682674357975],[-73.868229210235242,40.869683611237036],[-73.867848621931245,40.8696877431885],[-73.867775258042101,40.869688539648585],[-73.867528408056558,40.869691217500204],[-73.867220645018278,40.869694262822343],[-73.86653818721264,40.869698155785578],[-73.866205231672339,40.869693295341165],[-73.865264832541499,40.869674425281353],[-73.864326164937012,40.869656323717059],[-73.864266043901324,40.871389650236317],[-73.863331981795909,40.871375157496949],[-73.862392127877669,40.871356733601822],[-73.861379240031908,40.871336512643438],[-73.860365981106128,40.871318622473758],[-73.859426803892376,40.871300696743369],[-73.858487316345432,40.87128406011891]]]]}},
{"type":"Feature","properties":{"ntaabbrev":"Wllmsbrdg","Name":"Williamsbridge-Olinville"},"geometry":{"type":"MultiPolygon","coordinates":[[[[-73.847443967521983,40.886978531165632],[-73.847487087514992,40.886914538065518],[-73.847857772538475,40.886364413326859],[-73.847903881178269,40.886295984152561],[-73.847987019127146,40.886172118234448],[-73.848021655747274,40.88612051478232],[-73.848049179570353,40.886079509152616],[-73.848094151736277,40.88601250619832],[-73.848135856611208,40.885950370317133],[-73.848171785613488,40.8858968416734],[-73.848208352449873,40.885842361658284],[-73.848249412353667,40.885781187638706],[-73.84828534051087,40.885727658957073],[-73.848321907162685,40.885673178234178],[-73.848364171085748,40.885610210749427],[-73.848462740302082,40.885461032310005],[-73.84876384891372,40.885005316710888],[-73.84882044080662,40.884919666999295],[-73.849277419264538,40.884241504733247],[-73.849734881546965,40.883555803196963],[-73.850201493500364,40.882869870081102],[-73.850651230548124,40.882191789920796],[-73.85110603481273,40.881508971066118],[-73.851566005594577,40.880825363770263],[-73.85203280406445,40.880139972167989],[-73.852483057455316,40.879463705040109],[-73.852070116540091,40.879297657084919],[-73.851865636354376,40.879058865105165],[-73.851383740391938,40.878476224356724],[-73.85091896017336,40.877893440634409],[-73.852112173752275,40.877297879620549],[-73.852548540309783,40.877091586763704],[-73.851722360702354,40.876843370662421],[-73.850931866583778,40.875830014921981],[-73.850689555989646,40.875486678887867],[-73.851432478970978,40.874987271984779],[-73.852140803268881,40.874444645110586],[-73.852780341764486,40.873953229023776],[-73.8536363872702,40.873300599209117],[-73.854508050004156,40.873580942496588],[-73.855517583455168,40.873903956804355],[-73.855770522694058,40.873983712929643],[-73.856512922552085,40.874217793157911],[-73.856551181086218,40.873030429720728],[-73.856613824503142,40.87125016748486],[-73.857548543779998,40.871266317776609],[-73.858487316345432,40.87128406011891],[-73.859426803892376,40.871300696743369],[-73.860365981106128,40.871318622473758],[-73.861379240031908,40.871336512643438],[-73.862392127877669,40.871356733601822],[-73.863331981795909,40.871375157496949],[-73.864266043901324,40.871389650236317],[-73.864326164937012,40.869656323717059],[-73.865264832541499,40.869674425281353],[-73.866205231672339,40.869693295341165],[-73.86653818721264,40.869698155785578],[-73.867220645018278,40.869694262822343],[-73.867528408056558,40.869691217500204],[-73.867775258042101,40.869688539648585],[-73.867848621931245,40.8696877431885],[-73.868229210235242,40.869683611237036],[-73.868384728010909,40.869682674357975],[-73.868545012801221,40.869681706514918],[-73.868622930469002,40.869681236394328],[-73.869039786175364,40.869678721289276],[-73.869117667645327,40.869678250290974],[-73.869277512807614,40.869677285287473],[-73.869621135828396,40.869676398859212],[-73.869850714519714,40.869675807172861],[-73.86990570837817,40.869675664975048],[-73.870537385860615,40.869674032082479],[-73.870561923700834,40.871510778954736],[-73.870376670934576,40.873284372663747],[-73.870313107417076,40.875340621457795],[-73.870315082670075,40.875617523401708],[-73.87023106062486,40.875717670613348],[-73.870223686095684,40.875867486390995],[-73.870200556150678,40.876017093971171],[-73.870191068578421,40.876053257849698],[-73.87009233170177,40.876341143652333],[-73.87006973829925,40.876387282487592],[-73.870038779427432,40.876450506096077],[-73.870026122736647,40.876479263387694],[-73.8699509906739,40.876649956386068],[-73.869417512653413,40.877972822265221],[-73.869361486624996,40.878111746323391],[-73.869434476320436,40.878129092480727],[-73.86950315797975,40.87814566579619],[-73.869600380126016,40.878169019474925],[-73.869783382409011,40.878212978029502],[-73.869968073875611,40.878264352419947],[-73.87005983726759,40.878290317941335],[-73.870149762766246,40.878310121508932],[-73.870337250791835,40.878351403363155],[-73.870676618092332,40.878439919554687],[-73.87094414681728,40.878509696083533],[-73.870153184646384,40.880350828061786],[-73.870682644451733,40.88045875600509],[-73.870835677076244,40.880454115283015],[-73.870017316537016,40.882344472564213],[-73.869211049872945,40.88332465258204],[-73.868980702945322,40.883771787975817],[-73.868766324947742,40.884223860168419],[-73.868568202990204,40.884680371529512],[-73.868386539472965,40.885140808580367],[-73.868221548068647,40.885604659022221],[-73.868073387964429,40.886071400436933],[-73.867935938912851,40.886579343985488],[-73.867782036135722,40.887084889826305],[-73.867611797436425,40.887587561763262],[-73.867425367489503,40.888086919642284],[-73.867222910889311,40.888582503893893],[-73.86700465377983,40.889073882152694],[-73.866560528628881,40.889753201319991],[-73.86368527749876,40.894324597519471],[-73.863559156227566,40.895377017706132],[-73.863391912676022,40.895321879644548],[-73.863303596920758,40.895292762586713],[-73.863169810386864,40.895249424716752],[-73.863082381774277,40.895221102931231],[-73.862875331314854,40.895154030689817],[-73.86264196425833,40.895077917584089],[-73.862321684649373,40.89497345813303],[-73.86219002984663,40.894930518526152],[-73.862144092783623,40.894915530405257],[-73.862070371720478,40.894891475767452],[-73.861904657868394,40.894837405493142],[-73.861825322954715,40.8948115215074],[-73.861761806129039,40.894791183641004],[-73.861359278642993,40.894662319355668],[-73.861405138935538,40.894539044168937],[-73.861492534937128,40.89427891722643],[-73.861925350550024,40.893291215984192],[-73.8619822942821,40.893161262785448],[-73.862155751042948,40.892834063018796],[-73.862253453856979,40.89267048818882],[-73.862739720998022,40.891838892824602],[-73.862656733623936,40.891815786422882],[-73.861788139184725,40.891549530580981],[-73.859909526922436,40.890947857019775],[-73.858908244375925,40.890631062087607],[-73.85602979122767,40.889713514685162],[-73.853153083287523,40.88879989371695],[-73.850271659162885,40.887880838148085],[-73.847443967521983,40.886978531165632]]]]}},
{"type":"Feature","properties":{"ntaabbrev":"Estchstr","Name":"Eastchester-Edenwald-Baychester"},"geometry":{"type":"MultiPolygon","coordinates":[[[[-73.79322870882001,40.882822595909808],[-73.794165557614292,40.882993216348815],[-73.794492543058524,40.883068251071911],[-73.797448255511853,40.883845385338859],[-73.799375203497988,40.88435197032279],[-73.802203882300631,40.88512111479573],[-73.803286820043752,40.885415553169608],[-73.805201136030462,40.885999956853716],[-73.805508696072465,40.885922842946009],[-73.806049047816188,40.885822727751872],[-73.806473243285254,40.885774372352166],[-73.806759278121234,40.885754005054132],[-73.807007967007948,40.885749575212138],[-73.807275016521274,40.885744816827092],[-73.807902170788097,40.885780460284501],[-73.808502041332716,40.88587122668298],[-73.808730250729241,40.885919312214554],[-73.808917417465011,40.885958755539846],[-73.809213220526132,40.886021092090225],[-73.80948787329541,40.886080825184187],[-73.809791218060624,40.886144386902764],[-73.810280890753518,40.886247002249618],[-73.81078387987435,40.886349070280794],[-73.81101579878748,40.886396129780387],[-73.811716440144139,40.886520813963941],[-73.812401248283322,40.886631193040344],[-73.812614836795319,40.886661860095302],[-73.812768867937791,40.886683973781075],[-73.813649745304133,40.886730314997948],[-73.814081992723601,40.886734020252057],[-73.814416702395903,40.886722068906572],[-73.814483642927229,40.886718325169788],[-73.814684890361121,40.88670706526117],[-73.814974161719405,40.886679822245071],[-73.815194578436021,40.886665676777284],[-73.815295692902183,40.886653546816142],[-73.815383553183807,40.886641693087938],[-73.815645076744843,40.886608451253728],[-73.815996920594316,40.886557406473756],[-73.816237292760903,40.886513557051551],[-73.816344575367623,40.886491348108912],[-73.816675886119711,40.886422763970735],[-73.816838964924855,40.886387940262509],[-73.817016002121477,40.886337965753306],[-73.817390660966723,40.88623169116876],[-73.817492008720535,40.8862029427397],[-73.818145570906665,40.886032714827067],[-73.818378398028756,40.885972070318047],[-73.819352797213611,40.885718264505478],[-73.819791376616166,40.88560402213097],[-73.819938082135948,40.885567045129008],[-73.820239583278379,40.885491052352407],[-73.820649308520785,40.88538245972677],[-73.820818802239671,40.885343317439734],[-73.820835440065565,40.885399272406922],[-73.820858227597213,40.885467431063063],[-73.820925609940389,40.885652494955089],[-73.820988418995498,40.885755833455576],[-73.82107546986947,40.885854194373522],[-73.82118563796999,40.88594282815086],[-73.821315636466096,40.886017256944683],[-73.82146031168719,40.886073986904151],[-73.821613274441148,40.886110999000735],[-73.821767786763559,40.886127987455112],[-73.821917733745465,40.88612623777766],[-73.822058172529836,40.886108219189488],[-73.822589337057465,40.885942977443683],[-73.82354071456497,40.885649508259668],[-73.824393463061298,40.885373648171999],[-73.82526100588376,40.885095137385093],[-73.82579524651166,40.884922672510406],[-73.826098748274504,40.88482842791413],[-73.826611590413123,40.884649244869415],[-73.826542272895338,40.88458600776449],[-73.826063086641426,40.884152836717938],[-73.826124036162298,40.884124615365195],[-73.828249518230663,40.883035497280865],[-73.829049363759211,40.882622154818897],[-73.82986103272988,40.882174937715973],[-73.830500878946623,40.881770199751024],[-73.831444867752197,40.881106608802114],[-73.832116643733414,40.880537641761336],[-73.832459830159564,40.880207138608696],[-73.833399604860531,40.879154720755565],[-73.833769107495286,40.878720128785915],[-73.833956876304327,40.878347389092987],[-73.834117819730338,40.877980292392429],[-73.834295901094151,40.877630853181088],[-73.834451706335685,40.877274141717166],[-73.834584522397918,40.876911416504313],[-73.834693786752013,40.876543948983844],[-73.834779094316517,40.876173077652247],[-73.834792103810173,40.876093718032934],[-73.834840983581998,40.875792926458715],[-73.834869374014772,40.875519526698817],[-73.834875646659555,40.875437912780534],[-73.834892483308238,40.875070936883191],[-73.834892285001231,40.874897138021538],[-73.834892307347403,40.874744866679009],[-73.834877293148622,40.874403882429043],[-73.834861709656522,40.874277342223763],[-73.834847222364658,40.874063572164786],[-73.834802178106216,40.873724509592101],[-73.834737808664059,40.873381034390995],[-73.834659010391121,40.873039022713677],[-73.834565866038943,40.872699008880375],[-73.834458539621451,40.872361504707122],[-73.834337209927568,40.872027023031848],[-73.834235307792284,40.871777543365376],[-73.834052250823049,40.87132937457438],[-73.833813633143023,40.870745162339503],[-73.833693442709048,40.870450888080633],[-73.832780032961338,40.868520016226242],[-73.832746303816293,40.868450952976239],[-73.832720011799026,40.868396984789129],[-73.832644032972013,40.868236956294758],[-73.831988252997675,40.867013165657937],[-73.831818993952325,40.866697292204933],[-73.831140091630914,40.865430287384598],[-73.831007551471146,40.865163926957159],[-73.830806670764773,40.864778941749833],[-73.830752926851886,40.86467593660106],[-73.830223883838556,40.86342952883151],[-73.829555522724462,40.862163211186704],[-73.830816881421896,40.862429826616193],[-73.831596198774776,40.862644704422344],[-73.835784366575623,40.865016011999799],[-73.836009433166041,40.86513261687918],[-73.836186013103358,40.865224099381749],[-73.836788241088328,40.865545906630004],[-73.836970210637617,40.865643136401054],[-73.837843800366485,40.866099188524096],[-73.838752234546632,40.866572777966844],[-73.839220853192387,40.866820840242006],[-73.839544756473472,40.866986738382444],[-73.839742332693376,40.867087930618275],[-73.840643646798227,40.867554175568742],[-73.841223624654276,40.867858151350795],[-73.841588266888166,40.868051879961577],[-73.841851864837764,40.868191925881412],[-73.842406293728857,40.868474744020126],[-73.842804434014909,40.868680752570704],[-73.843157154272589,40.868863267049065],[-73.843585813845053,40.869087637372687],[-73.844231468997322,40.869420351471163],[-73.844421336136435,40.869522298679342],[-73.844877374309192,40.869760507494796],[-73.84517256542199,40.869914698202741],[-73.845582659347869,40.870125500436771],[-73.845781473879327,40.870227696249252],[-73.846089569789569,40.870389771906304],[-73.846407662769465,40.870554300684617],[-73.846992736234711,40.870852889258494],[-73.847251446854372,40.870987052452399],[-73.847926139808422,40.871342233579526],[-73.848596760026794,40.871670785135663],[-73.848937547759419,40.871785591193429],[-73.849876450597947,40.872101881390613],[-73.85078983242623,40.87239629245444],[-73.851045517384378,40.872479988592154],[-73.851625210942089,40.872659230160117],[-73.852657517637226,40.872992187403398],[-73.853636387270086,40.873300599209117],[-73.852780341764444,40.873953229023805],[-73.852140803268767,40.874444645110586],[-73.851432478970878,40.874987271984779],[-73.850689555989646,40.875486678887867],[-73.850931866583778,40.875830014921981],[-73.851722360702311,40.876843370662456],[-73.85254854030967,40.877091586763733],[-73.852112173752161,40.877297879620549],[-73.850918960173303,40.877893440634409],[-73.851383740391896,40.878476224356724],[-73.851865636354376,40.879058865105165],[-73.852070116539991,40.879297657084919],[-73.852483057455316,40.879463705040152],[-73.852032804064379,40.880139972168031],[-73.851566005594577,40.880825363770263],[-73.85110603481273,40.881508971066154],[-73.85065123054801,40.882191789920824],[-73.850201493500421,40.882869870081102],[-73.849734881546965,40.883555803197019],[-73.849277419264595,40.884241504733296],[-73.848820440806691,40.88491966699933],[-73.848763848913777,40.885005316710938],[-73.848462740302026,40.885461032310005],[-73.848364171085692,40.885610210749427],[-73.848321907162514,40.885673178234221],[-73.848285340510927,40.885727658957073],[-73.848249412353567,40.885781187638706],[-73.848208352449817,40.885842361658284],[-73.848171785613374,40.885896841673443],[-73.848135856611151,40.885950370317133],[-73.848094151736163,40.886012506198348],[-73.848049179570296,40.886079509152616],[-73.848021655747218,40.886120514782355],[-73.847987019127146,40.886172118234448],[-73.847903881178212,40.886295984152603],[-73.847857772538418,40.886364413326859],[-73.847487087514892,40.886914538065518],[-73.847443967521983,40.886978531165632],[-73.84704957922078,40.887671816883895],[-73.846654576824179,40.888390619907625],[-73.846456007897785,40.888748434697341],[-73.846261822605996,40.889098338183764],[-73.845905684799177,40.889741369882657],[-73.846325329771773,40.889877227206902],[-73.847413551811485,40.890222198177554],[-73.848741533128234,40.890647714865409],[-73.85040124935631,40.891205458645899],[-73.850690840148772,40.891302772127389],[-73.850424890662737,40.891377978095655],[-73.849839011493074,40.891543663040572],[-73.848950378371427,40.891738531354719],[-73.848070024254781,40.891932376141966],[-73.847181105973277,40.892127778928405],[-73.846294993351137,40.892323565581968],[-73.845426318171633,40.892515118908143],[-73.844542040229655,40.892708571025842],[-73.843655041376095,40.892906326051509],[-73.84278817385416,40.893094845564292],[-73.841920593880502,40.89328577075198],[-73.841034283054356,40.893482506473092],[-73.840147069582684,40.893676390111317],[-73.839278379064083,40.89386946382082],[-73.838391990572759,40.894067008047344],[-73.838042772197014,40.89414233138703],[-73.837379561221283,40.893924742111444],[-73.836305416925171,40.893599166384519],[-73.835257905700033,40.893391644055917],[-73.833568496363029,40.892806426846136],[-73.832678086113503,40.892601826335067],[-73.831845009963416,40.892354280022531],[-73.830957739790023,40.892030158900312],[-73.830079652244081,40.891788232824474],[-73.828905641390463,40.891439450336691],[-73.828663410847625,40.891367484887368],[-73.827969335416142,40.891145275104989],[-73.827224297180763,40.890910233550983],[-73.825208227202012,40.890344350351306],[-73.823915710283472,40.889974625442072],[-73.82366848120671,40.889903740295516],[-73.822523775784575,40.88942882441799],[-73.822418059323439,40.889514433397174],[-73.822419023330596,40.889514764229681],[-73.822416740836658,40.88952086272878],[-73.822406054236652,40.88956629064495],[-73.822405930960514,40.889612434721862],[-73.822416374771024,40.889657894644053],[-73.822426624339599,40.889679388148863],[-73.822437065994592,40.889701284337484],[-73.822467375938928,40.889741287609858],[-73.822491366428153,40.889763059723784],[-73.822506383590081,40.889776687158424],[-73.822552900446979,40.889806405149933],[-73.822595122850004,40.889824969904332],[-73.822605513914866,40.889829538132844],[-73.822658725416289,40.88984456693268],[-73.822714443460356,40.8898528427016],[-73.822746928204538,40.889854033251034],[-73.822749723726076,40.889854134706852],[-73.822823839138579,40.889848132243202],[-73.822843257900402,40.889844451757817],[-73.822924835325182,40.889828987111692],[-73.82295307548452,40.889823632685008],[-73.823038885160514,40.889796439324975],[-73.823060590558327,40.8897862364662],[-73.823089405020539,40.889772691702063],[-73.823134611776453,40.889766397130536],[-73.823169083536484,40.889771870137785],[-73.823171424034953,40.889772241602842],[-73.823173370374903,40.889772907638871],[-73.823196366325163,40.889776203021277],[-73.823259676582182,40.889798602761225],[-73.823300177933831,40.889819515634201],[-73.823333728057875,40.889846603290529],[-73.823355425665113,40.889873298386327],[-73.823370299494798,40.889902562549089],[-73.823373180531718,40.889920827924264],[-73.823374430361696,40.889921762434881],[-73.823374305258596,40.889927970295297],[-73.823381801672795,40.889975504906594],[-73.823372007546823,40.890043260174536],[-73.823370688815174,40.890109464419339],[-73.823355797870747,40.890150008731759],[-73.823337993782843,40.89021750413827],[-73.823310704504578,40.890290080807979],[-73.823297454448181,40.89036516784541],[-73.823294714495091,40.890388748818374],[-73.823294652929306,40.890392310756432],[-73.823306261220139,40.890432142442123],[-73.823306937177435,40.890434461654102],[-73.823327330590786,40.890465043456913],[-73.823332622544129,40.89047298039948],[-73.823334132321889,40.890474287543427],[-73.82337010242702,40.890505454210491],[-73.823417031216664,40.890529854474899],[-73.823420060897206,40.890531983463219],[-73.823425929349739,40.890536392252919],[-73.823431532604019,40.890540995968031],[-73.823436858984607,40.890545785376816],[-73.823441898363725,40.890550750412629],[-73.823444307070659,40.890553295246661],[-73.823451075605007,40.890561167432992],[-73.823453174853228,40.890563865411707],[-73.823457133557866,40.890569365703776],[-73.823464059902633,40.890580740524861],[-73.82346836080383,40.890589554768631],[-73.823474584075356,40.890607739646128],[-73.823475938307922,40.890613921624329],[-73.823477789463311,40.890635790022884],[-73.82347512868985,40.89065761026967],[-73.823473546119999,40.890663760953103],[-73.823370038415661,40.890967295876159],[-73.82285334940228,40.891206829094344],[-73.820612235468445,40.890613289400036],[-73.819574640216217,40.890315096962063],[-73.819487243116328,40.890289980358403],[-73.819406516402822,40.890260434273429],[-73.818277379676928,40.889847131029107],[-73.817606268477064,40.889677023793894],[-73.816614008813147,40.889433427504507],[-73.816016994258874,40.889323833842155],[-73.815742613501442,40.889197336903031],[-73.815330474738474,40.889082505730933],[-73.81524197011251,40.889060148588854],[-73.815168547930654,40.88903776225856],[-73.813651083637282,40.888678451078732],[-73.812281112069911,40.888343487314856],[-73.81126834744677,40.888098906474177],[-73.809898222964435,40.887740542508361],[-73.809432731822085,40.887638407434821],[-73.808721059919847,40.887480598375618],[-73.807559441044631,40.887108891599652],[-73.806379685407435,40.886829379683604],[-73.804838706356904,40.886473964599617],[-73.804526148831542,40.886409248341408],[-73.804237617251985,40.886341681883714],[-73.802909463548332,40.886030680837202],[-73.801924498616387,40.885712968023022],[-73.799302061458604,40.885069054856594],[-73.797727830812576,40.884648130067227],[-73.797327592520475,40.88454106116702],[-73.796281814153815,40.884290883521821],[-73.7948690096799,40.88391531783531],[-73.794055173077936,40.883699966779645],[-73.793855270764723,40.883643311833907],[-73.793006525608845,40.883358737381556],[-73.79322870882001,40.882822595909808]]]]}},
{"type":"Feature","properties":{"ntaabbrev":"Wkfld_Wdln","Name":"Wakefield-Woodlawn"},"geometry":{"type":"MultiPolygon","coordinates":[[[[-73.85107116095503,40.91037152022097],[-73.851643805659833,40.909699085113026],[-73.852072878500067,40.909197082763022],[-73.852347448944016,40.908862842095317],[-73.853049707166377,40.908035926900673],[-73.853475222673509,40.907530293525184],[-73.85257767250873,40.907200191209604],[-73.85228059578894,40.907081266624367],[-73.851425077158865,40.906780175963561],[-73.850920592965906,40.90661649448888],[-73.850401487719481,40.907218170504663],[-73.850173174196115,40.907507865649833],[-73.849336413908034,40.907125314265457],[-73.848639131317555,40.90680652266817],[-73.847080329143736,40.906156732530505],[-73.846232703608237,40.905898672263568],[-73.845380610508613,40.905655808087303],[-73.844818869186554,40.905529950176522],[-73.844877071477953,40.905072694283312],[-73.84492921919707,40.904663003769009],[-73.844892648428981,40.90419086729802],[-73.844413194665023,40.904171330550824],[-73.843395598681553,40.904171125060451],[-73.842375436911581,40.904166404775303],[-73.841386892384222,40.904172741533245],[-73.841131527894177,40.903503728397283],[-73.841062728207504,40.903214116327419],[-73.84102047342617,40.902814135979391],[-73.840865460490406,40.901862433761274],[-73.84084087374238,40.901783335086186],[-73.840811898992911,40.901705096373988],[-73.840778588131059,40.901627857695843],[-73.840735286174464,40.901540985979324],[-73.8406960603903,40.901471638081397],[-73.840653274574393,40.901403512855367],[-73.840044746355474,40.900574957188532],[-73.839246046755107,40.899501154550975],[-73.839218294382562,40.899418417118682],[-73.839197204404655,40.899334555151725],[-73.839182854397222,40.899249877222609],[-73.839175297135512,40.899164694905032],[-73.839174560400352,40.899079321627347],[-73.839181481533828,40.898986818088076],[-73.839196408645677,40.898894860498153],[-73.839219277016809,40.898803847352248],[-73.839225201164354,40.898784504940629],[-73.839241581092153,40.898736444845838],[-73.839248756889717,40.898717348423169],[-73.839272404100541,40.898660546075135],[-73.839664331234061,40.8978855156072],[-73.839648126805344,40.897330535338995],[-73.838966258131691,40.895593207469986],[-73.838391990572873,40.894067008047344],[-73.839278379064183,40.89386946382082],[-73.840147069582727,40.893676390111267],[-73.841034283054427,40.893482506473056],[-73.841920593880673,40.89328577075198],[-73.842788173854316,40.893094845564292],[-73.843655041376138,40.892906326051509],[-73.844542040229726,40.892708571025842],[-73.845426318171747,40.892515118908115],[-73.846294993351236,40.892323565581968],[-73.847181105973277,40.892127778928362],[-73.848070024254838,40.891932376141966],[-73.848950378371427,40.891738531354719],[-73.849839011493188,40.891543663040572],[-73.85042489066285,40.891377978095655],[-73.850690840148886,40.891302772127332],[-73.85040124935631,40.89120545864585],[-73.848741533128191,40.890647714865409],[-73.847413551811442,40.890222198177518],[-73.84632532977173,40.889877227206902],[-73.845905684799334,40.889741369882657],[-73.846261822605953,40.889098338183729],[-73.846456007897785,40.888748434697341],[-73.846654576824179,40.888390619907582],[-73.847049579220879,40.887671816883852],[-73.847443967521983,40.886978531165632],[-73.850271659162885,40.887880838148085],[-73.853153083287523,40.88879989371695],[-73.85602979122767,40.889713514685162],[-73.858908244375925,40.890631062087607],[-73.859909526922436,40.890947857019775],[-73.861788139184725,40.891549530580981],[-73.862656733623936,40.891815786422882],[-73.862739720998022,40.891838892824602],[-73.862253453856979,40.89267048818882],[-73.862155751042948,40.892834063018796],[-73.8619822942821,40.893161262785448],[-73.861925350550024,40.893291215984192],[-73.861492534937128,40.89427891722643],[-73.861405138935538,40.894539044168937],[-73.861359278642993,40.894662319355668],[-73.861761806129039,40.894791183641004],[-73.861825322954715,40.8948115215074],[-73.861904657868394,40.894837405493142],[-73.862070371720478,40.894891475767452],[-73.862144092783623,40.894915530405257],[-73.86219002984663,40.894930518526152],[-73.862321684649373,40.89497345813303],[-73.86264196425833,40.895077917584089],[-73.862875331314854,40.895154030689817],[-73.863082381774277,40.895221102931231],[-73.863169810386864,40.895249424716752],[-73.863303596920758,40.895292762586713],[-73.863391912676022,40.895321879644548],[-73.863559156227566,40.895377017706132],[-73.864016376078581,40.895523048116139],[-73.864916324109998,40.895749496035734],[-73.866916947832394,40.896082685413596],[-73.870069810384621,40.896590737417903],[-73.870486724876358,40.896640211682332],[-73.872410344237281,40.896241286813776],[-73.874806180485521,40.895725688308438],[-73.875723871752584,40.895622602016772],[-73.877119740173697,40.895468664312858],[-73.877059152458415,40.895650190526325],[-73.876991367586299,40.895830245479722],[-73.876916447338658,40.896008664910738],[-73.876834460007927,40.896185286047846],[-73.87674548021046,40.896359948049934],[-73.87664958924772,40.896532491297954],[-73.876546874547785,40.896702758380457],[-73.87643742976617,40.896870593961459],[-73.876344082276972,40.896998856363197],[-73.876246598039984,40.897125334555156],[-73.876145036226788,40.897249951736569],[-73.876039458207927,40.89737263224773],[-73.875929928349478,40.897493301576411],[-73.875816513140677,40.897611886447926],[-73.875675784223688,40.897751158870165],[-73.875529323241523,40.897886986118912],[-73.875377276558183,40.898019232424971],[-73.87521979614155,40.898147765214958],[-73.875057039374084,40.898272456392434],[-73.874889168917008,40.898393181317346],[-73.874706628391905,40.898514901310591],[-73.874519224841265,40.898632289674566],[-73.874327136708601,40.89874523461792],[-73.874130546930772,40.898853628360463],[-73.873929642684843,40.898957367895875],[-73.873724615279698,40.899056354429355],[-73.873549842575798,40.899131347652016],[-73.873373246281901,40.899203839838158],[-73.873194889473666,40.89927380518774],[-73.873014834019088,40.899341219367287],[-73.872692267124748,40.899460073970758],[-73.872373660715368,40.899584928374345],[-73.872059208584503,40.899715706643406],[-73.871749101586175,40.899852329364627],[-73.871443528771607,40.899994713328404],[-73.871142676017797,40.900142771937261],[-73.870839295071676,40.90030741129199],[-73.870541197912985,40.900477517299883],[-73.870248555171528,40.900652992441834],[-73.869961535250752,40.90083373596169],[-73.869793875468403,40.900947480930142],[-73.869629790124819,40.90106418845221],[-73.869469370138034,40.901183793874758],[-73.86931270425579,40.901306230683701],[-73.869159879422199,40.901431431308986],[-73.869010980321619,40.901559326391386],[-73.868828090343541,40.901727435257349],[-73.868650021325138,40.901898498070999],[-73.868476855923319,40.902072434761756],[-73.868308674950299,40.902249164897313],[-73.868202702168929,40.902355383442867],[-73.868151122233968,40.902440251018589],[-73.868094258177365,40.902530709570669],[-73.868042607422581,40.902622950705208],[-73.867996267152122,40.902716801600825],[-73.867955323861068,40.902812086306689],[-73.86789798496261,40.902940176903947],[-73.866521245128112,40.902515930131422],[-73.865657942375137,40.902243207539577],[-73.864772581510593,40.902012441872415],[-73.863050855764797,40.901508084037964],[-73.862798505791403,40.901535522725439],[-73.862662086005784,40.901459187896357],[-73.862457725389476,40.901358396513579],[-73.862244394627467,40.901267706534526],[-73.862023424519933,40.901187776689738],[-73.861796258742643,40.901119122789467],[-73.861564382525771,40.901062122833281],[-73.861341007460069,40.901111570300593],[-73.861093298603066,40.901032075280654],[-73.86088138375095,40.900964075849295],[-73.86078380031492,40.900933044860899],[-73.860686226905344,40.900902013801847],[-73.860503545399524,40.900846092613996],[-73.860270309008911,40.900774696417521],[-73.860193172676873,40.900750258215965],[-73.86010706911128,40.900721982054378],[-73.859467786344254,40.900517209768829],[-73.859396985590649,40.900606109471887],[-73.859324184080819,40.900697527397682],[-73.859076922084668,40.901007993601787],[-73.859235761020571,40.901098613133001],[-73.85941984002902,40.901393125514169],[-73.859383152155701,40.901540391220287],[-73.859376964587099,40.901565218666256],[-73.859280996168792,40.90155550137667],[-73.859205519355982,40.901547863657633],[-73.859027040858805,40.901444910255421],[-73.858864012280392,40.901711695048654],[-73.859289030613411,40.901869112515357],[-73.859385767565612,40.901904941394733],[-73.859463898918833,40.90193387763297],[-73.859498510990477,40.902101605003161],[-73.859532013100264,40.902243111625452],[-73.859578828819167,40.902440843273325],[-73.859264323873262,40.902669479894847],[-73.859178995015142,40.90265607945441],[-73.859104986835533,40.902644455434],[-73.859036047379064,40.902583496445381],[-73.858961480719415,40.90251786471611],[-73.85872824700877,40.902288971071343],[-73.858400752638602,40.90221325579811],[-73.858159999165395,40.902305710201823],[-73.858164601449062,40.902595861059787],[-73.85796932195889,40.902850907686215],[-73.857747473263785,40.902787546918503],[-73.857559675913009,40.902917796460528],[-73.857110904137343,40.903649532695297],[-73.857171762363151,40.904082065435631],[-73.85699157280402,40.904584210067682],[-73.857041440517918,40.904640567928993],[-73.857101513120455,40.904708457881689],[-73.857186212364425,40.904692017204674],[-73.857359351676394,40.904730961991923],[-73.857434575298157,40.904841544202085],[-73.857177659214045,40.905286541659727],[-73.857050226673891,40.905291535755858],[-73.856800382824289,40.905142248177988],[-73.856731465382609,40.905101069871506],[-73.856654367564246,40.905055000781694],[-73.856360812343055,40.905102154056713],[-73.856010233230293,40.905305983626249],[-73.856011607731048,40.905482083440049],[-73.856355450732806,40.905528118426091],[-73.856423868547068,40.905544740793793],[-73.856502516281253,40.905563848795119],[-73.856923981138365,40.905974170110397],[-73.856810135502172,40.906155828325083],[-73.856557324565927,40.906262032845149],[-73.855956225558387,40.906218503737477],[-73.855880441287411,40.906241430367153],[-73.855804637076247,40.906264364125605],[-73.85552697672837,40.906380251458486],[-73.85513792016846,40.906866889140346],[-73.854237765985587,40.907032868253438],[-73.853741035644063,40.907787917237471],[-73.853833609112641,40.907974349818673],[-73.854229052342745,40.908018589547893],[-73.854710781849832,40.908006310443767],[-73.854755818864675,40.908083993739112],[-73.854793726709801,40.908158332186538],[-73.854911095853083,40.908354869833261],[-73.854589404557544,40.908939499296828],[-73.853916459626149,40.909465603943737],[-73.853775078268256,40.909531555240463],[-73.853600616540376,40.909606741450133],[-73.853353517986065,40.910043140751398],[-73.852956183551882,40.910353044178557],[-73.852769915140357,40.910406008567946],[-73.852584746620835,40.910310617063132],[-73.852660358257452,40.910015194162661],[-73.852456533171747,40.909860510075887],[-73.852274515501307,40.909854100145076],[-73.851783168618198,40.910160630651056],[-73.851492423701018,40.910271640498124],[-73.851447539026921,40.910449671704676],[-73.85107116095503,40.91037152022097]]]]}},
{"type":"Feature","properties":{"ntaabbrev":"CntrClb","Name":"Country Club"},"geometry":{"type":"MultiPolygon","coordinates":[[[[-73.815633781106897,40.848183122394374],[-73.815701463162569,40.848159365263541],[-73.815762469826495,40.848181680065174],[-73.81580020821167,40.848157073614736],[-73.815807330046198,40.848152428828186],[-73.815866660299605,40.848088518540102],[-73.815902814208144,40.848013120979317],[-73.815897116492991,40.847898979545732],[-73.815897325105368,40.847823605693058],[-73.815861363159655,40.847775581851444],[-73.81577576231183,40.847730906105774],[-73.81569459752356,40.847713646133705],[-73.815631451618174,40.847706693332654],[-73.815604428441915,40.84768951830933],[-73.815604513919894,40.847658683162287],[-73.815645166815997,40.847641617816542],[-73.815694768396824,40.847651975504547],[-73.815753403254377,40.847658921066078],[-73.815802984345723,40.847676131071658],[-73.815879685747916,40.847676253521492],[-73.8159573475385,40.847656734104667],[-73.815974499278795,40.847652422096886],[-73.8160558923297,40.847587455148336],[-73.816096706093447,40.847512145530494],[-73.81612862927301,40.847388856118926],[-73.816147055741169,40.84725184039101],[-73.81617026812124,40.847015474361974],[-73.816166228597851,40.846844162671786],[-73.816148722356658,40.846648845282942],[-73.81613006048687,40.846527982884759],[-73.816117973598807,40.846487326504132],[-73.816105374771553,40.84645454443762],[-73.816072467743425,40.846423657353085],[-73.816026851151861,40.846400457765036],[-73.815844328877503,40.846326933104102],[-73.815775866197072,40.846305624303881],[-73.81571903834562,40.846293443498986],[-73.815684886303458,40.846340804905715],[-73.815687703208852,40.846341840348842],[-73.815458675491513,40.846603029273211],[-73.815336443763741,40.846690889090901],[-73.815039631455619,40.846871954697548],[-73.8149346545311,40.846935009683598],[-73.814861600386848,40.846984113494656],[-73.814627277887396,40.847142794761105],[-73.814623638192813,40.847167690000063],[-73.814667414145276,40.847204006481945],[-73.814645946975475,40.84721961352912],[-73.81451106769596,40.847106078026904],[-73.814533700239295,40.847090899394097],[-73.814575408848867,40.847124815990675],[-73.814608473680593,40.847127137241671],[-73.814847350962708,40.846963572128359],[-73.814964894814835,40.846889837963715],[-73.815158462664414,40.84677136814873],[-73.815328778235553,40.846665663800167],[-73.815434133902329,40.846590726085871],[-73.815504092700323,40.846512609858237],[-73.815474567796556,40.846496835989441],[-73.815555080855503,40.846408939143615],[-73.815583139735821,40.846423628108759],[-73.815682884143428,40.846307825124967],[-73.815691046597479,40.846310825621231],[-73.815703531894542,40.846291340423932],[-73.815661711538141,40.846288097514901],[-73.815615591856272,40.84629327651723],[-73.815610940278376,40.846293798289956],[-73.815572850823472,40.846301446179353],[-73.81551442131844,40.846322551391737],[-73.815163709342329,40.846499292755674],[-73.815117958002375,40.846524273141618],[-73.815072223806425,40.846543471113719],[-73.815039220759672,40.846547272758222],[-73.814998636134419,40.846539498895858],[-73.814965698298352,40.846520173779318],[-73.81492265739449,40.846483488189847],[-73.814846837849771,40.846521234126556],[-73.814702141366368,40.846603315666854],[-73.814589765831442,40.846669228309047],[-73.814565791181124,40.846683016525532],[-73.814513013639584,40.84671336942742],[-73.814478905920254,40.846732983728117],[-73.814434234697728,40.846758673870767],[-73.814409531695745,40.846772880697948],[-73.814357262885991,40.846802940677378],[-73.81433272711898,40.846817051263422],[-73.814278764572819,40.846848083972752],[-73.814242625852643,40.846868867433244],[-73.814201111994336,40.846892741082172],[-73.81416157394456,40.846915479909256],[-73.814123949402799,40.846937117320969],[-73.814097764938424,40.846952175563381],[-73.814047103127365,40.846981311249309],[-73.814020103939484,40.846996837897713],[-73.81396720857056,40.847027257368609],[-73.813927717426893,40.847049968717016],[-73.81389036650836,40.847071447848506],[-73.813865326525402,40.847085848510325],[-73.813812185524668,40.847116409071262],[-73.813786991276757,40.847130897919655],[-73.813733549693225,40.84716163134626],[-73.813708055785355,40.847176292075581],[-73.813657408393794,40.847205277176613],[-73.813656547268579,40.847215705153801],[-73.813705421270441,40.847264915002498],[-73.813686347383381,40.847274325006651],[-73.813611946397046,40.847202595716553],[-73.813563728616714,40.847151411278681],[-73.813583059582257,40.847140710268285],[-73.813627453209349,40.847189583390772],[-73.813644727830763,40.84719024269684],[-73.813695883799781,40.847160519307238],[-73.813720914167675,40.847146187854115],[-73.813773180290241,40.847116262681254],[-73.813800020081345,40.847100894981217],[-73.813851168066279,40.847071610254737],[-73.813878942484394,40.847055708805584],[-73.813906416607054,40.847039977739712],[-73.813954837174393,40.847012254580576],[-73.814006444178176,40.846982707512787],[-73.814033902110523,40.846966985604105],[-73.814084216647657,40.846938177543549],[-73.814112614285364,40.846921918708773],[-73.814122486802987,40.846916266110853],[-73.81428325967704,40.846824213858952],[-73.81431749011594,40.846804614723432],[-73.814423632254218,40.846743841836997],[-73.814430947996357,40.846739653781498],[-73.814581823049593,40.84665326877294],[-73.814843158523288,40.846505089301338],[-73.81490858203334,40.846468764376638],[-73.814656957934346,40.846205545301551],[-73.814469076740309,40.846234152204737],[-73.814423525798261,40.846187825072626],[-73.814655079703826,40.845968497425318],[-73.814604490340301,40.845908673071634],[-73.814681707704295,40.845867214860966],[-73.814752992028716,40.845817530858895],[-73.814805342877989,40.845777945584466],[-73.814862962409251,40.845743562822186],[-73.815085938560458,40.84559500241361],[-73.815026276041621,40.84549999556117],[-73.814205731291068,40.846010180888541],[-73.813990421325414,40.845826918691401],[-73.813900029258235,40.845865808654501],[-73.813188650726431,40.846229535972817],[-73.813144602001003,40.846168562641452],[-73.813818805764754,40.845802488224557],[-73.814005890136912,40.845668691636192],[-73.814018126955773,40.845631457390539],[-73.813979643950177,40.845649113005784],[-73.813483267726482,40.845965170946222],[-73.813464096835091,40.845949506612293],[-73.813974191501941,40.845635555210855],[-73.814022559740408,40.84561796713286],[-73.814031982193811,40.845589297868088],[-73.81395424463112,40.845521567553703],[-73.81368589027332,40.845659062253887],[-73.813672201004891,40.845646532469232],[-73.813942791290572,40.845511588608836],[-73.813902069407035,40.845476108355037],[-73.813856677989563,40.845417562386608],[-73.813728926489091,40.845485067669841],[-73.813711148915019,40.845462108449517],[-73.813842588031648,40.845399390438253],[-73.8138054452441,40.845351482967402],[-73.813632582327045,40.845280769031518],[-73.813619215351068,40.8453061442343],[-73.81361456155598,40.845315743208722],[-73.813609943949359,40.845325259484596],[-73.813606273468793,40.845332856293446],[-73.813598404736595,40.845349026392725],[-73.813518359009976,40.845517790145571],[-73.8135169818934,40.845520585904346],[-73.813485259815238,40.845584985939695],[-73.813455136877593,40.84564614210516],[-73.813451373810622,40.845653781142566],[-73.813425254408671,40.845710184586224],[-73.813405655789154,40.845752504782013],[-73.813401746625047,40.845760946691151],[-73.813359055848849,40.845845499833786],[-73.813353116053364,40.845854243684201],[-73.813330928979752,40.845886902760263],[-73.813319250508499,40.845904095438542],[-73.813289326928768,40.845951022731775],[-73.813212952441106,40.845922940344593],[-73.813218880800662,40.845913642648796],[-73.813283592959166,40.845937438650367],[-73.813307870492807,40.845899363232313],[-73.81331213394148,40.845892187878334],[-73.813338003389134,40.84584866229315],[-73.813343546409214,40.845839336493377],[-73.813360849944146,40.845810222863648],[-73.81336591663208,40.845801698731741],[-73.813439644591028,40.845650158398044],[-73.813462153359481,40.845601698458402],[-73.813471460087513,40.845581657373003],[-73.813487681634129,40.845546732410298],[-73.813498803597682,40.845522787934016],[-73.81350354028244,40.845512590870541],[-73.813525456688538,40.845465451723847],[-73.813528883673072,40.845458079508752],[-73.813551321604905,40.845409817616655],[-73.813555190458786,40.845401497594274],[-73.813577187804896,40.845354182332592],[-73.813581501860568,40.845344905629339],[-73.813583343644183,40.845345464115283],[-73.813590575861127,40.845330976604203],[-73.813592357802079,40.845327383917073],[-73.813603079358501,40.845305937570281],[-73.813605296796439,40.84530146792865],[-73.813608749681336,40.845294529807425],[-73.813618582671893,40.845275041886133],[-73.813461664135431,40.845210849530758],[-73.813259977246943,40.845233990458361],[-73.813238584143193,40.845293648967086],[-73.813233063230555,40.845308704620514],[-73.813205322667969,40.845376859209047],[-73.813184968693648,40.845426867328833],[-73.8131813263456,40.845435817428232],[-73.813158363363016,40.845492233464384],[-73.813128940631415,40.84556452214445],[-73.813104148498198,40.845625429538053],[-73.813100212143965,40.845634822594157],[-73.813070030109657,40.845706826241809],[-73.813065715301988,40.845717121804952],[-73.813055919718622,40.845740487583029],[-73.81303214849973,40.84579720147935],[-73.812972220570998,40.845931976854274],[-73.812965251530784,40.845947649816509],[-73.812961090219531,40.845957008160248],[-73.812932670793899,40.846017067321405],[-73.8129279178725,40.846027110714985],[-73.812899518586264,40.846087125673677],[-73.812894751008798,40.846097199698903],[-73.812866345222332,40.846157229882955],[-73.812861624899071,40.846167205981821],[-73.812834714828213,40.846224073219169],[-73.812829104354691,40.846235931176416],[-73.812800347731766,40.84629500504964],[-73.812855062637922,40.846310052545149],[-73.812849399585232,40.846318799498462],[-73.812724576767664,40.846286619947278],[-73.812731185099821,40.846276393455533],[-73.812786377264516,40.846288889698883],[-73.8128130245817,40.846232678405777],[-73.81291272696896,40.846022364080824],[-73.812916955766994,40.846013094468553],[-73.812943406821674,40.845955130524217],[-73.812948617604533,40.845943712165699],[-73.812980504899997,40.845873835185735],[-73.812985560735385,40.84586275597772],[-73.813017353396518,40.845793085222766],[-73.813021302913953,40.845784431976803],[-73.813042509863692,40.845733520641737],[-73.813089681752075,40.845620268975686],[-73.81311515692731,40.845559109898112],[-73.81311991809352,40.84554768024875],[-73.813140238550119,40.845496755395956],[-73.813151894499214,40.845467544864505],[-73.813166329734742,40.845431368664023],[-73.813169342306381,40.84542381787783],[-73.813190087908112,40.845371828754089],[-73.813200831604746,40.845344903609345],[-73.81321337704118,40.845313466777796],[-73.813217332246523,40.84530355425607],[-73.813218832720452,40.84530003968765],[-73.813243263510643,40.845235907850174],[-73.813207336255147,40.845240029902712],[-73.81318603214757,40.845218681657826],[-73.813160725376875,40.845200022694108],[-73.813131996919907,40.845184481370033],[-73.813100506304608,40.845172414471349],[-73.813066976469059,40.845164099020494],[-73.813032177165212,40.845159725916957],[-73.812996907287697,40.845159395554944],[-73.812936474213487,40.84514842230589],[-73.812877035975689,40.845134667946041],[-73.812861509588473,40.845174987722665],[-73.812994993925415,40.84521129673864],[-73.813149142697355,40.84519958181],[-73.813155970442551,40.845212100376479],[-73.81299343808746,40.845224771184284],[-73.812855369574962,40.845186285964147],[-73.812831218249613,40.845252970234149],[-73.812750961953782,40.845465089157024],[-73.812693573955031,40.845603247141483],[-73.812636537991139,40.845749012928977],[-73.812608464877485,40.845820758543418],[-73.812589246961849,40.845869871980085],[-73.812585267747124,40.845880039579491],[-73.812515794373894,40.846061710100273],[-73.812488863223209,40.846135122056083],[-73.812469820348099,40.846187031394535],[-73.812466657276673,40.846195654070179],[-73.812446578715992,40.846251522321495],[-73.812365893255333,40.846476027133093],[-73.812340038527154,40.846544520119984],[-73.812414453282756,40.846559380246369],[-73.812409577077133,40.846570543314833],[-73.812277908343219,40.846543458278333],[-73.812281702655255,40.846531223144368],[-73.812329601330063,40.846541511832683],[-73.812392256644571,40.846359429631633],[-73.812401623103099,40.846332206477932],[-73.81240460541035,40.84632354229938],[-73.812427449195653,40.846257153023501],[-73.81244374631008,40.846213127427895],[-73.812451524281443,40.84619211833261],[-73.812455180416336,40.846182240029464],[-73.812465378312538,40.846154693225188],[-73.81247945862836,40.846116656183753],[-73.812497690321678,40.846067405134669],[-73.812501241521588,40.84605780927221],[-73.812519304231145,40.846009016792685],[-73.812522473886915,40.84600032225827],[-73.81254490240876,40.84593881459876],[-73.812548102731398,40.845930038361715],[-73.812567954506747,40.845875594680123],[-73.812570910049473,40.845867488978016],[-73.812589091932907,40.845817625029071],[-73.812593073251094,40.845806709270924],[-73.812615865815374,40.845744198718748],[-73.812620668677894,40.845732881734008],[-73.812647531755545,40.845669587911551],[-73.812652116970455,40.845658784367856],[-73.812677403910371,40.845599205334437],[-73.812681665107164,40.845589165004967],[-73.812703053022858,40.845538768490236],[-73.812707374836549,40.845528586030305],[-73.812730036347133,40.845469692082411],[-73.812733695556759,40.845460181656932],[-73.812759137318466,40.845394059369205],[-73.812762609181505,40.845385035965819],[-73.812787792438883,40.845319584184871],[-73.812791608961973,40.84530966726448],[-73.812814807004585,40.845249377186349],[-73.812818737087412,40.845239161586484],[-73.812841435513945,40.84518017067758],[-73.812606754214784,40.845129560283034],[-73.812613787872934,40.845109507866063],[-73.812848965434085,40.845163028440496],[-73.812857743378146,40.845129545091844],[-73.812786770568749,40.845107764320133],[-73.81271815526199,40.845081992722726],[-73.812652285927143,40.845052376208017],[-73.81264187042467,40.845039728470944],[-73.812634317910693,40.845025957803941],[-73.812629831612327,40.845011434758824],[-73.812628532248254,40.844996550132663],[-73.812544578154714,40.844979598511038],[-73.812440084312101,40.845237074320288],[-73.812548664643586,40.845260690103416],[-73.812538443440729,40.845283730151458],[-73.812455440533753,40.845264327461273],[-73.812188603457727,40.845952102503418],[-73.812174814964195,40.845946041149503],[-73.811955045519667,40.846475824835579],[-73.811961273390196,40.846484425280131],[-73.812033837134749,40.846501697995173],[-73.812021723632597,40.846529427422446],[-73.812035016295141,40.846532605904201],[-73.812026650398593,40.846550981876398],[-73.811915682671156,40.846527388688983],[-73.81188458844791,40.846594967061407],[-73.812302364970648,40.84668940706122],[-73.812436250606751,40.846737712075743],[-73.81242358654498,40.846755367435172],[-73.81230255202037,40.846712792197849],[-73.811877660589147,40.846616556633982],[-73.811841492216743,40.846714127573669],[-73.811699718235175,40.846681701316385],[-73.812233869482952,40.845396783522702],[-73.812241076289212,40.845378899841187],[-73.812318167927359,40.845187306013365],[-73.812319369813949,40.845184316828401],[-73.812329561244383,40.845159027574041],[-73.812342771067875,40.84512618287237],[-73.812432232183738,40.844868282487944],[-73.812433981954896,40.844863207681435],[-73.812447865091499,40.844823267242724],[-73.812515533549501,40.844628200082148],[-73.812517536800087,40.844622412536573],[-73.812527047756106,40.844594926084639],[-73.812601127835208,40.844381398427124],[-73.812603205658434,40.844375445319756],[-73.812621352093799,40.844323132597786],[-73.812648206792701,40.84424569285347],[-73.812661413490531,40.84420764950098],[-73.812773061085878,40.844226517908012],[-73.812783953039926,40.844228348196211],[-73.812783607948973,40.8442294723922],[-73.812783607871651,40.84422949986601],[-73.812713811828374,40.844461863292089],[-73.812712423017189,40.844466536296615],[-73.812715965544996,40.844467109619657],[-73.812723841671215,40.844468412006918],[-73.812723876525666,40.844468412063513],[-73.81272698328192,40.844468938609609],[-73.812728162522134,40.844469124297952],[-73.812776187160381,40.844284683459733],[-73.812776989422616,40.84428235115265],[-73.812777900787893,40.844279581617506],[-73.812778412510639,40.844277331763223],[-73.812778816868416,40.844275136682533],[-73.812780968008781,40.844255431981267],[-73.812821219377867,40.844259616049662],[-73.812799952338764,40.844354876890463],[-73.81276123529959,40.844473303935672],[-73.812768626823114,40.844478585233077],[-73.812776070997728,40.844480051926723],[-73.812805511882019,40.844485863706304],[-73.812805546515889,40.844485863762507],[-73.812991203049478,40.844522507558267],[-73.812983252180686,40.844549827043579],[-73.812971812190639,40.8445474509303],[-73.8127595582514,40.844503340442188],[-73.812761350381194,40.844496606206583],[-73.812761832390038,40.844494803593257],[-73.812744086498952,40.844491913141596],[-73.812714933937499,40.844487199264144],[-73.812712404398425,40.844486782880537],[-73.81270337280489,40.844485312432568],[-73.812702679896503,40.84448750871961],[-73.812697865671097,40.844502898199707],[-73.812648893366699,40.844659467667476],[-73.812897313706912,40.844713231962459],[-73.812910744269686,40.844683736021189],[-73.812902257851178,40.844681444097908],[-73.812911756932948,40.844658047693557],[-73.812962207890919,40.844672539252684],[-73.812972137938445,40.844650185373823],[-73.813113181527299,40.844683954956423],[-73.813092880665948,40.844731048737096],[-73.81304510205851,40.844717549790587],[-73.813036197136555,40.84474328446322],[-73.81307041826868,40.844750690877262],[-73.813064731252638,40.844772889644808],[-73.813117950235664,40.844787603569841],[-73.813093383169658,40.844848276799894],[-73.81265744462624,40.844751449206598],[-73.812680239189632,40.844690115657784],[-73.812679846097197,40.844690031592464],[-73.812640957437026,40.844681662259404],[-73.81254909054671,40.844952274642608],[-73.812633971141054,40.844970866820567],[-73.812640254757014,40.844959177320412],[-73.812649040363794,40.844948458108348],[-73.812660077118863,40.844939015232924],[-73.812673049906564,40.844931118301439],[-73.81268758833528,40.844924992782211],[-73.812703277312522,40.844920813567192],[-73.812719668896392,40.84491869997872],[-73.812853671618626,40.844919905023687],[-73.812987474515253,40.844925589595391],[-73.813120818058692,40.844935742667907],[-73.813253443611984,40.844950344548032],[-73.813351717709878,40.844953370157832],[-73.813449581390572,40.844960825196353],[-73.813546688776924,40.844972683315483],[-73.813547619475997,40.845041869706357],[-73.813590956444244,40.845048229358412],[-73.813632964981991,40.845058516611466],[-73.813655806670155,40.845059121995234],[-73.813678487614439,40.845056980413034],[-73.813700438568119,40.845052145614268],[-73.813721108606046,40.845044738942804],[-73.813739978951958,40.845034946291314],[-73.813756575998809,40.845023013435778],[-73.813770483195484,40.845009239866805],[-73.813781351501305,40.84499397127302],[-73.813788908146208,40.844977590864922],[-73.81383957783315,40.844966312912447],[-73.813891850920726,40.844960655650894],[-73.813943777293744,40.844949241985425],[-73.813993037978037,40.844932335683424],[-73.814038631317928,40.844910280514576],[-73.81407963023139,40.844883524944407],[-73.814115201061341,40.844852613014758],[-73.814144620527202,40.844818173281318],[-73.81416729043147,40.844780906032163],[-73.814182749822919,40.844741569048175],[-73.814115913882901,40.844764124006161],[-73.813862049255391,40.844818382058165],[-73.813866948831915,40.844842331653012],[-73.81374940735256,40.844867067648643],[-73.813739762045174,40.844841306152638],[-73.81369979221634,40.844848456862508],[-73.813691621781217,40.84482910453125],[-73.813895914641463,40.84478890306201],[-73.813893811851486,40.844773144039586],[-73.813951079840052,40.84476019736065],[-73.813961049471544,40.844777055463062],[-73.814037956617454,40.844760858284076],[-73.814186532124452,40.844725415945945],[-73.814183345922856,40.844682199586174],[-73.814170975552997,40.844639947258123],[-73.814149748350161,40.844599776952407],[-73.814120225997442,40.844562751567629],[-73.814083189662341,40.844529850786756],[-73.814039619326309,40.844501945155351],[-73.813990667854142,40.844479773047667],[-73.813937630489619,40.844463921130156],[-73.813881910584328,40.844454808838769],[-73.813833007046284,40.844461301385202],[-73.813815281173035,40.84446338341008],[-73.813729870227775,40.844456182371189],[-73.813661502361597,40.844443534620844],[-73.813599757863372,40.844407711208362],[-73.813566840470244,40.844390901088616],[-73.813549880584105,40.844354081890316],[-73.813546513789944,40.844346769386874],[-73.813505213835882,40.844299931096131],[-73.813465970282294,40.844263188933503],[-73.813439498365028,40.84421116342736],[-73.813427165206562,40.844150586906373],[-73.813419948134154,40.844092855007702],[-73.813399123311441,40.844040544955249],[-73.813377819466155,40.843993056709365],[-73.813364795500902,40.843943872868763],[-73.813360270863612,40.843893822228893],[-73.813364321779474,40.843843748189649],[-73.813376879967763,40.843794494543403],[-73.813397733793664,40.843746891256387],[-73.813426531835802,40.843701740483056],[-73.813462788808934,40.843659803049462],[-73.813470691674198,40.843654920038546],[-73.813479565914079,40.843651119351797],[-73.813489157202426,40.843648509912676],[-73.813499190663464,40.843647166504837],[-73.813509378749274,40.843647127628884],[-73.813558840911313,40.843651920426232],[-73.8136086928276,40.843651115677005],[-73.813657842118644,40.843644731015274],[-73.813705211801746,40.843632906344844],[-73.813761180459565,40.843631764783851],[-73.813816610925926,40.843625774863533],[-73.81387077733838,40.843615015021946],[-73.813922970388134,40.843599626159282],[-73.813972506608835,40.843579809792658],[-73.814023870469057,40.843582574563428],[-73.814075254610728,40.843580036421351],[-73.814125714075118,40.843572242043095],[-73.814174320909075,40.843559334767846],[-73.814220181230695,40.843541551961351],[-73.814291303784202,40.843509984557897],[-73.814366523370381,40.84348447535961],[-73.8144449485536,40.843465326677475],[-73.814525649911246,40.843452765443445],[-73.814607671047668,40.843446940521176],[-73.814690039927711,40.843447920941998],[-73.814771780395418,40.843455695086917],[-73.814851923741557,40.84347017082429],[-73.814929520183028,40.843491176601546],[-73.814999550399236,40.84350445213947],[-73.815107261590086,40.843700950911916],[-73.815200011127772,40.84404835283005],[-73.815206115132554,40.844063750735927],[-73.815215408781626,40.844078199675543],[-73.815227648836725,40.844091321480576],[-73.815242514943506,40.844102772717221],[-73.815259618016057,40.844112253674922],[-73.815350270098079,40.844152215626188],[-73.815438021535513,40.844195751795546],[-73.815522628199801,40.844242741066203],[-73.815537233332975,40.844250509826388],[-73.815550022346159,40.8442599461981],[-73.815560668621373,40.844270809186909],[-73.815568900263315,40.844282821363997],[-73.815574507043465,40.844295675951429],[-73.815577345769114,40.844309044656818],[-73.815577343940532,40.844322586057565],[-73.815575500684346,40.844338331044774],[-73.815577234557992,40.844354083196059],[-73.815582494356235,40.844369377292047],[-73.81559112474001,40.844383761641211],[-73.815602870823909,40.844396811419855],[-73.815617385703561,40.844408141218992],[-73.815634240701101,40.844417416426857],[-73.815652938025423,40.844424363111429],[-73.815672925473976,40.844428776110732],[-73.81569361274147,40.844430525092072],[-73.815714388854076,40.844429558401373],[-73.816164178149606,40.844426323727141],[-73.816225710083017,40.844418819080488],[-73.816285377524878,40.844405157515524],[-73.816292577750914,40.84440408033737],[-73.816299426442313,40.844402078229216],[-73.816305719237306,40.844399210933041],[-73.816311268361915,40.844395564007634],[-73.816315908232994,40.844391246275507],[-73.816319500399146,40.844386386575778],[-73.816321937672129,40.844381129919547],[-73.816323147325164,40.844375633162848],[-73.816323093263122,40.844370060326241],[-73.816321777099489,40.844364577700304],[-73.816319238108235,40.84435934888387],[-73.816315552051819,40.844354529902112],[-73.816299022938821,40.844346092387724],[-73.816284336375602,40.844335876651805],[-73.816270958268476,40.844323152491043],[-73.816260443520932,40.844308962409073],[-73.816253064883995,40.844293674497145],[-73.816249013757485,40.844277685323974],[-73.816248395225173,40.844261409648738],[-73.816251225329296,40.84424526966216],[-73.816253425399864,40.844214717289574],[-73.816262148056211,40.844184844881987],[-73.816277160394804,40.84415645003282],[-73.816298061578948,40.844130290883648],[-73.81632429354184,40.84410706588212],[-73.816355155887308,40.844087395133663],[-73.816389824590715,40.844071803844948],[-73.816412532456184,40.844067206585983],[-73.816435837501842,40.844064906999066],[-73.81645933839971,40.844064944684554],[-73.816482630449201,40.844067318993453],[-73.816496273310165,40.844072215360448],[-73.816508676554008,40.844078741811508],[-73.816519505494583,40.844086722238664],[-73.81652846792602,40.844095941300189],[-73.816535322007496,40.844106150231219],[-73.816539882789172,40.844117073556461],[-73.816540334269433,40.844119583186199],[-73.81654132767865,40.844122001174497],[-73.816542835491589,40.844124260524005],[-73.816544815929959,40.844126298632823],[-73.816547214119979,40.844128059029231],[-73.816549963612843,40.844129492936304],[-73.816552988225837,40.844130560623483],[-73.816556204153258,40.844131232507372],[-73.816559279470482,40.844131485395216],[-73.816562369396209,40.844131375798106],[-73.81656540028591,40.844130906328111],[-73.816568299902102,40.844130088174467],[-73.816570999136047,40.844128940836882],[-73.816573433654881,40.844127491660714],[-73.816575545434887,40.844125775185226],[-73.816577284144444,40.844123832320527],[-73.816578922826537,40.844117815833421],[-73.816581695733262,40.844112044139457],[-73.816585572347634,40.84410660489899],[-73.816590455243912,40.844101654952837],[-73.816596239317121,40.844097300849114],[-73.816602800064402,40.844093636310234],[-73.816609996264972,40.844090740215755],[-73.816631188692654,40.844106977918628],[-73.816655613552612,40.844120343004917],[-73.816682603638711,40.844130470383881],[-73.81671142167005,40.844137083408292],[-73.816741280431302,40.844140001431633],[-73.816771364277244,40.844139144742904],[-73.81680085141393,40.844134536744079],[-73.816828936347903,40.844126303310865],[-73.816847197887569,40.844112293584963],[-73.816868269877929,40.844100781818639],[-73.816891566946722,40.844092087803922],[-73.816916441910806,40.844086453056725],[-73.816942203754436,40.844084034107851],[-73.816968136825125,40.844084898154613],[-73.816993520713879,40.844089021194158],[-73.817017650267445,40.844096288690324],[-73.817039855176944,40.844106498755224],[-73.817059518598541,40.844119367757663],[-73.817076094288907,40.844134538202063],[-73.81708912177973,40.844151588659493],[-73.817098239169411,40.844170045474726],[-73.817095077379761,40.844187660324351],[-73.817088352832755,40.844204688829841],[-73.817078228592635,40.844220718058523],[-73.817074890499782,40.844225515548821],[-73.817072639911956,40.844230665397191],[-73.817071538456545,40.844236026586955],[-73.817071616294641,40.844241452314279],[-73.81707287129511,40.8442467940081],[-73.817075269092911,40.844251905398359],[-73.817078744030113,40.844256646521309],[-73.817083200953675,40.844260887552124],[-73.817088517821063,40.844264512359821],[-73.817094549042025,40.844267421687228],[-73.817101129465357,40.84426953586906],[-73.817108078901072,40.844270797013188],[-73.817115207054584,40.84427117058604],[-73.817150211535974,40.844279456114258],[-73.817186366182654,40.844284087557128],[-73.817223012745288,40.844284980592228],[-73.817318417594393,40.844306740383182],[-73.817411192538756,40.844334288483594],[-73.817500729745774,40.844367444407901],[-73.81783277820648,40.844370746825511],[-73.818237227462021,40.844355041712824],[-73.818240658892165,40.844342127989918],[-73.818241244529389,40.844328961482844],[-73.818238968400067,40.84431590135425],[-73.818233892595245,40.844303303864812],[-73.818226155576681,40.844291512654891],[-73.818215968399699,40.84428084937057],[-73.818205663259789,40.84427409554992],[-73.818196961598545,40.844266146325772],[-73.818190100528042,40.844257218307575],[-73.818185267005646,40.844247554775961],[-73.818182592739632,40.844237419053549],[-73.81818215060035,40.844227087329621],[-73.818183952634612,40.844216841134191],[-73.818187949737691,40.844206959666558],[-73.818194032991329,40.844197712187437],[-73.818199851311704,40.844176692867656],[-73.818201272125506,40.844155241280269],[-73.818198260514819,40.844133884683494],[-73.818190890506102,40.84411314800019],[-73.818168878438684,40.844111065130868],[-73.818146706351698,40.844111575875672],[-73.81812490099496,40.84411466810068],[-73.818103980405866,40.844120268342834],[-73.818084441602366,40.844128243555268],[-73.818066748775308,40.844138404268001],[-73.818051322260516,40.844150509089275],[-73.818016956049931,40.844188497232203],[-73.817975292277566,40.844222010313736],[-73.817927326100687,40.844250247851221],[-73.8178629648026,40.844263066193761],[-73.817805642954212,40.844269424117648],[-73.817747762308656,40.844271240286055],[-73.817689945167615,40.844268495172543],[-73.817632813150041,40.844261218291116],[-73.81759643822032,40.844254115428768],[-73.817560773827964,40.844245172844417],[-73.817513316352233,40.844226616881549],[-73.817469079854263,40.84420393102134],[-73.817428684576257,40.844177433345159],[-73.817392696900271,40.844147495379993],[-73.817362327617658,40.844115384906686],[-73.817337035767167,40.844080829628595],[-73.817317158646048,40.844044290393008],[-73.817280294971425,40.843997856105503],[-73.817236735368695,40.843954895874518],[-73.817187041797524,40.843915963915165],[-73.817168784016516,40.843911397938662],[-73.81714976954342,40.843909257163581],[-73.817130552667948,40.843909603995563],[-73.817111693579974,40.843912428324053],[-73.816690681659537,40.843974965825446],[-73.816678776970306,40.843971020981577],[-73.816656001909578,40.843963475688213],[-73.816626773250945,40.843944898560423],[-73.816607329318856,40.843917073575803],[-73.816612347930246,40.843867051017995],[-73.816612361420169,40.843862157663715],[-73.81661244498649,40.843831844665537],[-73.816576684361436,40.843810768235478],[-73.816558851626624,40.84380025890605],[-73.816515033682592,40.843763129555406],[-73.816488300944002,40.843724174220121],[-73.816444519542102,40.843674073852249],[-73.816437307343037,40.843635150571281],[-73.816422779161911,40.843594361323255],[-73.81639116165077,40.843557251340343],[-73.816366869504577,40.843518300865284],[-73.816358094452937,40.84349591691268],[-73.816352331820255,40.843481218563447],[-73.81635489948367,40.843434897406517],[-73.816362357141202,40.843384878068264],[-73.816350305299991,40.843331122875512],[-73.816309009856184,40.843264350735389],[-73.816272604710491,40.843193878225101],[-73.816231304311984,40.843128958695488],[-73.816202178529139,40.843073322628321],[-73.81615112347616,40.843006534206417],[-73.816104845594083,40.842976812705487],[-73.816026838235828,40.842950746214328],[-73.815968375719606,40.842915447111672],[-73.815938777539657,40.842891933120328],[-73.815909945358229,40.842869029126064],[-73.815875898320101,40.842828209319897],[-73.81586704543956,40.842788609261284],[-73.815723001321416,40.842536565484522],[-73.815171136648729,40.842577161624028],[-73.815169368177706,40.842554923827912],[-73.815702078464128,40.842519721689783],[-73.815617980909593,40.842458359265677],[-73.815506983449083,40.842420608318243],[-73.815442435335726,40.842410827193511],[-73.81541503896554,40.842391327281021],[-73.815405992748424,40.842353790267715],[-73.815407900114522,40.842325999239364],[-73.815433616586418,40.842291296743333],[-73.815468470240262,40.842260778030358],[-73.815469680082415,40.842259542633307],[-73.815505174254099,40.84222331387172],[-73.815523549751376,40.842195548510347],[-73.815547439729045,40.842159453120161],[-73.815564060365617,40.842105280476055],[-73.815564195218514,40.842056640420132],[-73.815558794019253,40.842024667525358],[-73.815575406246808,40.841973273921433],[-73.815592068309314,40.841903813763174],[-73.815584920970167,40.841841265105202],[-73.815568698585835,40.841752295621717],[-73.815525068145121,40.841647996402919],[-73.815472173966398,40.841585372383527],[-73.815426494449824,40.841560284101227],[-73.815375357365426,40.841524070168482],[-73.815329696999001,40.841492032142341],[-73.81530238614387,40.841441958859434],[-73.815291538238597,40.841394690153123],[-73.815289858731475,40.841340487564587],[-73.815280836542584,40.84129461222981],[-73.815262633976772,40.841259839423188],[-73.815232112326626,40.841233773376757],[-73.814797482804423,40.841384170645696],[-73.814802933885574,40.841398075352039],[-73.814762631632391,40.841413297709352],[-73.814733458175397,40.841375728311021],[-73.815220261793243,40.841202676499854],[-73.815217139390228,40.841168043769358],[-73.81522089631207,40.841133306635314],[-73.815233786405926,40.841104142747817],[-73.815246712548131,40.841062471233954],[-73.815234048873833,40.841009640994109],[-73.815221355663013,40.840967928440563],[-73.815205036802368,40.840913703398854],[-73.815183198025395,40.840870585737747],[-73.815148580302179,40.840816332035033],[-73.815128547298571,40.840781555265444],[-73.815108526340495,40.840742610679719],[-73.815099986627885,40.840724329829122],[-73.815090335160122,40.840703669693688],[-73.81507398877261,40.840659170867632],[-73.815066781567538,40.840618857037107],[-73.815066384295051,40.84059068638684],[-73.815053991094416,40.840538085896732],[-73.814978905519169,40.840551141246301],[-73.814980257705741,40.840558439927158],[-73.814915729957804,40.840566673740021],[-73.814911632597074,40.840559371155862],[-73.814904770861133,40.840559360144773],[-73.814900699382392,40.840542676755199],[-73.814908943179162,40.840539562644608],[-73.814907587876917,40.840533307465471],[-73.814970752253913,40.840521944130337],[-73.81497347937902,40.840528201509343],[-73.815049126282062,40.840517619551463],[-73.815005697655863,40.840293734866037],[-73.814973362132804,40.840076884698007],[-73.814806466962878,40.83980436638403],[-73.814365965023512,40.839865364267709],[-73.814361885880871,40.839851807179528],[-73.814796978807465,40.839787957407069],[-73.81478892933626,40.839773278918244],[-73.814779351554392,40.839762840187745],[-73.814767019700994,40.839755524373729],[-73.814758787822825,40.839754469823518],[-73.814745063193513,40.839754447780578],[-73.814732696736755,40.839759638587687],[-73.814720336743861,40.839762745403839],[-73.814709358141968,40.839762727767742],[-73.814698389607287,40.83975854147667],[-73.814695674155729,40.839748113763648],[-73.814699838436127,40.839731443595561],[-73.814705376756692,40.839713733132093],[-73.814719141796132,40.839699163391529],[-73.814730184465716,40.839676251098531],[-73.81473026574136,40.839647066684947],[-73.814727617051986,40.839612666210705],[-73.814723196843417,40.839588887102792],[-73.814475055229451,40.839625809762509],[-73.814470951941246,40.839620591654494],[-73.814384448885832,40.839635044333193],[-73.81438717009938,40.839643387727982],[-73.814315788000854,40.839649526509604],[-73.814309001335488,40.839622416882001],[-73.814384509954778,40.839613156567474],[-73.814387228257871,40.839622542795276],[-73.814470975194141,40.839612253681359],[-73.814469620616507,40.839605997492015],[-73.814719990838498,40.839571878589624],[-73.814696501574971,40.839451058977893],[-73.814782777401362,40.839076488460357],[-73.815504810273438,40.838803124199892],[-73.81551354339642,40.838768871608615],[-73.815535924778928,40.838737602671983],[-73.81555950096255,40.838727677714594],[-73.815582557261735,40.838729837280219],[-73.815583759555039,40.838729948428309],[-73.815592300915611,40.838738836843667],[-73.815624589118087,40.838740848829808],[-73.815648507716077,40.838737021945306],[-73.815694122083045,40.838689730407893],[-73.815756309336308,40.838651067691693],[-73.815819690102884,40.838633747078234],[-73.815875895265691,40.838631931563981],[-73.815919032764185,40.838612211462348],[-73.815953286612853,40.838577504866407],[-73.816022819153133,40.838526386747454],[-73.81610670303165,40.838444258122912],[-73.816167351666152,40.838378154453345],[-73.816218947173354,40.838294014078272],[-73.816283781131943,40.838230829087351],[-73.816311288663258,40.838147466978633],[-73.816340674857273,40.838072708208969],[-73.816341472514182,40.838031701240581],[-73.816308809268108,40.838000190365534],[-73.816287212935421,40.837967214017759],[-73.816287303900722,40.837934272546711],[-73.816309073040017,40.837904658792816],[-73.816322250260157,40.837894692825593],[-73.816352536743736,40.83787178655755],[-73.816409068709874,40.837819169099554],[-73.816452579294435,40.837769825924987],[-73.816478784778738,40.837703983888602],[-73.816478902911498,40.837661159371045],[-73.816448696323121,40.837605110319032],[-73.816440331229032,40.837493095035839],[-73.816427655398059,40.837371189129989],[-73.81642365412182,40.837249298702623],[-73.816415251431877,40.837150459630429],[-73.816398183811899,40.837048312567163],[-73.816389800691425,40.836942885129481],[-73.816364076449702,40.836834135382119],[-73.81634259824358,40.83675833535105],[-73.816299398822338,40.836695676163643],[-73.816234475124503,40.836646161141509],[-73.816195494448735,40.836626332679003],[-73.81616090419044,40.836586747031347],[-73.816169661416765,40.836557114231816],[-73.816200140537021,40.836514338093394],[-73.81620466896716,40.836445167027847],[-73.816183265205495,40.836343013009667],[-73.816140237185451,40.836217765478246],[-73.8160928011728,40.836118864635864],[-73.81606068234538,40.836030196959641],[-73.816409545959587,40.835929380556095],[-73.817204345055671,40.835740581733923],[-73.818045834105945,40.835542362700167],[-73.818900040684582,40.835343436138828],[-73.819775779345221,40.835132840024549],[-73.820626995888517,40.834922514741734],[-73.821509307550471,40.834733573724606],[-73.822231299381556,40.834556012680288],[-73.82237153011711,40.834524967546663],[-73.822580514607182,40.834478702577385],[-73.822659286067704,40.8344698715674],[-73.82309210425781,40.834421379476026],[-73.823194853179317,40.834401788275102],[-73.823274989422472,40.834388187511699],[-73.823683366446744,40.83431888977902],[-73.823793831023195,40.834300146958469],[-73.824633463363355,40.833855808717615],[-73.824891039957194,40.834227752430849],[-73.825158837807265,40.83461447159582],[-73.825289057689375,40.834505988241403],[-73.825424342984903,40.834401141802736],[-73.825564517719187,40.834300068642619],[-73.825709399839866,40.834202900336379],[-73.82585880061113,40.834109763146607],[-73.826012525707355,40.834020778205478],[-73.82606785421379,40.834116630908483],[-73.82616017931386,40.834266511974846],[-73.826220877165156,40.834354708292111],[-73.826041184479919,40.834509295447099],[-73.825877755826312,40.834674047450818],[-73.825731433200147,40.834848189001598],[-73.825603502954763,40.835030147716154],[-73.82549496419648,40.835218223790712],[-73.825446073306466,40.835361130371112],[-73.825415688325805,40.835508854961375],[-73.825404825151082,40.835659274739228],[-73.825413973283986,40.835810148642061],[-73.825442962674956,40.83595917077222],[-73.82549108719202,40.836104152515567],[-73.82555705933332,40.836243044923037],[-73.825653891284148,40.836442048224967],[-73.825735250719106,40.836645394913454],[-73.825800667826897,40.836852022040652],[-73.825849858944579,40.83706086710221],[-73.825886637234149,40.838121489439196],[-73.8259079841268,40.838744817894572],[-73.825962266515575,40.839976417593981],[-73.825965503468467,40.840326137999888],[-73.825986868291025,40.840675752385785],[-73.826026342175808,40.841024464136034],[-73.826083820332755,40.841371457399269],[-73.826241328436794,40.842993594143579],[-73.825807054216313,40.842880693545489],[-73.825678036189302,40.842847153153244],[-73.825581554490313,40.842818659897915],[-73.825179989385902,40.84270005947733],[-73.825138361648811,40.843343597546756],[-73.825079499820148,40.844304002892493],[-73.8250848915321,40.84469769885736],[-73.824956975749032,40.846105444800848],[-73.824437604182549,40.846377875076357],[-73.823959553991571,40.846641242054261],[-73.823012969235066,40.847161738855654],[-73.822038267601584,40.847690369205239],[-73.821103556336482,40.848198981282046],[-73.820484054628409,40.848501026130521],[-73.820140436144655,40.848020598550825],[-73.819150091454517,40.848170179987449],[-73.818202267640189,40.848311032480474],[-73.817263225285387,40.848426567356157],[-73.816301191520495,40.848572172906259],[-73.815141919185223,40.849080613237774],[-73.815240866863817,40.849003964418891],[-73.815285506084862,40.848963217547393],[-73.81534394312402,40.848853320138026],[-73.815356314170458,40.848779831646645],[-73.815357518950336,40.848772674778253],[-73.815318327633548,40.848704119578557],[-73.815317321880499,40.8486523844239],[-73.815323440025736,40.848577571195399],[-73.815450900970234,40.848512897376708],[-73.815517355039432,40.848425909021394],[-73.815530036007814,40.8482992764011],[-73.815633781106897,40.848183122394374]]]]}},
{"type":"Feature","properties":{"ntaabbrev":"PlhmBy","Name":"Pelham Bay"},"geometry":{"type":"MultiPolygon","coordinates":[[[[-73.835829113412927,40.843471294693344],[-73.836826397649631,40.843462446766083],[-73.836533125875221,40.844620695231832],[-73.83619907028681,40.845827395718331],[-73.836153628258316,40.846131176232731],[-73.8360693430282,40.847164850094458],[-73.835933621092536,40.848406356133509],[-73.8358003129255,40.849676817145465],[-73.835559001323645,40.851964014450914],[-73.835456714858068,40.852261193482278],[-73.835335890121328,40.852554698792048],[-73.835196918106206,40.852843531770333],[-73.8350402872384,40.853126736825942],[-73.834801322898528,40.853498327030429],[-73.83473123424109,40.853660187326156],[-73.834639701496869,40.853817994262791],[-73.834527418707083,40.853969323545776],[-73.834395741539737,40.854111870930943],[-73.834246564601088,40.854243552568079],[-73.834082319558803,40.854362640865737],[-73.833905739467298,40.854467780911108],[-73.833500177697459,40.854679684937544],[-73.832959283192324,40.85492410735084],[-73.832624646541547,40.855056967450693],[-73.832281487976445,40.855177449608284],[-73.831931020032229,40.855285116267737],[-73.83157448885558,40.855379597614807],[-73.831291576391934,40.855434105853639],[-73.830566492279942,40.855512447598876],[-73.829566404392295,40.855620816553625],[-73.82908318573368,40.855676014699526],[-73.828601970107499,40.855717848095146],[-73.828014158726234,40.854722486966551],[-73.827230260601695,40.853350756948046],[-73.827204002439117,40.853289984425956],[-73.827378356780045,40.852817959668201],[-73.827131332370783,40.851871081525822],[-73.82718423670525,40.851711206295242],[-73.827424455191903,40.850993647306424],[-73.827658236178877,40.850274034831003],[-73.827766827040435,40.850008974054987],[-73.827855353374687,40.849738686471156],[-73.827923217220487,40.84946448863969],[-73.827970022759757,40.849187768108074],[-73.827995597206197,40.84890992195951],[-73.827999944482514,40.84863235104752],[-73.827677295868824,40.848130680979409],[-73.82688310935427,40.846903514677273],[-73.826723025582353,40.84669743908745],[-73.826578401137382,40.846483723297055],[-73.826450148526192,40.846263395825297],[-73.826348363785726,40.846056570268786],[-73.82633899872657,40.846037547402084],[-73.826245529408354,40.845807338882032],[-73.826170139160809,40.845573988472239],[-73.826113041321122,40.845338856321241],[-73.82611300556735,40.84533869376915],[-73.826747149918972,40.84507891844649],[-73.827575358929948,40.844731874678352],[-73.828452741020399,40.844450717410091],[-73.828709709679131,40.844373872430936],[-73.829315482660135,40.844192726831281],[-73.829655499398868,40.844089123052889],[-73.830431862698532,40.843857983628943],[-73.831083770440358,40.843744568517124],[-73.832007956019439,40.843630394356751],[-73.832940764254687,40.843519160469555],[-73.833832043954217,40.843516413728686],[-73.834748133353045,40.843502808434351],[-73.835829113412927,40.843471294693344]]]]}},
{"type":"Feature","properties":{"ntaabbrev":"CtyIsl","Name":"City Island"},"geometry":{"type":"MultiPolygon","coordinates":[[[[-73.789222029618813,40.858742515531503],[-73.789185975990677,40.858731728814412],[-73.789153008181529,40.858737624037076],[-73.789157790512718,40.858713807727284],[-73.789098317821015,40.858666047588649],[-73.789065368924923,40.858665987354172],[-73.789059186919232,40.858636194362518],[-73.789059266263308,40.858611178029285],[-73.789042067012531,40.858592086240783],[-73.789027995105883,40.858576573280857],[-73.789028074463218,40.858551556444802],[-73.788982708788211,40.858508587418498],[-73.788943566468191,40.858482308248938],[-73.788918598338981,40.858439376508635],[-73.78887939514243,40.858432156542555],[-73.788808766559754,40.858439175514739],[-73.788766519965876,40.858402167578632],[-73.78875415315558,40.858343772647729],[-73.788772071661384,40.85831413298888],[-73.78878549765227,40.858022409362519],[-73.788798621026089,40.857885072832666],[-73.78880761950083,40.857818377513851],[-73.788805399781609,40.857726882389954],[-73.788786814323203,40.857650606988003],[-73.78881820583797,40.857646852617862],[-73.788814625186163,40.857588711483771],[-73.788798310909058,40.857587728074947],[-73.78876616510145,40.8574332793713],[-73.788784028547397,40.857420689834136],[-73.788264980506938,40.857507000860835],[-73.788261953109611,40.857498880958666],[-73.788176409984203,40.857512635102587],[-73.78818245087605,40.857533511439613],[-73.788043429758005,40.857559917687304],[-73.788028307016702,40.857514681786448],[-73.788165800329907,40.857488272249199],[-73.788171862485299,40.857502193543858],[-73.788255871818947,40.857490756289224],[-73.78825436690596,40.857483798445159],[-73.788778985440217,40.857400925199833],[-73.788763890740398,40.857321218761193],[-73.788750470582059,40.857273795698553],[-73.788731647778988,40.857218119401026],[-73.788720934767696,40.857172762168119],[-73.788704858842834,40.857106786678713],[-73.78871047688186,40.857047032711222],[-73.788718796781438,40.856991406114716],[-73.788751485151806,40.85695437219875],[-73.788762472607232,40.856913176118532],[-73.788774633623206,40.856889838204928],[-73.788792512506674,40.856855526896744],[-73.788806266788953,40.856797849531276],[-73.788795560336752,40.856750432107034],[-73.788779405903213,40.856709186333212],[-73.788806672507505,40.856670080256642],[-73.788839334060768,40.856641288767932],[-73.788869262554385,40.856618674396849],[-73.788888307707538,40.856604283611652],[-73.788896549571902,40.856573386709975],[-73.788883122269468,40.85652802351526],[-73.788856162376007,40.856470271463117],[-73.788818379667077,40.856402195543296],[-73.788782472715056,40.856362941986731],[-73.788770030641686,40.856349340570191],[-73.78875894260247,40.856315532906812],[-73.788731833006054,40.856305178545696],[-73.788725194156555,40.85630485127615],[-73.788688412890792,40.85630303881878],[-73.788653128399091,40.856302974186519],[-73.788623337511453,40.856282312344923],[-73.788604448935502,40.856247243159764],[-73.788596431894533,40.856208072473372],[-73.788582123736035,40.856162888216716],[-73.788536877354844,40.856158503785579],[-73.788509925126405,40.85609869095228],[-73.788520860830758,40.856073981309365],[-73.788467101599267,40.855909017262263],[-73.788474022231071,40.855873247713475],[-73.788437671484658,40.855775010627077],[-73.788407808124262,40.85577701657013],[-73.788359432222052,40.855626489651009],[-73.788425515772389,40.855329852882058],[-73.788415111842909,40.855187637104635],[-73.788532500033114,40.855154676929558],[-73.788553657249707,40.85514873561187],[-73.78853679526938,40.855101890854975],[-73.788496961866201,40.85505383533831],[-73.788448087470144,40.855059926852192],[-73.788431874663615,40.855037228640363],[-73.78839114316493,40.855043336570425],[-73.788358553673973,40.855049459087816],[-73.788339613781631,40.855030877112739],[-73.788331596381369,40.854991706398351],[-73.788320942805456,40.854927803162248],[-73.788312931990447,40.8548865707426],[-73.788307634956325,40.854845344809455],[-73.788294136466661,40.854822651390272],[-73.788294195503397,40.854804103934292],[-73.788321388802103,40.854787667480629],[-73.788354017514536,40.854769180114396],[-73.788397515953918,40.854746590920783],[-73.788424722535083,40.854726032879121],[-73.788427600412135,40.854674517721087],[-73.78841692123828,40.854618856279266],[-73.788417065463378,40.854573518907877],[-73.788427286848972,40.854554678159026],[-73.788441637308125,40.854528225160998],[-73.788458059734225,40.854484978348715],[-73.788482603756279,40.854447928722919],[-73.788482669292407,40.854427320902374],[-73.788477326533624,40.854400520532359],[-73.788431369802495,40.854342733692846],[-73.788409768566012,40.85430765948793],[-73.788396328937765,40.854266418620355],[-73.788347006834712,40.854153519452538],[-73.787868494746576,40.854273241471034],[-73.787871511515931,40.854284840168418],[-73.787651490769434,40.854340077260773],[-73.787646935947919,40.854331953856004],[-73.787556768788718,40.854360768131222],[-73.78756282815057,40.854375849396],[-73.787362690749106,40.854419530571761],[-73.787347531465855,40.854385884957097],[-73.787549191394945,40.854343365876097],[-73.787553749689081,40.854350329523776],[-73.787643908770548,40.85432383393308],[-73.787639351792038,40.854316870458895],[-73.788345147840971,40.854132012350298],[-73.788323994499152,40.854102515649821],[-73.788272212240884,40.85411296306853],[-73.78819872490017,40.854127789058296],[-73.788168136921826,40.854085778903702],[-73.787778738318266,40.854173384817329],[-73.787690142815606,40.854188291245691],[-73.787658075006632,40.854190551091293],[-73.787627570970784,40.854181220991151],[-73.787563450165862,40.854181102936636],[-73.78743057248596,40.854198246480522],[-73.787314500662433,40.854211942725833],[-73.787265558346633,40.854207628374262],[-73.787224485783071,40.854193230181025],[-73.787197060185605,40.85417579079089],[-73.787172718894581,40.854149084305718],[-73.787145398520082,40.854099188864957],[-73.787125459014845,40.854044378653349],[-73.786913390697379,40.85408369046224],[-73.786907347026968,40.85406397229935],[-73.787132872358598,40.854024271381064],[-73.787154588959595,40.853979690138893],[-73.787208456069564,40.853954403283531],[-73.78729251210585,40.853926737779368],[-73.787323506651362,40.853917164814689],[-73.78741935244048,40.853887558075193],[-73.787624115694996,40.853828815375088],[-73.78781206717187,40.853775837380958],[-73.787877784577248,40.853753933708759],[-73.787928217073144,40.853737797389321],[-73.78796799947294,40.853710050668354],[-73.787994029808047,40.853685754614311],[-73.788005081086013,40.853664868451396],[-73.788011044391496,40.853616232834668],[-73.788014249581906,40.853568711208418],[-73.788000649496666,40.853524636328203],[-73.787962642879123,40.853474721438289],[-73.787605023190224,40.853114708535067],[-73.78716496421869,40.852757412282045],[-73.787126720309033,40.852779974025353],[-73.787122158233672,40.852774170454367],[-73.787076276551034,40.852799587435591],[-73.787061065822485,40.852782171724343],[-73.787109990045806,40.852760236818902],[-73.787103905621763,40.852753270335086],[-73.787136670278713,40.852733875746885],[-73.786938057356636,40.852579083431628],[-73.786916722141612,40.852567452044859],[-73.786884703375691,40.852554640983278],[-73.786849589872645,40.852554576111579],[-73.786782325580873,40.85255570723578],[-73.786759592231093,40.852531226835524],[-73.786765747208989,40.852516168100266],[-73.786776489338223,40.852498799145152],[-73.786776537646801,40.852483729624851],[-73.786768997170796,40.85245473539856],[-73.786593901634532,40.852308351418145],[-73.786417335106066,40.852144576972407],[-73.786376220319369,40.852112042423258],[-73.78632442275908,40.852078329310324],[-73.786247620931945,40.852022815195234],[-73.785881865066528,40.851788672441039],[-73.785664041224052,40.851795995821085],[-73.785452771741788,40.851664225836636],[-73.785401944323226,40.851645584727173],[-73.785292106528402,40.85162064997246],[-73.785218813682093,40.851625150433158],[-73.785100664611278,40.851652751934587],[-73.785035429059931,40.851683542406548],[-73.78495591460505,40.851723581186185],[-73.784898885067719,40.851734292888018],[-73.784807227951859,40.851752669023938],[-73.7846830719525,40.851749347382601],[-73.784334742085619,40.851776157572559],[-73.784274573300578,40.85179199351667],[-73.784277984678809,40.85179917343676],[-73.784131891679849,40.851832806157404],[-73.784123381604175,40.851808663775778],[-73.784264328584172,40.851773717604033],[-73.784266884650847,40.851779590578772],[-73.784314151660126,40.851767545707069],[-73.784026370803389,40.851609932365569],[-73.783979328986035,40.851532617440618],[-73.783871153581472,40.851558961670221],[-73.783860933558273,40.851532860222612],[-73.783971734517522,40.85150768135734],[-73.783961124884726,40.851486933420588],[-73.783813063527631,40.851518883797596],[-73.78357767103401,40.851569677444949],[-73.783562420010597,40.851565012440837],[-73.783542672715669,40.851537970703092],[-73.783479567671051,40.851560183384734],[-73.783475284773758,40.851556915163357],[-73.783410017722858,40.851579018208959],[-73.783381586103943,40.85158673391453],[-73.783376465788493,40.851576943248787],[-73.783413390430638,40.851563419688766],[-73.783534169167623,40.851520780530905],[-73.783444959361105,40.851400909224587],[-73.783496098899803,40.851368779975942],[-73.783602105417614,40.851319519280281],[-73.783795012099304,40.851253935857713],[-73.783987919949823,40.851188350607011],[-73.784142750918946,40.851147424176439],[-73.784351887060865,40.851098355045536],[-73.784479531998542,40.851071802992571],[-73.784600776976077,40.851095692195372],[-73.784519363000925,40.850892735021532],[-73.784447505294935,40.850904817459565],[-73.784434075489358,40.850861515406592],[-73.784504949904445,40.85085350096638],[-73.784488079357587,40.850815826824238],[-73.784474418538935,40.850791457898232],[-73.784454632883907,40.850772874357226],[-73.784421080377385,40.850762378605914],[-73.784392076090256,40.850762324400783],[-73.784345751076586,40.850770050791475],[-73.784337087943001,40.85077149490246],[-73.784312653528715,40.85077376791925],[-73.784269936306188,40.85076557402224],[-73.78422574727891,40.850739988204872],[-73.784163294991544,40.850696980725189],[-73.784119136148391,40.850662121468091],[-73.784079752146198,40.850630614908717],[-73.784041336630139,40.850644589211797],[-73.78404741169102,40.850653873871799],[-73.784021426272503,40.850664257442638],[-73.784016872363395,40.850656134894898],[-73.783851819118752,40.850711467658769],[-73.783841193079951,40.850692899498476],[-73.783954286291404,40.850654857765619],[-73.783958838865814,40.850662981318472],[-73.784010796647976,40.850646849226919],[-73.784003197797517,40.85063640227871],[-73.784030707005172,40.850627180495287],[-73.784035259590283,40.850635303040036],[-73.784065808373342,40.850625233236585],[-73.784017105738158,40.850584263375104],[-73.784008790496316,40.850525932556231],[-73.784003623161382,40.850505412757819],[-73.784012880418416,40.850475289853222],[-73.784014213015752,40.850473912956097],[-73.784041983975499,40.850445205777675],[-73.784126134272356,40.850387402173318],[-73.78420112638193,40.850329581878363],[-73.784239430513409,40.850286762873097],[-73.784257858262009,40.850253180642497],[-73.784253383754958,40.850220713839661],[-73.784212470525745,40.85012674181835],[-73.784204942716329,40.850094269971493],[-73.784200471343866,40.850060644240777],[-73.784153339008043,40.850001437194152],[-73.784097018012318,40.849951485046475],[-73.784073783458282,40.849902425389629],[-73.783578252602268,40.849266387304951],[-73.783534978087417,40.849220967420457],[-73.783499777845037,40.849196172478308],[-73.783453680775906,40.849183721010455],[-73.783393955832025,40.849189790013376],[-73.783336930549325,40.849199987658679],[-73.783290746225916,40.849214326564365],[-73.783236441391637,40.849222467552927],[-73.783223573006595,40.849222443371843],[-73.783179448984399,40.849222360447094],[-73.783146916273736,40.849211995565781],[-73.783117158033207,40.849183088808886],[-73.783035355380704,40.849071907625465],[-73.78244952709214,40.84934115401586],[-73.782218064081206,40.84916680459505],[-73.782094563043387,40.849247300512438],[-73.782070206617419,40.849226388216692],[-73.782193286278897,40.84914279099555],[-73.78215814152054,40.849116173924045],[-73.782033674588405,40.849193861758614],[-73.782019955327215,40.849188039002989],[-73.781963380046932,40.849215754133247],[-73.781974024991186,40.849228524670785],[-73.781792062366733,40.84931975894569],[-73.781782937372355,40.849309307955913],[-73.781743177841889,40.849330098687865],[-73.781755355691544,40.849340554283764],[-73.781574923799994,40.849430631845514],[-73.781544490885992,40.849400434643478],[-73.781718832685925,40.849305709211556],[-73.781731011409732,40.849316164811754],[-73.781769243622989,40.849295372367294],[-73.781761637012949,40.849287242947717],[-73.7819390243356,40.84919484181092],[-73.781949675987576,40.849205294501587],[-73.782010821390415,40.849179907383771],[-73.782141086976836,40.849100663170425],[-73.781937827136232,40.848933980904945],[-73.781866084946216,40.848944841039504],[-73.781848479159052,40.848947505218042],[-73.781828690983886,40.848959204861238],[-73.781695815607605,40.848848362850582],[-73.781615940690727,40.8488962046113],[-73.781607385464298,40.848886408028953],[-73.781686042845109,40.848837883152378],[-73.781613675352048,40.848772386350092],[-73.781530196976519,40.848857571375973],[-73.78150620325313,40.848842528179269],[-73.781594919754141,40.84875294787679],[-73.781574404406385,40.848731808212563],[-73.781539569551327,40.848726375281892],[-73.781455636497725,40.848813091400515],[-73.781432495221253,40.848800006316054],[-73.781507563759732,40.848719289379019],[-73.781493378842939,40.848715305761701],[-73.78149386587495,40.848580475825962],[-73.781785140400629,40.848509801839356],[-73.782036167133555,40.848438049283622],[-73.782002127063947,40.84834408942784],[-73.782021893066783,40.848339561917705],[-73.782061891324318,40.848449183787373],[-73.781789202356421,40.848527207728935],[-73.781797094011949,40.848547143773999],[-73.782070412382907,40.848469412494744],[-73.78207657695809,40.848422476374786],[-73.782096406395027,40.848398388365823],[-73.782203841815289,40.848367943911981],[-73.782514085104737,40.848289630795158],[-73.78255877758852,40.848277325976376],[-73.782619009120907,40.84823961994362],[-73.782619105011847,40.84821027762343],[-73.782674670790456,40.848139671941603],[-73.781894577329211,40.848327162042843],[-73.781762193861894,40.848351641562822],[-73.781554421204987,40.848400707586457],[-73.781526113182395,40.848343466639868],[-73.781381487828881,40.8483771958294],[-73.781391517513541,40.84842203722674],[-73.781336525804335,40.848432752538898],[-73.781122589681218,40.848498807946278],[-73.781108271629734,40.848520420022432],[-73.781087916941871,40.848520381397165],[-73.781075750796731,40.848506446947404],[-73.78107580166369,40.848490991613644],[-73.781094155488759,40.848480206738309],[-73.781301949722604,40.848424958942935],[-73.781318263496516,40.848415716075863],[-73.78131833463334,40.848394077971527],[-73.781065746747402,40.848453877688812],[-73.781018902138626,40.848463062065036],[-73.78099244183943,40.848463011832479],[-73.780978209389559,40.84845834791372],[-73.781010906950712,40.848418224664933],[-73.781090360109062,40.848396737229649],[-73.781141290629776,40.848382922674055],[-73.781306275173847,40.848347686472785],[-73.781302280028001,40.8483244954177],[-73.781145579341768,40.848316470180535],[-73.781125200611186,40.848324159566559],[-73.781100785673104,40.8483210215838],[-73.781098781278928,40.848311744488292],[-73.781106977753254,40.848294758196708],[-73.781127333033922,40.848294796819857],[-73.781153783098006,40.848297937652802],[-73.781153818691735,40.848287119019282],[-73.781294209765903,40.848302840872748],[-73.78135124158527,40.848290584038551],[-73.781371458820672,40.848332354097046],[-73.781725942740138,40.848234105806114],[-73.781831743682119,40.848246670899137],[-73.782637403978939,40.848072649245978],[-73.782504086335393,40.84791327376341],[-73.781584180817134,40.848037051537375],[-73.781484319505623,40.847882193848818],[-73.781503071629942,40.847681643465798],[-73.781429203477515,40.847456345859989],[-73.781554334973507,40.847341311604865],[-73.781897430829801,40.847231963016995],[-73.782078484499451,40.847130808408103],[-73.782095885787001,40.846990745609141],[-73.782126113694048,40.846912935683804],[-73.782233642029539,40.8468533721759],[-73.782185465622277,40.846719715627856],[-73.782163934354159,40.846636338283574],[-73.781125482250957,40.846829465901237],[-73.781136263222706,40.846852155377483],[-73.781068369810242,40.846866452205774],[-73.781057583620949,40.846845823426754],[-73.780636684111627,40.846923334752582],[-73.780676937040738,40.847061485793674],[-73.780462415984658,40.847100233289751],[-73.780403269584298,40.846931134668822],[-73.781060439730155,40.846802551854495],[-73.781151825787333,40.846246304124705],[-73.78118979824518,40.846252558803741],[-73.781106756946187,40.846746997140094],[-73.781687869378487,40.846638875212065],[-73.78171847815004,40.846408121326313],[-73.781742889032557,40.846412290116092],[-73.781714946229272,40.846657473712298],[-73.781098534567775,40.846771711941784],[-73.781093018850228,40.846798492090137],[-73.782156673968316,40.84660757811384],[-73.782142327831409,40.846577706608777],[-73.78232827748441,40.846548611271452],[-73.782291529910026,40.846457790116787],[-73.782513451166949,40.846408772053913],[-73.782357028105153,40.845981588332826],[-73.782579328656922,40.845935893027928],[-73.782519907554686,40.845758194262231],[-73.782495972589544,40.845661561949214],[-73.783094420486535,40.845518285564857],[-73.78309556892448,40.84551369086337],[-73.783146442273704,40.845309942026198],[-73.78311070737081,40.845308129742513],[-73.783074558306609,40.845509764292068],[-73.782575093790243,40.845601850566247],[-73.782578491173297,40.845613159150062],[-73.782538397714958,40.845620038670113],[-73.782541778039189,40.845636563922909],[-73.78242148775341,40.845660680519444],[-73.782424871556799,40.845676336164615],[-73.781820476489486,40.845781987498263],[-73.781816461043121,40.845764978051164],[-73.782380574574731,40.845665578303773],[-73.782376553934725,40.845650114778593],[-73.782506901142838,40.845624084801081],[-73.782500881022585,40.845597798301924],[-73.783050749408005,40.845496823176049],[-73.783081813307362,40.845333047389829],[-73.783059439895752,40.84532836841494],[-73.783094558872264,40.845169235471332],[-73.783060231265836,40.845085708567197],[-73.781907359279131,40.845355561746977],[-73.781839757064986,40.845488357582965],[-73.78181535900454,40.845480582880491],[-73.781887076728381,40.845333885146978],[-73.783074574466852,40.845056368734042],[-73.783133189529352,40.845181673059621],[-73.783108413249934,40.845289819400996],[-73.783152455055799,40.845295983830539],[-73.783222076139282,40.845063444658358],[-73.783097143107156,40.844991674332199],[-73.782975792441675,40.84468094852312],[-73.783365361353461,40.844444722981876],[-73.783357009966537,40.844402846537726],[-73.783335434767096,40.844361589719966],[-73.783321006562062,40.844347824802526],[-73.783284850163369,40.844339512848997],[-73.783238189178064,40.844347014854513],[-73.783234167983196,40.844347661647127],[-73.78315451147617,40.844363998312033],[-73.783100174744902,40.844383131103633],[-73.78306040951999,40.844372063893026],[-73.783046088910581,40.844325325035349],[-73.783011298295492,40.844172690347399],[-73.783269870726613,40.844069392090539],[-73.783094947062864,40.843866093899855],[-73.783495931739807,40.843732342433569],[-73.783484287488179,40.843678545998621],[-73.78298567054604,40.84379407880418],[-73.782893076038391,40.843894884258653],[-73.78290650949765,40.843936125840273],[-73.780573678102982,40.844469586489168],[-73.780546539951644,40.844469534861794],[-73.780576289713409,40.844500503009698],[-73.780527360485465,40.844525140338341],[-73.779927037442718,40.843883081858586],[-73.779978685901597,40.843856389254576],[-73.780533027145594,40.84445302176281],[-73.780560176680339,40.844448951818826],[-73.780369061513838,40.843976661192578],[-73.780396232818433,40.843966408682519],[-73.780584647288833,40.844434572698397],[-73.781062613642987,40.844328317876879],[-73.780876901987114,40.843862220487964],[-73.780912200231143,40.8438561058963],[-73.781089777978536,40.844320127077786],[-73.781546025233354,40.844215889747872],[-73.781352291800104,40.843712682553949],[-73.78137674098204,40.843704487042793],[-73.781575903028624,40.844207702968049],[-73.782007705366752,40.844109600669832],[-73.781800474754689,40.843583700688981],[-73.781833065993609,40.843575518305059],[-73.782037575861011,40.844103475476203],[-73.782436798954606,40.844009431100055],[-73.78221611882141,40.843446411621102],[-73.78224871668732,40.843436168417668],[-73.78246939706078,40.843999188337804],[-73.782822439713897,40.843919481199634],[-73.782572107241037,40.843294581440894],[-73.782607411762854,40.843286405460368],[-73.782784986356603,40.84375454548109],[-73.783091861122145,40.843685055313948],[-73.782873881770101,40.843124102361287],[-73.782901038889634,40.843117970831244],[-73.78313252568671,40.843697496731927],[-73.782806615065596,40.843779316122202],[-73.782841516176845,40.843894787202096],[-73.78286866600375,40.843890716883152],[-73.782942258121722,40.84379193640622],[-73.782983044399899,40.843767283235493],[-73.783474812492543,40.843654738109898],[-73.783191945188022,40.84286786398404],[-73.783045398154471,40.842896332066857],[-73.783245012604723,40.843471675879059],[-73.78321038850865,40.843479338866658],[-73.783008743083869,40.84290244643379],[-73.782910986789034,40.842922355005754],[-73.782894876353666,40.842869773693465],[-73.783139259685143,40.842822319992791],[-73.783117039610204,40.842771272634607],[-73.782917470851189,40.84280644567928],[-73.782899255077425,40.8427754998362],[-73.783123830203238,40.842736202993848],[-73.783016533446798,40.842605387297446],[-73.782887783014857,40.842494828849787],[-73.782733193767768,40.842521705498669],[-73.782815845260572,40.842764522596809],[-73.782779190462108,40.842770636891359],[-73.78270669982571,40.842532475810501],[-73.782299412047408,40.842605896412259],[-73.782444524045943,40.843042034416889],[-73.782407868845326,40.843048146917489],[-73.782266828747382,40.842612018228394],[-73.781800483622845,40.842696146296412],[-73.781969725024936,40.843220429318642],[-73.781933065935078,40.843228088579195],[-73.781771969277315,40.842702273492137],[-73.78124656634499,40.842797107289634],[-73.78142785188767,40.843370873276584],[-73.781389163191704,40.843376983108058],[-73.781216011194545,40.842804776893303],[-73.780674299250222,40.842907304537867],[-73.780859585037803,40.843501171869455],[-73.780829036811383,40.843507297648429],[-73.780643759934762,40.842910337118454],[-73.780295525320696,40.842973044894116],[-73.780292865772566,40.843778305868142],[-73.780227738725159,40.843778181800474],[-73.780226624184124,40.842883267930482],[-73.780291756783015,40.84288184660052],[-73.780291521964926,40.842952944754174],[-73.782864993049188,40.842478101882882],[-73.782715520227526,40.842446500590661],[-73.782307836656244,40.842519358768094],[-73.782295726988934,40.842488423848778],[-73.782434810934262,40.842466121937832],[-73.782410824881865,40.842450050324715],[-73.780597358225947,40.842786599941178],[-73.780585253740824,40.842754119441594],[-73.782368559535044,40.842428493149832],[-73.782340005588168,40.842340925643704],[-73.782159751902682,40.842370699842704],[-73.782151661395559,40.842355228111508],[-73.782330516610074,40.842322450760427],[-73.782311109105478,40.842224178957338],[-73.782217162807896,40.842240977680099],[-73.78222115152461,40.842265714126412],[-73.782160055580192,40.842277963047913],[-73.782156045316995,40.842259408871406],[-73.781628610162059,40.842354239062836],[-73.78162055021923,40.842329494888197],[-73.782245747310867,40.84221320956464],[-73.782249791462206,40.842220945760168],[-73.782306433179286,40.842211115307613],[-73.782321185431783,40.842171620172252],[-73.7823253683476,40.842137624341255],[-73.782331609940684,40.842095905006488],[-73.782372409909371,40.842066616174918],[-73.78237057744748,40.84200478690915],[-73.78233257149715,40.8419228441103],[-73.782293481979565,40.841930452830049],[-73.782311631486493,40.841981492673739],[-73.782277013119653,40.841987608976844],[-73.782266958517809,40.841950494612526],[-73.781454180084424,40.842171527126233],[-73.781440031078489,40.842142133493596],[-73.782323512859506,40.841898330454761],[-73.78226771471904,40.84178617440233],[-73.782075335181744,40.841832425037737],[-73.782081030765156,40.84184112996936],[-73.782064992919274,40.841844577303092],[-73.782061582879493,40.841836746139741],[-73.782037525339447,40.841841916715197],[-73.782034108299897,40.841836694224646],[-73.782263453262431,40.841778115982606],[-73.782240245402534,40.84173586612355],[-73.782015934356068,40.841793189025346],[-73.782012523019276,40.841786227476135],[-73.782036589084441,40.841778449407776],[-73.782035469648505,40.841770621566859],[-73.782051508356574,40.841767175411519],[-73.782053778354765,40.841773264179736],[-73.782235926795465,40.84172788247816],[-73.782215422333408,40.841704017300394],[-73.782166244189625,40.841689144110276],[-73.782072356085052,40.84169331384556],[-73.782020931136245,40.84170433391504],[-73.781883331278635,40.841733819393582],[-73.781866012212703,40.841687364679835],[-73.781406965292845,40.841772040200453],[-73.78141830199614,40.841805969923499],[-73.781366764134958,40.841812826846088],[-73.781351973325286,40.841784977227363],[-73.781299281154048,40.841794442126336],[-73.781320823032729,40.841857948508348],[-73.781274987630965,40.841870902857806],[-73.781338685053811,40.841996218483082],[-73.781307753407191,40.842003114943587],[-73.78124863436328,40.841877807984254],[-73.781132901012668,40.841910626053782],[-73.781197722388939,40.842042029373182],[-73.781171371902147,40.842048066041734],[-73.781099670645162,40.841920126113479],[-73.780979356609137,40.841952935335705],[-73.781054484552072,40.842083489859618],[-73.781023544250132,40.842092994411743],[-73.780955293214561,40.841959845413292],[-73.780846439971128,40.841989198123379],[-73.780924990386268,40.842123236701092],[-73.780887174486566,40.842134467058791],[-73.780814353940244,40.841998700777701],[-73.780696328021335,40.842032383000827],[-73.780764528357707,40.842180312882668],[-73.780720988304395,40.842191532305947],[-73.78065508218242,40.842041868362628],[-73.78060581105882,40.842055685865908],[-73.780584027388073,40.842065207046296],[-73.78053131415075,40.842080756033475],[-73.780591576221937,40.842206066537734],[-73.780562927070179,40.842214705203823],[-73.780503811445442,40.842089398374064],[-73.780439635649742,40.842109272591593],[-73.780455525766783,40.842151034623036],[-73.7803948047966,40.842164829237198],[-73.7803766260933,40.842123063007385],[-73.780369805937283,40.842108270701317],[-73.780348051582251,40.842109098224633],[-73.780425771816979,40.842494393704442],[-73.780298639763245,40.842511539964903],[-73.780195999551211,40.842046211478902],[-73.78033227924827,40.842031690267532],[-73.78034466049894,40.842096050678052],[-73.780377868101311,40.842093505727149],[-73.780376758124888,40.842083070541555],[-73.781261354018653,40.841839578457183],[-73.781237547122529,40.841768242042228],[-73.781850481977827,40.841653946394473],[-73.781838635983092,40.841534784626276],[-73.781838848865249,40.841469869732478],[-73.781839092163125,40.841395679917419],[-73.781823003215905,40.841336917506581],[-73.781804864400002,40.84128278594013],[-73.781762344108628,40.841216243949091],[-73.781717655368396,40.841189883547806],[-73.78168516996152,40.841166639059459],[-73.781660512137748,40.841124174583221],[-73.780842238021449,40.841276324530874],[-73.780928865048296,40.841545425770313],[-73.780892205439741,40.841553084197194],[-73.78079752923459,40.841256146048551],[-73.7816485529559,40.841097763528978],[-73.781613565438036,40.841007272069852],[-73.781395906190411,40.841047865835122],[-73.781391435689514,40.841036609618342],[-73.781610696515287,40.840996240025859],[-73.78159702603989,40.840948669593438],[-73.781378718856431,40.840987192002594],[-73.781374881949532,40.840978871005241],[-73.781593969370917,40.84093979725079],[-73.781568217011952,40.84083516009332],[-73.781543089494647,40.840784781525073],[-73.781513450147642,40.840772683073133],[-73.781480889274405,40.840764371324759],[-73.781448335151595,40.840754410136363],[-73.781426669765153,40.84073622034493],[-73.781418050718884,40.840714755716355],[-73.781420287654328,40.84069496076868],[-73.781442071612162,40.840676853310093],[-73.781466024227498,40.840660399064802],[-73.781476940031055,40.840643921288972],[-73.781485705626352,40.840620839988794],[-73.781485770661874,40.840601040254853],[-73.781477183913282,40.840569675511468],[-73.78146203707621,40.840551498745626],[-73.781453428003431,40.840526733407785],[-73.781453498465979,40.840505284575194],[-73.78146442574841,40.840485507096929],[-73.781488376965797,40.840469052843929],[-73.78151347737068,40.840451271290412],[-73.781523217498929,40.840444370318849],[-73.781542841409859,40.840422959694259],[-73.781542960605393,40.840386661604626],[-73.781534410460736,40.840343747644724],[-73.781515043226122,40.840287614461459],[-73.781491720069354,40.840206224525403],[-73.781253618347364,40.84025549993644],[-73.781249072337332,40.840244355307924],[-73.781488780890882,40.8401973244248],[-73.78146559787146,40.840175160266099],[-73.781453665317912,40.840136287275833],[-73.781362672453156,40.839730189816478],[-73.781184314449391,40.839761648698946],[-73.781179478022366,40.839745862758541],[-73.781359320106745,40.839711708215951],[-73.781341251457675,40.839478563443087],[-73.781139942865622,40.839505416892486],[-73.78113875725964,40.839494278801894],[-73.781339888494173,40.839469699830438],[-73.781325225770345,40.839291781356735],[-73.781342400009251,40.839238374844612],[-73.781567809835096,40.838537405736496],[-73.781596983528217,40.838477850644495],[-73.78172154866671,40.838223566109917],[-73.782004209888782,40.838015572809873],[-73.781884557204449,40.837650276102373],[-73.7823814255608,40.83732410616755],[-73.782727607388267,40.837487959346447],[-73.782745590465595,40.837474394099772],[-73.782814526530117,40.837422390863907],[-73.782906291910422,40.837320005570341],[-73.782887334831742,40.837164735646837],[-73.782796804434284,40.836920523452171],[-73.782703645836506,40.836842801965716],[-73.782681314355912,40.836483677153716],[-73.782822601397385,40.836338155888058],[-73.783029218628982,40.836345851842353],[-73.783381680591717,40.836909272183405],[-73.783663936082789,40.836811610749351],[-73.784101645914745,40.83672552885556],[-73.784218074942572,40.836754901168831],[-73.784313471127817,40.836812827253951],[-73.784484561400149,40.837024222538723],[-73.784915122562509,40.836841999078004],[-73.784884870520273,40.836792444412268],[-73.784980603282577,40.836746425578156],[-73.785082266429441,40.836881907208117],[-73.784984356009261,40.836929572180715],[-73.784943257331264,40.836875049646331],[-73.784503339651991,40.837057765673869],[-73.784850092225028,40.837470489681245],[-73.785125821754832,40.837446041569599],[-73.785639978452906,40.837064435088088],[-73.785830678979508,40.837209980003486],[-73.785793674399187,40.837233009871078],[-73.785652795721575,40.837132105228726],[-73.785165844286638,40.837471334061945],[-73.785277129484214,40.837756718087114],[-73.785577968509486,40.83792711322554],[-73.78549864183114,40.83848036629265],[-73.785547728100653,40.838725714450142],[-73.785530114451888,40.838798277839892],[-73.785560311595759,40.838865980286336],[-73.785681136779971,40.839101104369249],[-73.785735092986897,40.839234231775997],[-73.785929985448291,40.839429282471571],[-73.786078984901422,40.83953813389337],[-73.78614637767015,40.839587366253291],[-73.786272722748265,40.839588308565375],[-73.786525984964271,40.839723115607164],[-73.786900158214067,40.839714861894905],[-73.787303531323559,40.839674725003782],[-73.787329856988322,40.839703101225268],[-73.787407587461729,40.839677622694531],[-73.787413745126088,40.839686638806668],[-73.787336278766247,40.839710021095193],[-73.787388544825632,40.83976635600613],[-73.787471085718295,40.839945156301226],[-73.787491621614024,40.839989639321693],[-73.787490952802031,40.840049026097724],[-73.787481340631103,40.840054545565813],[-73.78745014326725,40.840072461586686],[-73.787470624225307,40.8401222039316],[-73.787639312188489,40.840531895739417],[-73.787397747251617,40.840582316948108],[-73.78735724244298,40.840590772279384],[-73.787386721359837,40.840651924711636],[-73.787491664125952,40.840842341674218],[-73.787716652467111,40.840804270638451],[-73.787713469220719,40.840780754098105],[-73.787918891784997,40.840742771796563],[-73.787925369090303,40.84075515855158],[-73.788181321445634,40.840711080501549],[-73.788163556278434,40.840661551844555],[-73.788139107783721,40.84066398211047],[-73.788094002493239,40.840501796296174],[-73.78815921166516,40.840490778567222],[-73.788210834955848,40.840652976324378],[-73.78818800454917,40.840659122075643],[-73.788205789651684,40.840702463761559],[-73.788240009453801,40.840701289257559],[-73.788254532834571,40.840745863118677],[-73.787965965465176,40.840798542046002],[-73.78795786196099,40.840784916142788],[-73.787775269569778,40.840816753350758],[-73.787784963472745,40.84084275703816],[-73.787523797336959,40.840879612185354],[-73.787579375236191,40.840932710498898],[-73.787786567949411,40.8408922225155],[-73.787864040498576,40.841081725332486],[-73.787606405896057,40.841141885756649],[-73.787612377164166,40.841198005294792],[-73.787800980740911,40.84144046290362],[-73.787844874994789,40.841471479333421],[-73.787896986838717,40.841480236842379],[-73.787952390758676,40.841479101375988],[-73.788043691451463,40.841461946180402],[-73.788121901513207,40.841462089872486],[-73.788123916088978,40.841462525617956],[-73.788196801176994,40.84147831310468],[-73.788239082354096,40.841504376752404],[-73.788251975875966,40.841528745371775],[-73.788366174751403,40.841504610011576],[-73.788371012025721,40.841520705563767],[-73.788260644655622,40.841541963363504],[-73.788260068485002,40.841566286649034],[-73.788260005466924,40.841586085713388],[-73.788253377463448,40.841620721734003],[-73.788233702184158,40.841659045801414],[-73.788204279076538,40.841688690129253],[-73.788160203033669,40.841714594533336],[-73.788119413080736,40.841731843119469],[-73.788052505516106,40.841763893212971],[-73.788020035503621,40.841783841458948],[-73.788048470897195,40.84185072312664],[-73.788293588438634,40.84178537313683],[-73.788301676381835,40.841803948821919],[-73.788055990706297,40.841867030680305],[-73.788231992622173,40.842196085274836],[-73.788384566136742,40.842381978370796],[-73.78843909037181,40.842402498075579],[-73.788509938011174,40.842391035327111],[-73.788520270824151,40.842411765450748],[-73.788838648951483,40.842350395961354],[-73.788842732572121,40.842363454573743],[-73.788527808013569,40.842425576391172],[-73.788716196136619,40.84265675331438],[-73.788763847246884,40.842659624839953],[-73.78879053510569,40.84272185565753],[-73.788762334081582,40.842751500852749],[-73.788843088838732,40.843000245822701],[-73.788890861724141,40.843070064852363],[-73.789058255013657,40.843235331770217],[-73.789616603282923,40.843112654867745],[-73.789657556567121,40.843231355064418],[-73.789786204614586,40.843208125155741],[-73.789778978325856,40.843174701644706],[-73.789835222361944,40.843165524137135],[-73.789854565561228,40.843232380564146],[-73.789924249244194,40.843224154240879],[-73.789917056733429,40.843179593293875],[-73.789929287287592,40.843176831317891],[-73.789919621510364,40.843141548545674],[-73.789906173795075,40.843143379047376],[-73.789882027674764,40.843049600290321],[-73.789930933882516,40.843042264363838],[-73.789957514344636,40.843138833302213],[-73.789944069562011,40.843139735562488],[-73.789950068200667,40.843175013330026],[-73.789965960758607,40.843173187274978],[-73.789999753090385,40.843307817243797],[-73.789952074867969,40.843313298933303],[-73.789931529025509,40.843240872501845],[-73.789861838582809,40.843250954146868],[-73.789889536038388,40.843380934467461],[-73.789734693266055,40.843413247981445],[-73.789745799725679,40.843447823091424],[-73.789899198897459,40.843417147161773],[-73.789906450771852,40.843442217455276],[-73.789756268397454,40.84347034116459],[-73.789774212239081,40.84351357415072],[-73.789804495022011,40.843586655780001],[-73.78974084707778,40.843599570474161],[-73.789337087255561,40.843681498558276],[-73.789319491447415,40.843749111149897],[-73.789330213370647,40.843793677906397],[-73.789360472573179,40.843843230342848],[-73.789421326253688,40.843836742510483],[-73.789464433454341,40.843945714045041],[-73.789347020264557,40.843975198019656],[-73.789340470963197,40.843985085058243],[-73.789346905322489,40.844011495592284],[-73.789470333567152,40.84428962481843],[-73.789471822142531,40.844292977849655],[-73.789597376295944,40.844501973111363],[-73.789908045588177,40.844897610401077],[-73.789928954941956,40.844924238070803],[-73.790019691521223,40.844928417157426],[-73.790199201245997,40.845187778385892],[-73.79049642768237,40.845492754210028],[-73.790665890010231,40.845741558834568],[-73.790851560667392,40.845698781641445],[-73.79098858375896,40.845652832062655],[-73.791018859929522,40.845697434744743],[-73.790697853648581,40.845786012551024],[-73.790960695961843,40.846230246274708],[-73.790908485344389,40.846251601592542],[-73.790940733772729,40.84630082114181],[-73.790946736771176,40.846309980843444],[-73.790973333106777,40.846357311525146],[-73.791063490890195,40.846346166654612],[-73.79106427125113,40.846346070904126],[-73.791490765137155,40.846251004462857],[-73.791499373515506,40.846277419129315],[-73.791127592466509,40.846357590949708],[-73.791144788252922,40.846417018398839],[-73.79112476570009,40.84642747283425],[-73.791181287853448,40.846555675929942],[-73.79126057441367,40.846549170068144],[-73.791311705619179,40.846537763900926],[-73.791329010307436,40.846562543194473],[-73.791413791144407,40.846547847033001],[-73.791431083319111,40.846575926679193],[-73.79132451947298,40.846608731996788],[-73.791380704032733,40.846706177472413],[-73.791419826672836,40.846701300063081],[-73.791480347258414,40.846802052211316],[-73.791793436256128,40.846731671826895],[-73.791804185916192,40.8467679889918],[-73.791433630071936,40.846864797968962],[-73.791367098584516,40.846887642685999],[-73.791376585305258,40.846927821044616],[-73.791384282829767,40.846950369625333],[-73.791486374169594,40.846958803260421],[-73.791440496883283,40.847306043483741],[-73.791698377954944,40.847252868424597],[-73.791694083662406,40.847236362069047],[-73.791772327008516,40.847228253279255],[-73.791920071000703,40.847228519879195],[-73.791919978100893,40.847258218030895],[-73.791746135994416,40.847266153869747],[-73.791715697584976,40.847272699359614],[-73.791715625261133,40.847295797102753],[-73.791429627564995,40.847359989174549],[-73.79141738478458,40.84748004656231],[-73.791517391859784,40.847460429197],[-73.791541048824243,40.847538016795824],[-73.791305700482766,40.847592867471782],[-73.791267085673638,40.847601867354257],[-73.791277200667963,40.847646425092321],[-73.79127932953898,40.847663091550316],[-73.791329759702109,40.848057922561864],[-73.791606873317434,40.848026505666581],[-73.79161765431293,40.848052924910554],[-73.791335880632332,40.848086238652606],[-73.791362881067997,40.848232302390457],[-73.791310206997252,40.848400497501871],[-73.791230863124539,40.848501039356144],[-73.791244752641035,40.848552220949877],[-73.791060006085218,40.848725088828779],[-73.791111954078829,40.848808127034346],[-73.791097264687096,40.848815524425582],[-73.791044323210173,40.848740796952718],[-73.791017835221382,40.848811669064496],[-73.790919717277447,40.848866873518546],[-73.791013623389901,40.848985209716986],[-73.790980578355303,40.848999999169557],[-73.790887101411869,40.848886563295508],[-73.790247255808453,40.849178847492645],[-73.789757110704514,40.849531469790378],[-73.789833833293542,40.849858973644977],[-73.789858369521923,40.849972559362044],[-73.790160637990255,40.849922539474079],[-73.790156339364685,40.849907682668814],[-73.790225910712763,40.849894609321026],[-73.790225863880167,40.849909459226964],[-73.790649764930606,40.849844233237711],[-73.790647627556467,40.849832679589142],[-73.790925905344821,40.849782037706561],[-73.790912977209189,40.84974736664109],[-73.790947768576345,40.849739179643983],[-73.790988771249616,40.849828348527183],[-73.790675698198982,40.849888827087817],[-73.790660565955164,40.849864050983896],[-73.790441026333795,40.84989170074504],[-73.790445319822339,40.84990820797605],[-73.790367058227204,40.849921264659152],[-73.79036275955562,40.849906407861589],[-73.790234512533956,40.849922673828928],[-73.790240984245173,40.849937534415091],[-73.790171408976704,40.84995225687036],[-73.790167105141364,40.849939050166782],[-73.789866303139704,40.849989389698202],[-73.790017587891654,40.850316331460121],[-73.790168164392625,40.850292130705377],[-73.790200833772502,40.850267441648377],[-73.790207295103983,40.850285601432596],[-73.790246425804483,40.85027907315169],[-73.790237870093094,40.850236161085441],[-73.790281372927097,40.850221390189589],[-73.790257670316961,40.850158651269936],[-73.79035766981572,40.850142335118676],[-73.790405060541502,40.850272763216736],[-73.790141986654149,40.850325081110334],[-73.790154907970702,40.850361402357422],[-73.790220134295254,40.850348321109387],[-73.790226590433747,40.850368131663473],[-73.790054845376375,40.850397518539737],[-73.790052719166269,40.850382664680296],[-73.790124468875504,40.850367945917796],[-73.790115885877668,40.850333283173612],[-73.790024117633052,40.850347819581849],[-73.790036540991267,40.850434869862561],[-73.789891865856731,40.85046418129204],[-73.789886758796172,40.850547138040312],[-73.789918724166839,40.850611727136737],[-73.789967685224511,40.850602753915354],[-73.789977669484429,40.850620879417157],[-73.789929535604756,40.85062612255399],[-73.790031742232657,40.850768547814106],[-73.790070931709124,40.850932019604379],[-73.790247648373608,40.850903511025557],[-73.790250064011119,40.850912795404085],[-73.79007405920504,40.850939715312691],[-73.790086400219096,40.850984473853664],[-73.790264604717052,40.850952728881609],[-73.790268245072681,40.850961088073994],[-73.790090943859084,40.850994763900481],[-73.790124391716731,40.851189912697293],[-73.789513715161689,40.851300771713312],[-73.789562724640419,40.851487337324841],[-73.789660517945805,40.851476860818892],[-73.789662762172227,40.851488703321124],[-73.789785107028081,40.851462293378326],[-73.789776630324099,40.851437219708814],[-73.789710592118311,40.851449165089051],[-73.789702130996915,40.851419451365778],[-73.789683796744953,40.851419417942033],[-73.789665719140132,40.851338642825034],[-73.789768432286223,40.851323981572271],[-73.789779353231864,40.851349058524342],[-73.789795254279582,40.851345375002452],[-73.789808551154152,40.851391803514751],[-73.789795098834304,40.85139456224541],[-73.789810804784807,40.851452131967022],[-73.790057813605799,40.851414530712631],[-73.79001796987356,40.851259470958482],[-73.790049753437359,40.851257672809673],[-73.790089615699927,40.851407163589961],[-73.790345187979483,40.851366793055185],[-73.790302851877229,40.851226578857379],[-73.790337095179169,40.851220144353803],[-73.790379436533058,40.851358503724178],[-73.790824541989721,40.851289706318575],[-73.79078463524452,40.851154135773925],[-73.790817653529558,40.851148627155986],[-73.790857562595562,40.851283269443606],[-73.790987179841409,40.851264015801803],[-73.790990766491049,40.851289079350074],[-73.790866039027634,40.851308342363041],[-73.790890184358261,40.851403977437883],[-73.790859612908804,40.851408562095131],[-73.790833022652919,40.851313850998295],[-73.790385459542861,40.851386356467799],[-73.790410804877467,40.851488490399412],[-73.790387568347413,40.851493087419826],[-73.790354888947093,40.851390941662991],[-73.790094424257063,40.851432229891991],[-73.790116182167324,40.851509299808704],[-73.790073380739528,40.851516646923429],[-73.790051624200188,40.851439577001166],[-73.789664903445185,40.851500382132279],[-73.789725737120818,40.851692670565122],[-73.790147784344825,40.851607407184204],[-73.79017310700236,40.851662579657649],[-73.790892179300741,40.851546903549057],[-73.790916334219773,40.85163882596752],[-73.79019588667127,40.851752905065673],[-73.790216402729541,40.85183982678943],[-73.790248382621257,40.851833435940627],[-73.790232736120771,40.851756377166438],[-73.790455287418368,40.851723371500647],[-73.790463705280999,40.851767006154184],[-73.790384219465565,40.851779854235673],[-73.790386603198684,40.851799348629314],[-73.790265552828686,40.851814905345599],[-73.790266733003378,40.85182790030769],[-73.790294845122546,40.851827951413149],[-73.790306851079109,40.851896650820315],[-73.790278730372762,40.851899383948947],[-73.790299289591175,40.851969025647016],[-73.790255663945814,40.8519760649299],[-73.790083969042755,40.852034526879798],[-73.790155092610107,40.852251285235994],[-73.790243463254498,40.852230639484361],[-73.790160951501818,40.85204023542596],[-73.790195203132996,40.852031017738256],[-73.790274042357851,40.852223271092718],[-73.790532124208383,40.852163414645339],[-73.790452003361011,40.851989720950463],[-73.790507042383453,40.851977755842853],[-73.790574934103063,40.852153284134531],[-73.790806105876101,40.852099876470497],[-73.790743094993672,40.85192621249454],[-73.790580375596221,40.851977888989012],[-73.790560924582991,40.851944443387787],[-73.790794633548444,40.851861341385927],[-73.790818967146976,40.851896652300994],[-73.790762675210686,40.851918823519277],[-73.790794467166322,40.851914240430965],[-73.790853807175637,40.852088825471121],[-73.790996922370027,40.852052889803808],[-73.790987199990482,40.852035239632755],[-73.791111960842329,40.852005767812621],[-73.791065947233704,40.851868329826637],[-73.791020689743888,40.851879384335632],[-73.791010971184562,40.851860805253089],[-73.79117366731279,40.851816552767048],[-73.79118338365933,40.851836059914184],[-73.791102653217024,40.851856331062869],[-73.791166929168853,40.852016074894976],[-73.791187707645491,40.852016112506902],[-73.791462933390335,40.851945149194293],[-73.791396217680287,40.851783546122853],[-73.791328941740531,40.851800128759102],[-73.791320451173519,40.851779696596886],[-73.791517386779489,40.851729935891058],[-73.791523433569438,40.851750364292727],[-73.79142679645355,40.851776176419918],[-73.791495968140609,40.851934072924045],[-73.791769948830122,40.85187053095148],[-73.791727501887394,40.851764653959329],[-73.792271876680601,40.85161064876079],[-73.792262170758477,40.851587429729967],[-73.79248359357031,40.851523791909642],[-73.792494509780724,40.851550725092892],[-73.792291439939959,40.85160789923669],[-73.792298724130831,40.851623689582027],[-73.791767806057919,40.851774008208807],[-73.791801752313816,40.851862235110154],[-73.792048827603452,40.851803284661429],[-73.792057314578898,40.851825573262545],[-73.790163501551604,40.852271831083065],[-73.790170071261429,40.852280661656138],[-73.791137951709317,40.852055852573841],[-73.791205590684527,40.852197749784594],[-73.791334567532573,40.852166067673771],[-73.791341845800019,40.852183482378891],[-73.791212511692834,40.852215176415527],[-73.791226533851187,40.852258010503384],[-73.79136187979897,40.852225977534083],[-73.791364608699439,40.852232943085525],[-73.791230840080118,40.85226480552528],[-73.791236559717788,40.852280289886707],[-73.793182840758561,40.851808571871473],[-73.793089019655667,40.851584430260772],[-73.793118371838375,40.851578295240998],[-73.793220260483665,40.851828437087129],[-73.793153396126243,40.851844404533857],[-73.793252580796718,40.851916352231378],[-73.79323786787478,40.851931175177207],[-73.793143536894164,40.851870372151382],[-73.793128940740758,40.851848072173489],[-73.791245567837677,40.852304681410892],[-73.791380526955237,40.85260203830493],[-73.793409603005429,40.852109877656524],[-73.793383767393095,40.852032836085641],[-73.793409876310093,40.852021884233118],[-73.793507628319134,40.852264043925004],[-73.793478629143209,40.852272791037194],[-73.793424006690444,40.852136302527754],[-73.791391064686735,40.852628074986079],[-73.791446400277877,40.85277157192435],[-73.790420537801708,40.853022978212692],[-73.790498793630505,40.853188721513632],[-73.790771275954896,40.853118526990826],[-73.790791507577183,40.853163399592319],[-73.791005867402177,40.853117691262121],[-73.790989827242797,40.853035993329463],[-73.791007777555521,40.853028600355387],[-73.791030331149003,40.85311154858779],[-73.791454363038824,40.853010847211159],[-73.791389724952865,40.852836253937241],[-73.791437027167987,40.852822727481097],[-73.79150327251574,40.853004748959819],[-73.791702238960909,40.852958085945787],[-73.791631076921121,40.85278471802296],[-73.791655544362442,40.852777338226687],[-73.791729955246225,40.852954423490303],[-73.791963183111477,40.852895448228907],[-73.791893653864122,40.852720847085756],[-73.791916499462175,40.852710988138611],[-73.79198928164567,40.852888070298192],[-73.792224130637337,40.852831572094473],[-73.792152970572516,40.852656968672143],[-73.792175808376456,40.852649584824348],[-73.792251860975611,40.852822960382355],[-73.792486698814912,40.852770173952386],[-73.792417175828376,40.852593097969695],[-73.792436754733544,40.852585708206199],[-73.792509540480552,40.852761552714561],[-73.792830838848943,40.852680460768049],[-73.792764558023876,40.852508339469871],[-73.792815119669285,40.852494819309058],[-73.792900866872188,40.852695435479909],[-73.792838902184144,40.852707698373543],[-73.790807586637399,40.853199060063247],[-73.790862019866836,40.853319781606245],[-73.79111431429385,40.853264451924851],[-73.791265731658783,40.853706864233331],[-73.792524087287546,40.853409921207643],[-73.792386105892291,40.853062094384306],[-73.792409310370871,40.853053335612351],[-73.792555983927386,40.853401178038403],[-73.792979283112032,40.853302944407041],[-73.792847100928284,40.852952928951126],[-73.792876100485884,40.852944181328631],[-73.793039911701101,40.853371249787926],[-73.793013816323295,40.853377802906721],[-73.792999480554059,40.853329379722268],[-73.791273681281282,40.853732207881819],[-73.791290410063496,40.853844573750798],[-73.79105721254831,40.853918412426836],[-73.791284178418536,40.853861079486755],[-73.791290234951916,40.853878722994686],[-73.792458167786236,40.853600708753902],[-73.792488367525166,40.853671708909523],[-73.792462266388213,40.853679910997528],[-73.792440692487745,40.853630375098007],[-73.791070027659529,40.853944956664797],[-73.791082817459994,40.853963196030222],[-73.79138477253656,40.853895479176614],[-73.791583609896961,40.853890888232208],[-73.791718352939043,40.853917328278122],[-73.791786111756977,40.853993539900955],[-73.791817819953209,40.853989436670169],[-73.791817161882221,40.853980039240156],[-73.792514183688979,40.853896308270897],[-73.792506165784332,40.853854221420285],[-73.792537146050236,40.853849327310492],[-73.792567589447899,40.854016434440688],[-73.792530098550117,40.854018841686269],[-73.79251736175938,40.853922299943527],[-73.791826121632084,40.854001487230512],[-73.791821400420943,40.853996955401016],[-73.791793668094158,40.854004829900553],[-73.791918117363863,40.854222354743079],[-73.791338117915771,40.854439011538496],[-73.791292821608053,40.854584025474431],[-73.791868434645579,40.855416751867168],[-73.792076756675542,40.855645167707273],[-73.792503066854508,40.855788666137201],[-73.792487911573716,40.855946993209947],[-73.792418215414031,40.855995344340784],[-73.792307207967411,40.856072355408408],[-73.79211616948507,40.856012615291796],[-73.792033229337264,40.856140523471971],[-73.792017122285273,40.856176948606461],[-73.792570741334544,40.856206007212769],[-73.792568141261427,40.856256118267588],[-73.792010500090555,40.856225127718588],[-73.791987198740159,40.856365512142652],[-73.79193700279906,40.856405157419736],[-73.792070009279186,40.856414965161655],[-73.792058925604294,40.856441394836679],[-73.792097402060833,40.856449816912374],[-73.79208814753774,40.856477642008372],[-73.792069819960886,40.856475521465249],[-73.792057784707126,40.856513086234671],[-73.792017463836459,40.856508141126355],[-73.792009112299553,40.856540144210157],[-73.791908322517614,40.856523954229594],[-73.791901833400985,40.856546911870758],[-73.793051338079692,40.856725961652366],[-73.793068866801789,40.856679794743236],[-73.793094921523718,40.856686441404285],[-73.793056852951892,40.85681616597725],[-73.793030783612295,40.856813917951726],[-73.793048358958245,40.856752353857878],[-73.791894229588848,40.856568889329793],[-73.791859377135836,40.856665924380806],[-73.791842131126842,40.856661183336541],[-73.791828455068796,40.856668143394813],[-73.791961805914127,40.856716856585344],[-73.79195628145159,40.856724502289957],[-73.7918229997601,40.856676108015542],[-73.791792645354406,40.856719852316743],[-73.791929557142723,40.85676900166861],[-73.791922192629244,40.856778733241292],[-73.791785028176804,40.856730857945301],[-73.791707042575212,40.856851842352647],[-73.791860325529569,40.856792803532173],[-73.791882230267206,40.856824165125303],[-73.7918363346284,40.856842875303371],[-73.791832697445869,40.856833125058763],[-73.791735464765566,40.856866429528409],[-73.791821437046707,40.856900243053282],[-73.79187172581085,40.856984289466595],[-73.792202659502536,40.857146000410523],[-73.792228426371551,40.857114723736409],[-73.792214699140288,40.85710704284589],[-73.792374840123998,40.856906172531573],[-73.792427941308048,40.856928541531808],[-73.792266872802827,40.857132890386268],[-73.792244901263899,40.85712310596918],[-73.792221891863861,40.857152298424865],[-73.79273719801435,40.857393666718238],[-73.792827132379827,40.857435789918071],[-73.792897538887658,40.857189396490746],[-73.792954007847683,40.856991783351347],[-73.793012643830011,40.857003026043358],[-73.792996284780926,40.857063596550667],[-73.792884038888985,40.857479202493828],[-73.79281074586504,40.857464221427435],[-73.79271730383833,40.85741901131987],[-73.791859787152148,40.857004107259584],[-73.791854326420108,40.857013797198306],[-73.792683385756419,40.857420393090308],[-73.792609230204746,40.857507705005027],[-73.792576696213956,40.857487846725078],[-73.792635573280663,40.857421956602749],[-73.792112667836292,40.857166931870523],[-73.791894519130921,40.857437121865424],[-73.792465160652924,40.857715331784227],[-73.792541500894814,40.857624725183982],[-73.792551628030978,40.857630075840376],[-73.792569704404414,40.857639625865033],[-73.792395217232823,40.857845547752341],[-73.792387256399863,40.857839475268122],[-73.7923735374698,40.857829010839161],[-73.792443364037155,40.857736741469473],[-73.791742540161678,40.857393950003129],[-73.791757813999354,40.857374179454176],[-73.791872818977524,40.857427183075714],[-73.792093325039389,40.857157990449906],[-73.791843032173986,40.857028702011533],[-73.791739799725846,40.857178354277401],[-73.791603934614699,40.857375312490063],[-73.791293788523106,40.857263238195692],[-73.790942022603716,40.857552748189001],[-73.791233074058255,40.857686570302654],[-73.791244520948908,40.857674217882604],[-73.791316134601615,40.857705283033752],[-73.791306300964351,40.85772258820159],[-73.791636645879663,40.85788281257107],[-73.791756003516412,40.857760523523282],[-73.791785294234117,40.857775425353182],[-73.791598909151503,40.857963177560229],[-73.791436959079533,40.85815468562582],[-73.791409291508643,40.858142260297925],[-73.791618660756697,40.857901342550811],[-73.791293215761698,40.857737414501827],[-73.791278509548135,40.857749761030142],[-73.791211796498928,40.85771499223199],[-73.791221617843789,40.857701399542506],[-73.790932228007492,40.857567787470707],[-73.790790670471907,40.857750350818044],[-73.790680617010068,40.85780279033002],[-73.790441901455424,40.857916534098798],[-73.790235927387627,40.858154084811396],[-73.790061335632444,40.858459548561413],[-73.790125387982471,40.858522101839881],[-73.790136404683054,40.858517250458632],[-73.790160164694399,40.858541654633044],[-73.790146377886828,40.858552767033572],[-73.790201229757471,40.858601589710659],[-73.790187451950047,40.858609917386339],[-73.790133511588863,40.858562487309911],[-73.790120652535066,40.858570120588034],[-73.790091415376438,40.858538745329497],[-73.790098771565511,40.858531798104181],[-73.790045998379128,40.85847540440971],[-73.789989099595971,40.858522794653233],[-73.789953012753855,40.858524339532821],[-73.789866987142091,40.858545938012185],[-73.78979896704891,40.858578847764647],[-73.789746934411667,40.858589226702115],[-73.789676867168069,40.858597961665915],[-73.789607802582964,40.858625230219637],[-73.789534539072065,40.858637987877763],[-73.78949941875608,40.85867015268073],[-73.789438920307646,40.858673264603411],[-73.789387967581149,40.858678006670559],[-73.789341210245112,40.858698064186299],[-73.789307190846102,40.858717338486358],[-73.789282853544194,40.858740115789949],[-73.789258045507594,40.858765215949347],[-73.789222029618813,40.858742515531503]]]]}}
]
}
