{
"type": "FeatureCollection",
"name": "schools",
"crs": { "type": "name", "properties": { "name": "urn:ogc:def:crs:OGC:1.3:CRS84" } },
"xy_coordinate_resolution": 1e-15,
"features": [
{"type":"Feature","properties":{"School Name":"Easter Seals New York , Inc","Address":"1520 STORY AVENUE","City":"BRONX","Zip":"10473","Principal":null,"Principal Phone":null,"Grades":null,"Location Code":null,"Building Code":null,"Latitude":"40.82111773940257","Longitude":"-73.87891117062534","School District":"8","Managed By":"NON-PUBLIC K-12 SCHOOLS"},"geometry":{"type":"Point","coordinates":[-73.878911170625344,40.821117739402567]}},
{"type":"Feature","properties":{"School Name":"New Covenant Christian School","Address":"1497 NEEDHAM AVENUE","City":"BRONX","Zip":"10469","Principal":null,"Principal Phone":null,"Grades":null,"Location Code":null,"Building Code":null,"Latitude":"40.88030564545483","Longitude":"-73.84846223604752","School District":"11","Managed By":"NON-PUBLIC K-12 SCHOOLS"},"geometry":{"type":"Point","coordinates":[-73.848462236047524,40.880305645454833]}},
{"type":"Feature","properties":{"School Name":"Canarsie Children First Academy","Address":"100 EAST 208 STREET","City":"BRONX","Zip":"10467","Principal":null,"Principal Phone":null,"Grades":null,"Location Code":null,"Building Code":null,"Latitude":"40.878047759697125","Longitude":"-73.8817638392431","School District":"10","Managed By":"NON-PUBLIC K-12 SCHOOLS"},"geometry":{"type":"Point","coordinates":[-73.881763839243106,40.878047759697125]}},
{"type":"Feature","properties":{"School Name":"A Place Of Miracles Academy","Address":"1838 ADEE AVENUE","City":"BRONX","Zip":"10469","Principal":null,"Principal Phone":null,"Grades":null,"Location Code":null,"Building Code":null,"Latitude":"40.870715141702576","Longitude":"-73.83656969137483","School District":"11","Managed By":"NON-PUBLIC K-12 SCHOOLS"},"geometry":{"type":"Point","coordinates":[-73.836569691374834,40.870715141702576]}},
{"type":"Feature","properties":{"School Name":"Birch Family Services, Inc.","Address":"2885 ST THERESA AVENUE","City":"BRONX","Zip":"10461","Principal":null,"Principal Phone":null,"Grades":null,"Location Code":null,"Building Code":null,"Latitude":"40.84962834719512","Longitude":"-73.83274373985098","School District":"8","Managed By":"NON-PUBLIC K-12 SCHOOLS"},"geometry":{"type":"Point","coordinates":[-73.832743739850983,40.849628347195122]}},
{"type":"Feature","properties":{"School Name":"Saint Barnabas High School","Address":"425 EAST 240 STREET","City":"BRONX","Zip":"10470","Principal":null,"Principal Phone":null,"Grades":null,"Location Code":null,"Building Code":null,"Latitude":"40.90169810468708","Longitude":"-73.8644069498528","School District":"11","Managed By":"NON-PUBLIC K-12 SCHOOLS"},"geometry":{"type":"Point","coordinates":[-73.864406949852807,40.901698104687078]}},
{"type":"Feature","properties":{"School Name":"Our Lady Of Grace School","Address":"3981 BRONXWOOD AVENUE","City":"BRONX","Zip":"10466","Principal":null,"Principal Phone":null,"Grades":null,"Location Code":null,"Building Code":null,"Latitude":"40.88626759257275","Longitude":"-73.85506405142826","School District":"11","Managed By":"NON-PUBLIC K-12 SCHOOLS"},"geometry":{"type":"Point","coordinates":[-73.855064051428258,40.88626759257275]}},
{"type":"Feature","properties":{"School Name":"Villa Maria Academy","Address":"3335 COUNTRY CLUB ROAD","City":"BRONX","Zip":"10465","Principal":null,"Principal Phone":null,"Grades":null,"Location Code":null,"Building Code":null,"Latitude":"40.84175354982786","Longitude":"-73.8175730751675","School District":"8","Managed By":"NON-PUBLIC K-12 SCHOOLS"},"geometry":{"type":"Point","coordinates":[-73.817573075167502,40.841753549827857]}},
{"type":"Feature","properties":{"School Name":"Ethical Culture The Fieldston Lower School","Address":"3901 FIELDSTON ROAD","City":"BRONX","Zip":"10471","Principal":null,"Principal Phone":null,"Grades":null,"Location Code":null,"Building Code":null,"Latitude":"40.89009576082783","Longitude":"-73.90634831776988","School District":"10","Managed By":"NON-PUBLIC K-12 SCHOOLS"},"geometry":{"type":"Point","coordinates":[-73.906348317769883,40.890095760827833]}},
{"type":"Feature","properties":{"School Name":"Saint Anselm School","Address":"685 TINTON AVENUE","City":"BRONX","Zip":"10455","Principal":null,"Principal Phone":null,"Grades":null,"Location Code":null,"Building Code":null,"Latitude":"40.81627401857472","Longitude":"-73.9055655797818","School District":"7","Managed By":"NON-PUBLIC K-12 SCHOOLS"},"geometry":{"type":"Point","coordinates":[-73.905565579781793,40.816274018574717]}},
{"type":"Feature","properties":{"School Name":"Kids-Centric, Inc","Address":"95 WEST 168 STREET","City":"BRONX","Zip":"10452","Principal":null,"Principal Phone":null,"Grades":null,"Location Code":null,"Building Code":null,"Latitude":"40.838475478467245","Longitude":"-73.92439126038771","School District":"9","Managed By":"NON-PUBLIC K-12 SCHOOLS"},"geometry":{"type":"Point","coordinates":[-73.924391260387708,40.838475478467245]}},
{"type":"Feature","properties":{"School Name":"Ucp Of New York City, Inc.","Address":"2465 BATHGATE AVENUE","City":"BRONX","Zip":"10458","Principal":null,"Principal Phone":null,"Grades":null,"Location Code":null,"Building Code":null,"Latitude":"40.85826770249697","Longitude":"-73.88908869547225","School District":"10","Managed By":"NON-PUBLIC K-12 SCHOOLS"},"geometry":{"type":"Point","coordinates":[-73.889088695472253,40.858267702496967]}},
{"type":"Feature","properties":{"School Name":"Our Saviour Lutheran School","Address":"1734 WILLIAMSBRIDGE ROAD","City":"BRONX","Zip":"10461","Principal":null,"Principal Phone":null,"Grades":null,"Location Code":null,"Building Code":null,"Latitude":"40.85010099967408","Longitude":"-73.8507225976832","School District":"11","Managed By":"NON-PUBLIC K-12 SCHOOLS"},"geometry":{"type":"Point","coordinates":[-73.850722597683202,40.850100999674083]}},
{"type":"Feature","properties":{"School Name":"Kennedy Children'S Center","Address":"1028 EAST 179TH ST","City":"BRONX","Zip":"10460","Principal":null,"Principal Phone":null,"Grades":null,"Location Code":null,"Building Code":null,"Latitude":"40.84160718","Longitude":"-73.87921636999998","School District":"12","Managed By":"NON-PUBLIC K-12 SCHOOLS"},"geometry":{"type":"Point","coordinates":[-73.87921636999998,40.84160718]}},
{"type":"Feature","properties":{"School Name":"Yeshiva Of Telshe Alumni","Address":"4904 INDEPENDENCE AVENUE","City":"BRONX","Zip":"10471","Principal":null,"Principal Phone":null,"Grades":null,"Location Code":null,"Building Code":null,"Latitude":"40.89786816653547","Longitude":"-73.91073263663246","School District":"10","Managed By":"NON-PUBLIC K-12 SCHOOLS"},"geometry":{"type":"Point","coordinates":[-73.91073263663246,40.897868166535467]}},
{"type":"Feature","properties":{"School Name":"Garvey School","Address":"950 BAYCHESTER AVENUE","City":"BRONX","Zip":"10475","Principal":null,"Principal Phone":null,"Grades":null,"Location Code":null,"Building Code":null,"Latitude":"40.87794693263741","Longitude":"-73.83296686246636","School District":"11","Managed By":"NON-PUBLIC K-12 SCHOOLS"},"geometry":{"type":"Point","coordinates":[-73.832966862466364,40.877946932637407]}},
{"type":"Feature","properties":{"School Name":"Life Skills Preschool","Address":"25 WESTCHESTER SQUARE","City":"BRONX","Zip":"10461","Principal":null,"Principal Phone":null,"Grades":null,"Location Code":null,"Building Code":null,"Latitude":"40.841011347744","Longitude":"-73.84365093416415","School District":"11","Managed By":"NON-PUBLIC K-12 SCHOOLS"},"geometry":{"type":"Point","coordinates":[-73.843650934164145,40.841011347744001]}},
{"type":"Feature","properties":{"School Name":"Our Lady Of Refuge School","Address":"2708 BRIGGS AVENUE","City":"BRONX","Zip":"10458","Principal":null,"Principal Phone":null,"Grades":null,"Location Code":null,"Building Code":null,"Latitude":"40.86647759223807","Longitude":"-73.89114261680275","School District":"10","Managed By":"NON-PUBLIC K-12 SCHOOLS"},"geometry":{"type":"Point","coordinates":[-73.891142616802753,40.86647759223807]}},
{"type":"Feature","properties":{"School Name":"Nysarc, Inc. Nyc Chapter","Address":"2300 WESTCHESTER AVE-STE 304","City":"BRONX","Zip":"10462","Principal":null,"Principal Phone":null,"Grades":null,"Location Code":null,"Building Code":null,"Latitude":"40.83525659","Longitude":"-73.84801469","School District":"11","Managed By":"NON-PUBLIC K-12 SCHOOLS"},"geometry":{"type":"Point","coordinates":[-73.84801469,40.83525659]}},
{"type":"Feature","properties":{"School Name":"Cardinal Spellman High School","Address":"1 CARDINAL SPELLMAN PLACE","City":"BRONX","Zip":"10466","Principal":null,"Principal Phone":null,"Grades":null,"Location Code":null,"Building Code":null,"Latitude":"40.883382378369454","Longitude":"-73.84079072032998","School District":"11","Managed By":"NON-PUBLIC K-12 SCHOOLS"},"geometry":{"type":"Point","coordinates":[-73.840790720329977,40.883382378369454]}},
{"type":"Feature","properties":{"School Name":"Birch Family Services, Inc.","Address":"1880 WATSON AVENUE","City":"BRONX","Zip":"10472","Principal":null,"Principal Phone":null,"Grades":null,"Location Code":null,"Building Code":null,"Latitude":"40.828007727153405","Longitude":"-73.86136074859412","School District":"8","Managed By":"NON-PUBLIC K-12 SCHOOLS"},"geometry":{"type":"Point","coordinates":[-73.861360748594123,40.828007727153405]}},
{"type":"Feature","properties":{"School Name":"Yeshiva Ohavei Torah Of Riverdale","Address":"450 WEST 250 STREET","City":"BRONX","Zip":"10471","Principal":null,"Principal Phone":null,"Grades":null,"Location Code":null,"Building Code":null,"Latitude":"40.89732091223335","Longitude":"-73.90727960920167","School District":"10","Managed By":"NON-PUBLIC K-12 SCHOOLS"},"geometry":{"type":"Point","coordinates":[-73.907279609201666,40.897320912233347]}},
{"type":"Feature","properties":{"School Name":"Sunshine Developmental School","Address":"1925 BATHGATE AVENUE","City":"BRONX","Zip":"10457","Principal":null,"Principal Phone":null,"Grades":null,"Location Code":null,"Building Code":null,"Latitude":"40.847380414153726","Longitude":"-73.89718963556345","School District":"9","Managed By":"NON-PUBLIC K-12 SCHOOLS"},"geometry":{"type":"Point","coordinates":[-73.89718963556345,40.847380414153726]}},
{"type":"Feature","properties":{"School Name":"Saint John Chrysostom School","Address":"1144 HOE AVENUE","City":"BRONX","Zip":"10459","Principal":null,"Principal Phone":null,"Grades":null,"Location Code":null,"Building Code":null,"Latitude":"40.82730694659279","Longitude":"-73.89063299765738","School District":"12","Managed By":"NON-PUBLIC K-12 SCHOOLS"},"geometry":{"type":"Point","coordinates":[-73.890632997657377,40.827306946592792]}},
{"type":"Feature","properties":{"School Name":"Ethical Culture Fieldston Middle School","Address":"3901 FIELDSTON ROAD","City":"BRONX","Zip":"10471","Principal":null,"Principal Phone":null,"Grades":null,"Location Code":null,"Building Code":null,"Latitude":"40.89009576082783","Longitude":"-73.90634831776988","School District":"10","Managed By":"NON-PUBLIC K-12 SCHOOLS"},"geometry":{"type":"Point","coordinates":[-73.906348317769883,40.890095760827833]}},
{"type":"Feature","properties":{"School Name":"Birch Family Services, Inc.","Address":"475 WEST 250 STREET","City":"BRONX","Zip":"10471","Principal":null,"Principal Phone":null,"Grades":null,"Location Code":null,"Building Code":null,"Latitude":"40.8979161419508","Longitude":"-73.9070767166234","School District":"10","Managed By":"NON-PUBLIC K-12 SCHOOLS"},"geometry":{"type":"Point","coordinates":[-73.907076716623394,40.897916141950802]}},
{"type":"Feature","properties":{"School Name":"Saint Catharine High School","Address":"2250 WILLIAMSBRIDGE ROAD","City":"BRONX","Zip":"10469","Principal":null,"Principal Phone":null,"Grades":null,"Location Code":null,"Building Code":null,"Latitude":"40.85886050414978","Longitude":"-73.8566086612433","School District":"11","Managed By":"NON-PUBLIC K-12 SCHOOLS"},"geometry":{"type":"Point","coordinates":[-73.8566086612433,40.858860504149781]}},
{"type":"Feature","properties":{"School Name":"Fordham Preparatory School","Address":"441 EAST FORDHAM ROAD","City":"BRONX","Zip":"10458","Principal":null,"Principal Phone":null,"Grades":null,"Location Code":null,"Building Code":null,"Latitude":"40.8612566392921","Longitude":"-73.88739316214328","School District":"10","Managed By":"NON-PUBLIC K-12 SCHOOLS"},"geometry":{"type":"Point","coordinates":[-73.887393162143283,40.861256639292101]}},
{"type":"Feature","properties":{"School Name":"Mount Saint Michael Academy","Address":"4300 MURDOCK AVENUE","City":"BRONX","Zip":"10466","Principal":null,"Principal Phone":null,"Grades":null,"Location Code":null,"Building Code":null,"Latitude":"40.89869049039834","Longitude":"-73.84224439884727","School District":"11","Managed By":"NON-PUBLIC K-12 SCHOOLS"},"geometry":{"type":"Point","coordinates":[-73.842244398847271,40.898690490398337]}},
{"type":"Feature","properties":{"School Name":"City-Pro Group, Inc.","Address":"329 EAST 149 STREET","City":"BRONX","Zip":"10451","Principal":null,"Principal Phone":null,"Grades":null,"Location Code":null,"Building Code":null,"Latitude":"40.81701647872836","Longitude":"-73.92030939858218","School District":"7","Managed By":"NON-PUBLIC K-12 SCHOOLS"},"geometry":{"type":"Point","coordinates":[-73.920309398582177,40.817016478728362]}},
{"type":"Feature","properties":{"School Name":"Monsignor Scanlan High School","Address":"915 HUTCHNSN RVR PKWY","City":"BRONX","Zip":"10465","Principal":null,"Principal Phone":null,"Grades":null,"Location Code":null,"Building Code":null,"Latitude":"40.82562273","Longitude":"-73.83792612","School District":"8","Managed By":"NON-PUBLIC K-12 SCHOOLS"},"geometry":{"type":"Point","coordinates":[-73.83792612,40.82562273]}},
{"type":"Feature","properties":{"School Name":"Saint Helena School","Address":"2050 BENEDICT AVENUE","City":"BRONX","Zip":"10462","Principal":null,"Principal Phone":null,"Grades":null,"Location Code":null,"Building Code":null,"Latitude":"40.83437018286892","Longitude":"-73.85536949201298","School District":"11","Managed By":"NON-PUBLIC K-12 SCHOOLS"},"geometry":{"type":"Point","coordinates":[-73.855369492012983,40.834370182868923]}},
{"type":"Feature","properties":{"School Name":"Sinai - Special Needs Institute Inc","Address":"655 WEST 254 STREET","City":"BRONX","Zip":"10471","Principal":null,"Principal Phone":null,"Grades":null,"Location Code":null,"Building Code":null,"Latitude":"40.90383202834949","Longitude":"-73.9109700560305","School District":"10","Managed By":"NON-PUBLIC K-12 SCHOOLS"},"geometry":{"type":"Point","coordinates":[-73.910970056030493,40.903832028349491]}},
{"type":"Feature","properties":{"School Name":"Bronx Early Learning Ctr","Address":"1887 BATHGATE AVENUE","City":"BRONX","Zip":"10457","Principal":null,"Principal Phone":null,"Grades":null,"Location Code":null,"Building Code":null,"Latitude":"40.84649419081098","Longitude":"-73.89760253042685","School District":"9","Managed By":"NON-PUBLIC K-12 SCHOOLS"},"geometry":{"type":"Point","coordinates":[-73.897602530426852,40.846494190810979]}},
{"type":"Feature","properties":{"School Name":"Saint Raymond Academy For Girls","Address":"1725 CASTLE HILL AVENUE","City":"BRONX","Zip":"10462","Principal":null,"Principal Phone":null,"Grades":null,"Location Code":null,"Building Code":null,"Latitude":"40.84101130318507","Longitude":"-73.85339366661513","School District":"11","Managed By":"NON-PUBLIC K-12 SCHOOLS"},"geometry":{"type":"Point","coordinates":[-73.853393666615133,40.84101130318507]}},
{"type":"Feature","properties":{"School Name":"Saint Theresa School","Address":"2872 ST THERESA AVENUE","City":"BRONX","Zip":"10461","Principal":null,"Principal Phone":null,"Grades":null,"Location Code":null,"Building Code":null,"Latitude":"40.84917217524677","Longitude":"-73.83348183098269","School District":"8","Managed By":"NON-PUBLIC K-12 SCHOOLS"},"geometry":{"type":"Point","coordinates":[-73.833481830982691,40.849172175246771]}},
{"type":"Feature","properties":{"School Name":"Our Lady Of Mount Carmel School","Address":"2465 BATHGATE AVENUE","City":"BRONX","Zip":"10458","Principal":null,"Principal Phone":null,"Grades":null,"Location Code":null,"Building Code":null,"Latitude":"40.85826770249697","Longitude":"-73.88908869547225","School District":"10","Managed By":"NON-PUBLIC K-12 SCHOOLS"},"geometry":{"type":"Point","coordinates":[-73.889088695472253,40.858267702496967]}},
{"type":"Feature","properties":{"School Name":"Learning Tree Preparatory School (The)","Address":"801 BARTHOLDI STREET","City":"BRONX","Zip":"10467","Principal":null,"Principal Phone":null,"Grades":null,"Location Code":null,"Building Code":null,"Latitude":"40.874210021144485","Longitude":"-73.86244709053406","School District":"11","Managed By":"NON-PUBLIC K-12 SCHOOLS"},"geometry":{"type":"Point","coordinates":[-73.862447090534062,40.874210021144485]}},
{"type":"Feature","properties":{"School Name":"Saint Lucy School","Address":"830 MACE AVENUE","City":"BRONX","Zip":"10467","Principal":null,"Principal Phone":null,"Grades":null,"Location Code":null,"Building Code":null,"Latitude":"40.86281383257352","Longitude":"-73.86210767848749","School District":"11","Managed By":"NON-PUBLIC K-12 SCHOOLS"},"geometry":{"type":"Point","coordinates":[-73.86210767848749,40.862813832573522]}},
{"type":"Feature","properties":{"School Name":"Academy Of Mount Saint Ursula","Address":"330 BEDFORD PARK BOULEVARD","City":"BRONX","Zip":"10458","Principal":null,"Principal Phone":null,"Grades":null,"Location Code":null,"Building Code":null,"Latitude":"40.869239145373015","Longitude":"-73.8857630781086","School District":"10","Managed By":"NON-PUBLIC K-12 SCHOOLS"},"geometry":{"type":"Point","coordinates":[-73.885763078108596,40.869239145373015]}},
{"type":"Feature","properties":{"School Name":"Sunshine Developmental School","Address":"509 EAST 165TH ST","City":"BRONX","Zip":"10456","Principal":null,"Principal Phone":null,"Grades":null,"Location Code":null,"Building Code":null,"Latitude":"40.82671157","Longitude":"-73.90810684999998","School District":"9","Managed By":"NON-PUBLIC K-12 SCHOOLS"},"geometry":{"type":"Point","coordinates":[-73.908106849999982,40.82671157]}},
{"type":"Feature","properties":{"School Name":"Saint Ignatius School","Address":"740 MANIDA STREET","City":"BRONX","Zip":"10474","Principal":null,"Principal Phone":null,"Grades":null,"Location Code":null,"Building Code":null,"Latitude":"40.81534971379017","Longitude":"-73.88837175652841","School District":"8","Managed By":"NON-PUBLIC K-12 SCHOOLS"},"geometry":{"type":"Point","coordinates":[-73.888371756528414,40.81534971379017]}},
{"type":"Feature","properties":{"School Name":"Saint Joseph School For The Deaf","Address":"1000 HUTCHINSON RIVER PARKWAY","City":"BRONX","Zip":"10465","Principal":null,"Principal Phone":null,"Grades":null,"Location Code":null,"Building Code":null,"Latitude":"40.8270126898422","Longitude":"-73.83550814159632","School District":"8","Managed By":"NON-PUBLIC K-12 SCHOOLS"},"geometry":{"type":"Point","coordinates":[-73.835508141596321,40.827012689842199]}},
{"type":"Feature","properties":{"School Name":"New York Institute Of Special Education Annex","Address":"985 ASTOR AVENUE","City":"BRONX","Zip":"10469","Principal":null,"Principal Phone":null,"Grades":null,"Location Code":null,"Building Code":null,"Latitude":"40.860172713163166","Longitude":"-73.85930852466868","School District":"11","Managed By":"NON-PUBLIC K-12 SCHOOLS"},"geometry":{"type":"Point","coordinates":[-73.859308524668677,40.860172713163166]}},
{"type":"Feature","properties":{"School Name":"Sar High School","Address":"503 WEST 259 STREET","City":"BRONX","Zip":"10471","Principal":null,"Principal Phone":null,"Grades":null,"Location Code":null,"Building Code":null,"Latitude":"40.907427486274266","Longitude":"-73.9045865602975","School District":"10","Managed By":"NON-PUBLIC K-12 SCHOOLS"},"geometry":{"type":"Point","coordinates":[-73.904586560297503,40.907427486274266]}},
{"type":"Feature","properties":{"School Name":"Life Skills","Address":"816 CLARENCE AVENUE","City":"BRONX","Zip":"10465","Principal":null,"Principal Phone":null,"Grades":null,"Location Code":null,"Building Code":null,"Latitude":"40.831863679468","Longitude":"-73.8165310321871","School District":"8","Managed By":"NON-PUBLIC K-12 SCHOOLS"},"geometry":{"type":"Point","coordinates":[-73.8165310321871,40.831863679468]}},
{"type":"Feature","properties":{"School Name":"Kids-Centric, Inc.","Address":"3880 SEDGWICK AVENUE","City":"BRONX","Zip":"10463","Principal":null,"Principal Phone":null,"Grades":null,"Location Code":null,"Building Code":null,"Latitude":"40.88254898202388","Longitude":"-73.89372637540107","School District":"10","Managed By":"NON-PUBLIC K-12 SCHOOLS"},"geometry":{"type":"Point","coordinates":[-73.893726375401073,40.882548982023877]}},
{"type":"Feature","properties":{"School Name":"Riverdale Country School","Address":"5250 FIELDSTON ROAD","City":"BRONX","Zip":"10471","Principal":null,"Principal Phone":null,"Grades":null,"Location Code":null,"Building Code":null,"Latitude":"40.89963613757256","Longitude":"-73.90067121419548","School District":"10","Managed By":"NON-PUBLIC K-12 SCHOOLS"},"geometry":{"type":"Point","coordinates":[-73.900671214195484,40.899636137572557]}},
{"type":"Feature","properties":{"School Name":"Greek American Institute Of New York","Address":"3573 BRUCKNER BOULEVARD","City":"BRONX","Zip":"10461","Principal":null,"Principal Phone":null,"Grades":null,"Location Code":null,"Building Code":null,"Latitude":"40.84988740915304","Longitude":"-73.82809282976885","School District":"8","Managed By":"NON-PUBLIC K-12 SCHOOLS"},"geometry":{"type":"Point","coordinates":[-73.828092829768849,40.849887409153041]}},
{"type":"Feature","properties":{"School Name":"Faith Christian Academy","Address":"1137 EAST 223 STREET","City":"BRONX","Zip":"10466","Principal":null,"Principal Phone":null,"Grades":null,"Location Code":null,"Building Code":null,"Latitude":"40.88255779792648","Longitude":"-73.84888116293955","School District":"11","Managed By":"NON-PUBLIC K-12 SCHOOLS"},"geometry":{"type":"Point","coordinates":[-73.848881162939549,40.882557797926481]}},
{"type":"Feature","properties":{"School Name":"Wake-Eden Christian Academy","Address":"2074 STRANG AVENUE","City":"BRONX","Zip":"10466","Principal":null,"Principal Phone":null,"Grades":null,"Location Code":null,"Building Code":null,"Latitude":"40.89060216258924","Longitude":"-73.83964261763086","School District":"11","Managed By":"NON-PUBLIC K-12 SCHOOLS"},"geometry":{"type":"Point","coordinates":[-73.839642617630858,40.890602162589239]}},
{"type":"Feature","properties":{"School Name":"Hope Academy Of The Bronx","Address":"2206 ANDREWS AVENUE","City":"BRONX","Zip":"10453","Principal":null,"Principal Phone":null,"Grades":null,"Location Code":null,"Building Code":null,"Latitude":"40.85879163066268","Longitude":"-73.90936764469906","School District":"10","Managed By":"NON-PUBLIC K-12 SCHOOLS"},"geometry":{"type":"Point","coordinates":[-73.90936764469906,40.858791630662679]}},
{"type":"Feature","properties":{"School Name":"New York Institute For Special Education","Address":"999 PELHAM PARKWAY","City":"BRONX","Zip":"10469","Principal":null,"Principal Phone":null,"Grades":null,"Location Code":null,"Building Code":null,"Latitude":"40.85840552617316","Longitude":"-73.8590651217821","School District":"11","Managed By":"NON-PUBLIC K-12 SCHOOLS"},"geometry":{"type":"Point","coordinates":[-73.859065121782095,40.858405526173158]}},
{"type":"Feature","properties":{"School Name":"Saint Margaret Of Cortona School","Address":"452 WEST 260 STREET","City":"BRONX","Zip":"10471","Principal":null,"Principal Phone":null,"Grades":null,"Location Code":null,"Building Code":null,"Latitude":"40.90792390383504","Longitude":"-73.90318860750413","School District":"10","Managed By":"NON-PUBLIC K-12 SCHOOLS"},"geometry":{"type":"Point","coordinates":[-73.903188607504134,40.907923903835041]}},
{"type":"Feature","properties":{"School Name":"NYC Autism Charter School Bronx","Address":"1180 TINTON AVENUE","City":"BRONX","Zip":"10456","Principal":null,"Principal Phone":null,"Grades":null,"Location Code":null,"Building Code":null,"Latitude":"40.82861716392376","Longitude":"-73.90005723204878","School District":"12","Managed By":"PUBLIC AND PRIVATE SPECIAL EDUCATION SCHOOLS"},"geometry":{"type":"Point","coordinates":[-73.900057232048781,40.828617163923759]}},
{"type":"Feature","properties":{"School Name":"Bronx-Manhattan Sda School","Address":"1440 PLIMPTON AVENUE","City":"BRONX","Zip":"10452","Principal":null,"Principal Phone":null,"Grades":null,"Location Code":null,"Building Code":null,"Latitude":"40.84380245441737","Longitude":"-73.92186677202521","School District":"9","Managed By":"NON-PUBLIC K-12 SCHOOLS"},"geometry":{"type":"Point","coordinates":[-73.921866772025211,40.843802454417371]}},
{"type":"Feature","properties":{"School Name":"Saint Simon Stock Elementary School","Address":"2195 VALENTINE AVENUE","City":"BRONX","Zip":"10457","Principal":null,"Principal Phone":null,"Grades":null,"Location Code":null,"Building Code":null,"Latitude":"40.85521936075728","Longitude":"-73.89918602588773","School District":"10","Managed By":"NON-PUBLIC K-12 SCHOOLS"},"geometry":{"type":"Point","coordinates":[-73.89918602588773,40.855219360757282]}},
{"type":"Feature","properties":{"School Name":"St Dominic'S Home","Address":"2340 ANDREWS AVENUE","City":"BRONX","Zip":"10468","Principal":null,"Principal Phone":null,"Grades":null,"Location Code":null,"Building Code":null,"Latitude":"40.862157953071765","Longitude":"-73.90634614859925","School District":"10","Managed By":"NON-PUBLIC K-12 SCHOOLS"},"geometry":{"type":"Point","coordinates":[-73.906346148599255,40.862157953071765]}},
{"type":"Feature","properties":{"School Name":"Kids-Centric, Inc.","Address":"887 CROTONA PARK NORTH","City":"BRONX","Zip":"10460","Principal":null,"Principal Phone":null,"Grades":null,"Location Code":null,"Building Code":null,"Latitude":"40.83940715713244","Longitude":"-73.88877312079046","School District":"12","Managed By":"NON-PUBLIC K-12 SCHOOLS"},"geometry":{"type":"Point","coordinates":[-73.888773120790461,40.839407157132442]}},
{"type":"Feature","properties":{"School Name":"Saint Benedict School","Address":"1016 EDISON AVENUE","City":"BRONX","Zip":"10465","Principal":null,"Principal Phone":null,"Grades":null,"Location Code":null,"Building Code":null,"Latitude":"40.83242800416662","Longitude":"-73.82534760947861","School District":"8","Managed By":"NON-PUBLIC K-12 SCHOOLS"},"geometry":{"type":"Point","coordinates":[-73.825347609478612,40.832428004166623]}},
{"type":"Feature","properties":{"School Name":"Highbridge Advisory Council Family Services, Inc.","Address":"1399 OGDEN AVENUE","City":"BRONX","Zip":"10452","Principal":null,"Principal Phone":null,"Grades":null,"Location Code":null,"Building Code":null,"Latitude":"40.84240350718039","Longitude":"-73.92456652777905","School District":"9","Managed By":"NON-PUBLIC K-12 SCHOOLS"},"geometry":{"type":"Point","coordinates":[-73.924566527779049,40.842403507180393]}},
{"type":"Feature","properties":{"School Name":"Northeast Bronx Day Care Center, Inc.","Address":"5401 POST ROAD","City":"BRONX","Zip":"10471","Principal":null,"Principal Phone":null,"Grades":null,"Location Code":null,"Building Code":null,"Latitude":"40.90141786138584","Longitude":"-73.89817731191965","School District":"10","Managed By":"NON-PUBLIC K-12 SCHOOLS"},"geometry":{"type":"Point","coordinates":[-73.898177311919653,40.901417861385838]}},
{"type":"Feature","properties":{"School Name":"Highbridge Advisory Council Family Services, Inc.","Address":"800 CONCOURSE VILLAGE EAST","City":"BRONX","Zip":"10451","Principal":null,"Principal Phone":null,"Grades":null,"Location Code":null,"Building Code":null,"Latitude":"40.82402629224753","Longitude":"-73.91898450235155","School District":"7","Managed By":"NON-PUBLIC K-12 SCHOOLS"},"geometry":{"type":"Point","coordinates":[-73.918984502351549,40.824026292247531]}},
{"type":"Feature","properties":{"School Name":"Sacred Heart School","Address":"1248 NELSON AVENUE","City":"BRONX","Zip":"10452","Principal":null,"Principal Phone":null,"Grades":null,"Location Code":null,"Building Code":null,"Latitude":"40.838727455776265","Longitude":"-73.92430287828283","School District":"9","Managed By":"NON-PUBLIC K-12 SCHOOLS"},"geometry":{"type":"Point","coordinates":[-73.92430287828283,40.838727455776265]}},
{"type":"Feature","properties":{"School Name":"Holy Rosary School","Address":"1500 ARNOW AVENUE","City":"BRONX","Zip":"10469","Principal":null,"Principal Phone":null,"Grades":null,"Location Code":null,"Building Code":null,"Latitude":"40.86736145625135","Longitude":"-73.84228879660044","School District":"11","Managed By":"NON-PUBLIC K-12 SCHOOLS"},"geometry":{"type":"Point","coordinates":[-73.842288796600442,40.867361456251352]}},
{"type":"Feature","properties":{"School Name":"Saint Francis Of Assisi School","Address":"4300 BAYCHESTER AVENUE","City":"BRONX","Zip":"10466","Principal":null,"Principal Phone":null,"Grades":null,"Location Code":null,"Building Code":null,"Latitude":"40.89716062306255","Longitude":"-73.84491583184224","School District":"11","Managed By":"NON-PUBLIC K-12 SCHOOLS"},"geometry":{"type":"Point","coordinates":[-73.844915831842243,40.897160623062547]}},
{"type":"Feature","properties":{"School Name":"Horace Mann School","Address":"231 WEST 246 STREET","City":"BRONX","Zip":"10471","Principal":null,"Principal Phone":null,"Grades":null,"Location Code":null,"Building Code":null,"Latitude":"40.89314600386509","Longitude":"-73.89912433070144","School District":"10","Managed By":"NON-PUBLIC K-12 SCHOOLS"},"geometry":{"type":"Point","coordinates":[-73.89912433070144,40.893146003865091]}},
{"type":"Feature","properties":{"School Name":"Immaculate Conception School","Address":"378 EAST 151 STREET","City":"BRONX","Zip":"10455","Principal":null,"Principal Phone":null,"Grades":null,"Location Code":null,"Building Code":null,"Latitude":"40.81755205970737","Longitude":"-73.9179714608743","School District":"7","Managed By":"NON-PUBLIC K-12 SCHOOLS"},"geometry":{"type":"Point","coordinates":[-73.917971460874298,40.817552059707367]}},
{"type":"Feature","properties":{"School Name":"Saint Barnabas Elementary School","Address":"413 EAST 241 STREET","City":"BRONX","Zip":"10470","Principal":null,"Principal Phone":null,"Grades":null,"Location Code":null,"Building Code":null,"Latitude":"40.90213045584865","Longitude":"-73.86523461568771","School District":"11","Managed By":"NON-PUBLIC K-12 SCHOOLS"},"geometry":{"type":"Point","coordinates":[-73.865234615687712,40.902130455848649]}},
{"type":"Feature","properties":{"School Name":"Saint Clare School","Address":"1911 HONE AVENUE","City":"BRONX","Zip":"10461","Principal":null,"Principal Phone":null,"Grades":null,"Location Code":null,"Building Code":null,"Latitude":"40.85108544871473","Longitude":"-73.85677788770273","School District":"11","Managed By":"NON-PUBLIC K-12 SCHOOLS"},"geometry":{"type":"Point","coordinates":[-73.856777887702734,40.851085448714727]}},
{"type":"Feature","properties":{"School Name":"Horace Mann School Lower Division","Address":"4440 TIBBETT AVENUE","City":"BRONX","Zip":"10471","Principal":null,"Principal Phone":null,"Grades":null,"Location Code":null,"Building Code":null,"Latitude":"40.89220785668316","Longitude":"-73.90027544091542","School District":"10","Managed By":"NON-PUBLIC K-12 SCHOOLS"},"geometry":{"type":"Point","coordinates":[-73.900275440915422,40.892207856683157]}},
{"type":"Feature","properties":{"School Name":"Shield Of David","Address":"1800 ANDREWS AVENUE","City":"BRONX","Zip":"10453","Principal":null,"Principal Phone":null,"Grades":null,"Location Code":null,"Building Code":null,"Latitude":"40.851504655430006","Longitude":"-73.91543082685729","School District":"10","Managed By":"NON-PUBLIC K-12 SCHOOLS"},"geometry":{"type":"Point","coordinates":[-73.915430826857289,40.851504655430006]}},
{"type":"Feature","properties":{"School Name":"Early Childhood Associates","Address":"3067 KINGSBRIDGE TERRACE","City":"BRONX","Zip":"10463","Principal":null,"Principal Phone":null,"Grades":null,"Location Code":null,"Building Code":null,"Latitude":"40.8773163393086","Longitude":"-73.90109161352558","School District":"10","Managed By":"NON-PUBLIC K-12 SCHOOLS"},"geometry":{"type":"Point","coordinates":[-73.90109161352558,40.877316339308599]}},
{"type":"Feature","properties":{"School Name":"Saint Frances De Chantal School","Address":"2962 HARDING AVENUE","City":"BRONX","Zip":"10465","Principal":null,"Principal Phone":null,"Grades":null,"Location Code":null,"Building Code":null,"Latitude":"40.8161528468657","Longitude":"-73.81277985569332","School District":"8","Managed By":"NON-PUBLIC K-12 SCHOOLS"},"geometry":{"type":"Point","coordinates":[-73.812779855693321,40.816152846865698]}},
{"type":"Feature","properties":{"School Name":"Christ The King School","Address":"1345 GRAND CONCOURSE","City":"BRONX","Zip":"10452","Principal":null,"Principal Phone":null,"Grades":null,"Location Code":null,"Building Code":null,"Latitude":"40.83754096366587","Longitude":"-73.91547556211786","School District":"9","Managed By":"NON-PUBLIC K-12 SCHOOLS"},"geometry":{"type":"Point","coordinates":[-73.915475562117862,40.837540963665873]}},
{"type":"Feature","properties":{"School Name":"Highbridge Advisory Council Family Services, Inc.","Address":"1594 TOWNSEND AVENUE","City":"BRONX","Zip":"10452","Principal":null,"Principal Phone":null,"Grades":null,"Location Code":null,"Building Code":null,"Latitude":"40.84440111614125","Longitude":"-73.91327130003955","School District":"9","Managed By":"NON-PUBLIC K-12 SCHOOLS"},"geometry":{"type":"Point","coordinates":[-73.913271300039554,40.844401116141249]}},
{"type":"Feature","properties":{"School Name":"Horace Mann Upper School","Address":"231 WEST 246 STREET","City":"BRONX","Zip":"10471","Principal":null,"Principal Phone":null,"Grades":null,"Location Code":null,"Building Code":null,"Latitude":"40.89314600386509","Longitude":"-73.89912433070144","School District":"10","Managed By":"NON-PUBLIC K-12 SCHOOLS"},"geometry":{"type":"Point","coordinates":[-73.89912433070144,40.893146003865091]}},
{"type":"Feature","properties":{"School Name":"Astor Services For Children And Families","Address":"4010 DYRE AVENUE","City":"BRONX","Zip":"10466","Principal":null,"Principal Phone":null,"Grades":null,"Location Code":null,"Building Code":null,"Latitude":"40.89094655585918","Longitude":"-73.83073113026614","School District":"11","Managed By":"NON-PUBLIC K-12 SCHOOLS"},"geometry":{"type":"Point","coordinates":[-73.830731130266145,40.89094655585918]}},
{"type":"Feature","properties":{"School Name":"Highbridge Advisory Council Family Services, Inc At Richard M. Magnum Early Learning Center","Address":"383 EAST 162 STREET","City":"BRONX","Zip":"10451","Principal":null,"Principal Phone":null,"Grades":null,"Location Code":null,"Building Code":null,"Latitude":"40.825283016432","Longitude":"-73.9138022597363","School District":"9","Managed By":"NON-PUBLIC K-12 SCHOOLS"},"geometry":{"type":"Point","coordinates":[-73.9138022597363,40.825283016432003]}},
{"type":"Feature","properties":{"School Name":"Easter Seals New York , Inc","Address":"1530 STORY AVENUE","City":"BRONX","Zip":"10473","Principal":null,"Principal Phone":null,"Grades":null,"Location Code":null,"Building Code":null,"Latitude":"40.82121371272317","Longitude":"-73.87814424752358","School District":"8","Managed By":"NON-PUBLIC K-12 SCHOOLS"},"geometry":{"type":"Point","coordinates":[-73.878144247523579,40.821213712723171]}},
{"type":"Feature","properties":{"School Name":"St Dominic'S Home","Address":"2195 VALENTINE AVENUE","City":"BRONX","Zip":"10457","Principal":null,"Principal Phone":null,"Grades":null,"Location Code":null,"Building Code":null,"Latitude":"40.85521936075728","Longitude":"-73.89918602588773","School District":"10","Managed By":"NON-PUBLIC K-12 SCHOOLS"},"geometry":{"type":"Point","coordinates":[-73.89918602588773,40.855219360757282]}},
{"type":"Feature","properties":{"School Name":"City Of Faith Christian School","Address":"3445 WHITE PLAINS ROAD","City":"BRONX","Zip":"10467","Principal":null,"Principal Phone":null,"Grades":null,"Location Code":null,"Building Code":null,"Latitude":"40.87666220012712","Longitude":"-73.86743404475565","School District":"11","Managed By":"NON-PUBLIC K-12 SCHOOLS"},"geometry":{"type":"Point","coordinates":[-73.867434044755655,40.876662200127122]}},
{"type":"Feature","properties":{"School Name":"Qsac Inc Day School Bronx","Address":"3200 JEROME AVENUE","City":"BRONX","Zip":"10468","Principal":null,"Principal Phone":null,"Grades":null,"Location Code":null,"Building Code":null,"Latitude":"40.87742334210909","Longitude":"-73.88692796728577","School District":"10","Managed By":"NON-PUBLIC K-12 SCHOOLS"},"geometry":{"type":"Point","coordinates":[-73.886927967285772,40.87742334210909]}},
{"type":"Feature","properties":{"School Name":"Sco Family Services - The Christopher School","Address":"1250 EAST 229 STREET","City":"BRONX","Zip":"10466","Principal":null,"Principal Phone":null,"Grades":null,"Location Code":null,"Building Code":null,"Latitude":"40.88238790985403","Longitude":"-73.84319418113932","School District":"11","Managed By":"NON-PUBLIC K-12 SCHOOLS"},"geometry":{"type":"Point","coordinates":[-73.843194181139324,40.882387909854032]}},
{"type":"Feature","properties":{"School Name":"All Hallows Institute","Address":"111 EAST 164 STREET","City":"BRONX","Zip":"10452","Principal":null,"Principal Phone":null,"Grades":null,"Location Code":null,"Building Code":null,"Latitude":"40.83030031004542","Longitude":"-73.92192802088113","School District":"9","Managed By":"NON-PUBLIC K-12 SCHOOLS"},"geometry":{"type":"Point","coordinates":[-73.921928020881126,40.830300310045423]}},
{"type":"Feature","properties":{"School Name":"Steppingstone Day School","Address":"2826 WESTCHESTER AVE","City":"BRONX","Zip":"10461","Principal":null,"Principal Phone":null,"Grades":null,"Location Code":null,"Building Code":null,"Latitude":"40.84430685","Longitude":"-73.83546307999998","School District":"8","Managed By":"NON-PUBLIC K-12 SCHOOLS"},"geometry":{"type":"Point","coordinates":[-73.835463079999982,40.84430685]}},
{"type":"Feature","properties":{"School Name":"Cardinal Hayes High School","Address":"650 GRAND CONCOURSE","City":"BRONX","Zip":"10451","Principal":null,"Principal Phone":null,"Grades":null,"Location Code":null,"Building Code":null,"Latitude":"40.82047814198791","Longitude":"-73.92539542329646","School District":"7","Managed By":"NON-PUBLIC K-12 SCHOOLS"},"geometry":{"type":"Point","coordinates":[-73.925395423296465,40.820478141987913]}},
{"type":"Feature","properties":{"School Name":"Kids-Centric, Inc.","Address":"934 EAST GUN HILL ROAD","City":"BRONX","Zip":"10469","Principal":null,"Principal Phone":null,"Grades":null,"Location Code":null,"Building Code":null,"Latitude":"40.87483651868985","Longitude":"-73.8594893673986","School District":"11","Managed By":"NON-PUBLIC K-12 SCHOOLS"},"geometry":{"type":"Point","coordinates":[-73.859489367398595,40.874836518689847]}},
{"type":"Feature","properties":{"School Name":"Easter Seals New York , Inc","Address":"2433 EAST TREMONT AVE","City":"BRONX","Zip":"10461","Principal":null,"Principal Phone":null,"Grades":null,"Location Code":null,"Building Code":null,"Latitude":"40.84277962","Longitude":"-73.8520239","School District":"11","Managed By":"NON-PUBLIC K-12 SCHOOLS"},"geometry":{"type":"Point","coordinates":[-73.8520239,40.84277962]}},
{"type":"Feature","properties":{"School Name":"Saint Raymond Elementary School","Address":"2380 EAST TREMONT AVENUE","City":"BRONX","Zip":"10462","Principal":null,"Principal Phone":null,"Grades":null,"Location Code":null,"Building Code":null,"Latitude":"40.84184841561961","Longitude":"-73.8544214271725","School District":"11","Managed By":"NON-PUBLIC K-12 SCHOOLS"},"geometry":{"type":"Point","coordinates":[-73.854421427172497,40.841848415619609]}},
{"type":"Feature","properties":{"School Name":"Ethical Culture Fieldston School","Address":"3901 FIELDSTON ROAD","City":"BRONX","Zip":"10471","Principal":null,"Principal Phone":null,"Grades":null,"Location Code":null,"Building Code":null,"Latitude":"40.89009576082783","Longitude":"-73.90634831776988","School District":"10","Managed By":"NON-PUBLIC K-12 SCHOOLS"},"geometry":{"type":"Point","coordinates":[-73.906348317769883,40.890095760827833]}},
{"type":"Feature","properties":{"School Name":"Highbridge Advisory Council Family Services, Inc.","Address":"1181 NELSON AVENUE","City":"BRONX","Zip":"10452","Principal":null,"Principal Phone":null,"Grades":null,"Location Code":null,"Building Code":null,"Latitude":"40.8373118184158","Longitude":"-73.92601890483827","School District":"9","Managed By":"NON-PUBLIC K-12 SCHOOLS"},"geometry":{"type":"Point","coordinates":[-73.926018904838273,40.837311818415799]}},
{"type":"Feature","properties":{"School Name":"Aim High Children'S Services","Address":"1458 WEBSTER AVE","City":"BRONX","Zip":"10456","Principal":null,"Principal Phone":null,"Grades":null,"Location Code":null,"Building Code":null,"Latitude":"40.83788667","Longitude":"-73.90597366","School District":"9","Managed By":"NON-PUBLIC K-12 SCHOOLS"},"geometry":{"type":"Point","coordinates":[-73.90597366,40.83788667]}},
{"type":"Feature","properties":{"School Name":"Aim High Children'S Services","Address":"490 EAST 143 STREET","City":"BRONX","Zip":"10454","Principal":null,"Principal Phone":null,"Grades":null,"Location Code":null,"Building Code":null,"Latitude":"40.81112742312393","Longitude":"-73.9181473541386","School District":"7","Managed By":"NON-PUBLIC K-12 SCHOOLS"},"geometry":{"type":"Point","coordinates":[-73.918147354138597,40.811127423123928]}},
{"type":"Feature","properties":{"School Name":"Saint Athanasius School","Address":"830 SOUTHERN BOULEVARD","City":"BRONX","Zip":"10459","Principal":null,"Principal Phone":null,"Grades":null,"Location Code":null,"Building Code":null,"Latitude":"40.81709681376852","Longitude":"-73.89498783268675","School District":"8","Managed By":"NON-PUBLIC K-12 SCHOOLS"},"geometry":{"type":"Point","coordinates":[-73.894987832686752,40.817096813768522]}},
{"type":"Feature","properties":{"School Name":"Holy Cross School","Address":"1846 RANDALL AVENUE","City":"BRONX","Zip":"10473","Principal":null,"Principal Phone":null,"Grades":null,"Location Code":null,"Building Code":null,"Latitude":"40.81686078081606","Longitude":"-73.8605919794985","School District":"8","Managed By":"NON-PUBLIC K-12 SCHOOLS"},"geometry":{"type":"Point","coordinates":[-73.860591979498494,40.816860780816057]}},
{"type":"Feature","properties":{"School Name":"Ucp Of New  York City, Inc.","Address":"1770 STILLWELL AVENUE","City":"BRONX","Zip":"10469","Principal":null,"Principal Phone":null,"Grades":null,"Location Code":null,"Building Code":null,"Latitude":"40.85795963991315","Longitude":"-73.83319994842724","School District":"11","Managed By":"NON-PUBLIC K-12 SCHOOLS"},"geometry":{"type":"Point","coordinates":[-73.833199948427236,40.857959639913147]}},
{"type":"Feature","properties":{"School Name":"Saint Raymond Boys High School","Address":"2151 ST RAYMOND AVENUE","City":"BRONX","Zip":"10462","Principal":null,"Principal Phone":null,"Grades":null,"Location Code":null,"Building Code":null,"Latitude":"40.838010268277785","Longitude":"-73.85412311159004","School District":"11","Managed By":"NON-PUBLIC K-12 SCHOOLS"},"geometry":{"type":"Point","coordinates":[-73.854123111590042,40.838010268277785]}},
{"type":"Feature","properties":{"School Name":"Kinneret Day School","Address":"2600 NETHERLAND AVENUE","City":"BRONX","Zip":"10463","Principal":null,"Principal Phone":null,"Grades":null,"Location Code":null,"Building Code":null,"Latitude":"40.878632793838655","Longitude":"-73.91477618687574","School District":"10","Managed By":"NON-PUBLIC K-12 SCHOOLS"},"geometry":{"type":"Point","coordinates":[-73.914776186875741,40.878632793838655]}},
{"type":"Feature","properties":{"School Name":"Salanter Akiba Riverdale Academy","Address":"655 WEST 254 STREET","City":"BRONX","Zip":"10471","Principal":null,"Principal Phone":null,"Grades":null,"Location Code":null,"Building Code":null,"Latitude":"40.90383202834949","Longitude":"-73.9109700560305","School District":"10","Managed By":"NON-PUBLIC K-12 SCHOOLS"},"geometry":{"type":"Point","coordinates":[-73.910970056030493,40.903832028349491]}},
{"type":"Feature","properties":{"School Name":"Preston High School","Address":"2780 SCHURZ AVENUE","City":"BRONX","Zip":"10465","Principal":null,"Principal Phone":null,"Grades":null,"Location Code":null,"Building Code":null,"Latitude":"40.8137725351102","Longitude":"-73.81969128466571","School District":"8","Managed By":"NON-PUBLIC K-12 SCHOOLS"},"geometry":{"type":"Point","coordinates":[-73.819691284665709,40.813772535110203]}},
{"type":"Feature","properties":{"School Name":"Northeast Bronx Day Care Center, Inc.","Address":"1732 DAVIDSON AVENUE","City":"BRONX","Zip":"10453","Principal":null,"Principal Phone":null,"Grades":null,"Location Code":null,"Building Code":null,"Latitude":"40.84791030038394","Longitude":"-73.91302865569175","School District":"9","Managed By":"NON-PUBLIC K-12 SCHOOLS"},"geometry":{"type":"Point","coordinates":[-73.913028655691747,40.847910300383937]}},
{"type":"Feature","properties":{"School Name":"Saint Philip Neri School","Address":"3031 GRAND CONCOURSE","City":"BRONX","Zip":"10468","Principal":null,"Principal Phone":null,"Grades":null,"Location Code":null,"Building Code":null,"Latitude":"40.873926182077945","Longitude":"-73.88737758235918","School District":"10","Managed By":"NON-PUBLIC K-12 SCHOOLS"},"geometry":{"type":"Point","coordinates":[-73.887377582359179,40.873926182077945]}},
{"type":"Feature","properties":{"School Name":"Lavelle School For The Blind","Address":"3830 PAULDING AVENUE","City":"BRONX","Zip":"10469","Principal":null,"Principal Phone":null,"Grades":null,"Location Code":null,"Building Code":null,"Latitude":"40.881779832184506","Longitude":"-73.85324535224413","School District":"11","Managed By":"NON-PUBLIC K-12 SCHOOLS"},"geometry":{"type":"Point","coordinates":[-73.85324535224413,40.881779832184506]}},
{"type":"Feature","properties":{"School Name":"Sunshine Developmental School","Address":"711 MANIDA ST","City":"BRONX","Zip":"10474","Principal":null,"Principal Phone":null,"Grades":null,"Location Code":null,"Building Code":null,"Latitude":"40.81477364","Longitude":"-73.88864312","School District":"8","Managed By":"NON-PUBLIC K-12 SCHOOLS"},"geometry":{"type":"Point","coordinates":[-73.88864312,40.81477364]}},
{"type":"Feature","properties":{"School Name":"Aim High Children'S Services","Address":"141 FEATHERBED LANE","City":"BRONX","Zip":"10452","Principal":null,"Principal Phone":null,"Grades":null,"Location Code":null,"Building Code":null,"Latitude":"40.84649339709312","Longitude":"-73.92036117781205","School District":"9","Managed By":"NON-PUBLIC K-12 SCHOOLS"},"geometry":{"type":"Point","coordinates":[-73.920361177812055,40.84649339709312]}},
{"type":"Feature","properties":{"School Name":"South Bronx Academy for Applied Media","Address":"778 FOREST AVENUE","City":"BRONX","Zip":"10456","Principal":"Sean Brock","Principal Phone":"718-401-0059","Grades":"06,07,08,SE","Location Code":"X296","Building Code":"X184","Latitude":"40.8186399","Longitude":"-73.9053941","School District":"7","Managed By":"DOE"},"geometry":{"type":"Point","coordinates":[-73.905394100000024,40.8186399]}},
{"type":"Feature","properties":{"School Name":"Academy of Public Relations","Address":"778 FOREST AVENUE","City":"BRONX","Zip":"10456","Principal":"Michael Vazquez","Principal Phone":"718-665-8866","Grades":"06,07,08,SE","Location Code":"X298","Building Code":"X184","Latitude":"40.8186399","Longitude":"-73.9053941","School District":"7","Managed By":"DOE"},"geometry":{"type":"Point","coordinates":[-73.905394100000024,40.8186399]}},
{"type":"Feature","properties":{"School Name":"Jill Chaifetz Transfer High School","Address":"778 FOREST AVENUE","City":"BRONX","Zip":"10456","Principal":"Jessy Simon","Principal Phone":"718-402-2429","Grades":"09,10,11,12,SE","Location Code":"X379","Building Code":"X184","Latitude":"40.8186399","Longitude":"-73.9053941","School District":"7","Managed By":"DOE"},"geometry":{"type":"Point","coordinates":[-73.905394100000024,40.8186399]}},
{"type":"Feature","properties":{"School Name":"P.S. X017","Address":"778 FOREST AVENUE","City":"BRONX","Zip":"10456","Principal":"ANGELA JONES","Principal Phone":"718-665-5617","Grades":"01,02,03,04,05,06,07,08,09,10,11,12,SE","Location Code":"X017","Building Code":"X184","Latitude":"40.8186399","Longitude":"-73.9053941","School District":"7","Managed By":"DOE"},"geometry":{"type":"Point","coordinates":[-73.905394100000024,40.8186399]}},
{"type":"Feature","properties":{"School Name":"P.S. 161 Juan Ponce De Leon School","Address":"628 TINTON AVENUE","City":"BRONX","Zip":"10455","Principal":"ALANA BIBERGAL","Principal Phone":"718-292-5478","Grades":"PK,0K,01,02,03,04,05,SE","Location Code":"X161","Building Code":"X161","Latitude":"40.814168","Longitude":"-73.905233","School District":"7","Managed By":"DOE"},"geometry":{"type":"Point","coordinates":[-73.905233,40.814168]}},
{"type":"Feature","properties":{"School Name":"Academy of Exploratory Arts","Address":"468 EAST 140 STREET","City":"BRONX","Zip":"10454","Principal":"Christian Hernandez","Principal Phone":"718-292-2237","Grades":"PK,0K,01,02,03,04,05,SE","Location Code":"X179","Building Code":"X040","Latitude":"40.8092369","Longitude":"-73.9199998","School District":"7","Managed By":"DOE"},"geometry":{"type":"Point","coordinates":[-73.919999800000028,40.809236899999974]}},
{"type":"Feature","properties":{"School Name":"South Bronx Preparatory: A College Board School","Address":"360 EAST 145 STREET","City":"BRONX","Zip":"10454","Principal":"ELLEN FLANAGAN","Principal Phone":"718-292-2211","Grades":"06,07,08,09,10,11,12,SE","Location Code":"X221","Building Code":"X149","Latitude":"40.8137231","Longitude":"-73.9206428","School District":"7","Managed By":"DOE"},"geometry":{"type":"Point","coordinates":[-73.9206428,40.8137231]}},
{"type":"Feature","properties":{"School Name":"The Laboratory School of Finance and Technology: X223","Address":"360 EAST 145 STREET","City":"BRONX","Zip":"10454","Principal":"Eric Lincoln","Principal Phone":"718-585-8202","Grades":"06,07,08,09,10,11,12,SE","Location Code":"X223","Building Code":"X149","Latitude":"40.8137231","Longitude":"-73.9206428","School District":"7","Managed By":"DOE"},"geometry":{"type":"Point","coordinates":[-73.9206428,40.8137231]}},
{"type":"Feature","properties":{"School Name":"P.S./I.S. 224","Address":"345 BROOK AVENUE","City":"BRONX","Zip":"10454","Principal":"Uchechukwu Njoku","Principal Phone":"718-665-9804","Grades":"06,07,08,SE","Location Code":"X224","Building Code":"X139","Latitude":"40.8101969","Longitude":"-73.9186219","School District":"7","Managed By":"DOE"},"geometry":{"type":"Point","coordinates":[-73.9186219,40.8101969]}},
{"type":"Feature","properties":{"School Name":"Family Life Academy Charter School II","Address":"296 EAST 140 STREET","City":"BRONX","Zip":"10454","Principal":"Ambar Terrero/Valerie Marchionno","Principal Phone":"718-410-8100","Grades":"01,02,03,04,05,06,07,08","Location Code":"X233","Building Code":"XAGV","Latitude":"40.811562","Longitude":"-73.925416","School District":"7","Managed By":"Charter"},"geometry":{"type":"Point","coordinates":[-73.925416,40.811562]}},
{"type":"Feature","properties":{"School Name":"H.E.R.O. High (Health, Education, and Research Occupations High School)","Address":"455 SOUTHERN BLVD","City":"BRONX","Zip":"10455","Principal":"Kristin Cahill Garcia","Principal Phone":"718-585-8013","Grades":"09,10,11,12,SE","Location Code":"X259","Building Code":"X655","Latitude":"40.8104034","Longitude":"-73.9073691","School District":"7","Managed By":"DOE"},"geometry":{"type":"Point","coordinates":[-73.907369099999983,40.810403399999984]}},
{"type":"Feature","properties":{"School Name":"P.S. 277","Address":"519 ST ANNS AVENUE","City":"BRONX","Zip":"10455","Principal":"NATASHA BRACEY FERGUSON","Principal Phone":"718-292-3594","Grades":"PK,0K,01,02,03,04,05,SE","Location Code":"X277","Building Code":"X027","Latitude":"40.813385","Longitude":"-73.913872","School District":"7","Managed By":"DOE"},"geometry":{"type":"Point","coordinates":[-73.913872,40.813385]}},
{"type":"Feature","properties":{"School Name":"South Bronx Charter School for International Cultures and the Arts","Address":"164 BRUCKNER BOULEVARD","City":"BRONX","Zip":"10454","Principal":"Evelyn Hey/Azizi Madramootoo","Principal Phone":"718-401-9216","Grades":"0K,01,02,03,04,05,06,07,08,09,10,11","Location Code":"X309","Building Code":"XAXD","Latitude":"40.803052","Longitude":"-73.918037","School District":"7","Managed By":"Charter"},"geometry":{"type":"Point","coordinates":[-73.918037,40.803052]}},
{"type":"Feature","properties":{"School Name":"International Community High School","Address":"345 BROOK AVENUE","City":"BRONX","Zip":"10454","Principal":"BERENA CABARCAS","Principal Phone":"718-665-4128","Grades":"09,10,11,12,SE","Location Code":"X334","Building Code":"X139","Latitude":"40.8101969","Longitude":"-73.9186219","School District":"7","Managed By":"DOE"},"geometry":{"type":"Point","coordinates":[-73.9186219,40.8101969]}},
{"type":"Feature","properties":{"School Name":"Academy of Applied Mathematics and Technology","Address":"345 BROOK AVENUE","City":"BRONX","Zip":"10454","Principal":"Vincent Gassetto","Principal Phone":"718-292-3883","Grades":"06,07,08,SE","Location Code":"X343","Building Code":"X139","Latitude":"40.8101969","Longitude":"-73.9186219","School District":"7","Managed By":"DOE"},"geometry":{"type":"Point","coordinates":[-73.9186219,40.8101969]}},
{"type":"Feature","properties":{"School Name":"Leaders of Excellence, Advocacy and Discovery","Address":"639 ST ANNS AVENUE","City":"BRONX","Zip":"10455","Principal":"Alexa Sorden","Principal Phone":"718-402-7503","Grades":"PK,01,02,03,04,05,06,SE","Location Code":"X359","Building Code":"X487","Latitude":"40.817192","Longitude":"-73.9117231","School District":"7","Managed By":"DOE"},"geometry":{"type":"Point","coordinates":[-73.911723100000017,40.817192]}},
{"type":"Feature","properties":{"School Name":"South Bronx Classical Charter School II","Address":"333 EAST 135 STREET","City":"BRONX","Zip":"10454","Principal":"Leena Gyftopoulos/Lester Long","Principal Phone":"718-292-9526","Grades":"0K,01,02,03,04,05,06,07,08","Location Code":"X364","Building Code":"X154","Latitude":"40.8082435","Longitude":"-73.9257407","School District":"7","Managed By":"Charter"},"geometry":{"type":"Point","coordinates":[-73.9257407,40.8082435]}},
{"type":"Feature","properties":{"School Name":"Young Leaders Elementary School","Address":"468 EAST 140 STREET","City":"BRONX","Zip":"10454","Principal":"Jaleelah Cooke","Principal Phone":"718-292-7391","Grades":"PK,01,02,03,04,05,SE","Location Code":"X369","Building Code":"X040","Latitude":"40.8092369","Longitude":"-73.9199998","School District":"7","Managed By":"DOE"},"geometry":{"type":"Point","coordinates":[-73.919999800000028,40.809236899999974]}},
{"type":"Feature","properties":{"School Name":"Bronx Haven High School","Address":"333 EAST 151 STREET","City":"BRONX","Zip":"10451","Principal":"JAZMIN RIVERA POLANCO","Principal Phone":"718-292-3638","Grades":"09,10,11,12,SE","Location Code":"X381","Building Code":"X600","Latitude":"40.8184997","Longitude":"-73.9195405","School District":"7","Managed By":"DOE"},"geometry":{"type":"Point","coordinates":[-73.919540499999982,40.818499700000018]}},
{"type":"Feature","properties":{"School Name":"Brilla College Preparatory Charter School","Address":"413 EAST 144 STREET","City":"BRONX","Zip":"10454","Principal":"Yeime Valle/Denise Mccrummen","Principal Phone":"347-273-8439","Grades":"0K,01,02,03,04,05,06,07,08,09,10,11,12","Location Code":"X387","Building Code":"XAEJ","Latitude":"40.812804","Longitude":"-73.919316","School District":"7","Managed By":"Charter"},"geometry":{"type":"Point","coordinates":[-73.919316,40.812804]}},
{"type":"Feature","properties":{"School Name":"University Prep Charter High School","Address":"600 SAINT ANN'S AVENUE","City":"BRONX","Zip":"10455","Principal":"Andrea D'amato/Andrew Ayers","Principal Phone":"718-585-0560","Grades":"09,10,11,12","Location Code":"X393","Building Code":"X162","Latitude":"40.8147431","Longitude":"-73.9120587","School District":"7","Managed By":"Charter"},"geometry":{"type":"Point","coordinates":[-73.912058699999989,40.814743099999987]}},
{"type":"Feature","properties":{"School Name":"Mott Haven Charter School","Address":"170 BROWN PLACE","City":"BRONX","Zip":"10454","Principal":"Jessica Nauiokas/Michael Windram","Principal Phone":"718-292-7015","Grades":"0K,01,02,03,04,05,06,07,08,SE","Location Code":"X394","Building Code":"XASK","Latitude":"40.806389","Longitude":"-73.92115","School District":"7","Managed By":"Charter"},"geometry":{"type":"Point","coordinates":[-73.92115,40.806389]}},
{"type":"Feature","properties":{"School Name":"Access Bronx Charter School","Address":"388 WILLIS AVENUE","City":"BRONX","Zip":"10454","Principal":"Denise Alexander","Principal Phone":"718-402-3300","Grades":"0K,01,02,03,04,05,06,07,08","Location Code":"X407","Building Code":"XAFR","Latitude":"40.81264","Longitude":"-73.919913","School District":"7","Managed By":"Charter"},"geometry":{"type":"Point","coordinates":[-73.919913,40.81264]}},
{"type":"Feature","properties":{"School Name":"Community School for Social Justice","Address":"350 GERARD AVENUE","City":"BRONX","Zip":"10451","Principal":"Jaime Guzman","Principal Phone":"718-402-8481","Grades":"09,10,11,12,SE","Location Code":"X427","Building Code":"X884","Latitude":"40.8156741","Longitude":"-73.9301357","School District":"7","Managed By":"DOE"},"geometry":{"type":"Point","coordinates":[-73.9301357,40.815674100000024]}},
{"type":"Feature","properties":{"School Name":"American Dream Charter School","Address":"510 EAST 141 STREET","City":"BRONX","Zip":"10454","Principal":"Melissa Melkonian/Beatriz Banuelos","Principal Phone":"718-585-3071","Grades":"06,07,08,09,10,11,12","Location Code":"X471","Building Code":"X030","Latitude":"40.8091669","Longitude":"-73.9178871","School District":"7","Managed By":"Charter"},"geometry":{"type":"Point","coordinates":[-73.917887099999973,40.80916689999998]}},
{"type":"Feature","properties":{"School Name":"Family Life Academy Charter School III","Address":"370 GERARD AVENUE","City":"BRONX","Zip":"10451","Principal":"Rachel Cotto-Nunez","Principal Phone":"718-410-8100","Grades":"01,02,03,04,05","Location Code":"X472","Building Code":"XBAV","Latitude":"40.816245","Longitude":"-73.929949","School District":"7","Managed By":"Charter"},"geometry":{"type":"Point","coordinates":[-73.929949,40.816245]}},
{"type":"Feature","properties":{"School Name":"Rosalyn Yalow Charter School","Address":"650 GRAND CONCOURSE","City":"BRONX","Zip":"10451","Principal":"Alec Diacou/Kim Smaw","Principal Phone":"347-735-5480","Grades":"0K,01,02,03,04,05,06","Location Code":"X486","Building Code":"XAAV","Latitude":"40.820059","Longitude":"-73.925045","School District":"7","Managed By":"Charter"},"geometry":{"type":"Point","coordinates":[-73.925045,40.820059]}},
{"type":"Feature","properties":{"School Name":"Academic Leadership Charter School","Address":"677 EAST 141 STREET","City":"BRONX","Zip":"10454","Principal":"Norma Hurwitz/Leena Varghese","Principal Phone":"718-585-4215","Grades":"0K,01,02,03,04,05,06,07,08,09","Location Code":"X491","Building Code":"X065","Latitude":"40.8076622","Longitude":"-73.912743","School District":"7","Managed By":"Charter"},"geometry":{"type":"Point","coordinates":[-73.912743,40.807662199999982]}},
{"type":"Feature","properties":{"School Name":"Success Academy Charter School - Bronx 1","Address":"339 MORRIS AVENUE","City":"BRONX","Zip":"10451","Principal":null,"Principal Phone":"347-286-7950","Grades":"0K,01,02,03,04,05,06,07,08,SE","Location Code":"X493","Building Code":"X183","Latitude":"40.8136855","Longitude":"-73.9257866","School District":"7","Managed By":"Charter"},"geometry":{"type":"Point","coordinates":[-73.925786599999981,40.81368550000002]}},
{"type":"Feature","properties":{"School Name":"Storefront Academy Charter School","Address":"609 JACKSON AVENUE","City":"BRONX","Zip":"10455","Principal":"Nicole Richardson-Garcia/Carol Singletary","Principal Phone":"646-659-6029","Grades":"0K,01,02,03,04,05","Location Code":"X497","Building Code":"XBBX","Latitude":"40.814952","Longitude":"-73.908773","School District":"7","Managed By":"Charter"},"geometry":{"type":"Point","coordinates":[-73.908773,40.814952]}},
{"type":"Feature","properties":{"School Name":"Hostos-Lincoln Academy of Science","Address":"600 SAINT ANN'S AVENUE","City":"BRONX","Zip":"10455","Principal":"NICHOLAS PAARLBERG","Principal Phone":"718-402-5640","Grades":"06,07,08,09,10,11,12,SE","Location Code":"X500","Building Code":"X162","Latitude":"40.8147431","Longitude":"-73.9120587","School District":"7","Managed By":"DOE"},"geometry":{"type":"Point","coordinates":[-73.912058699999989,40.814743099999987]}},
{"type":"Feature","properties":{"School Name":"Bronx Design and Construction Academy","Address":"333 EAST 151 STREET","City":"BRONX","Zip":"10451","Principal":"Joyce Pulphus","Principal Phone":"718-402-7690","Grades":"09,10,11,12,SE","Location Code":"X522","Building Code":"X600","Latitude":"40.8184997","Longitude":"-73.9195405","School District":"7","Managed By":"DOE"},"geometry":{"type":"Point","coordinates":[-73.919540499999982,40.818499700000018]}},
{"type":"Feature","properties":{"School Name":"Learning Through Play Pre-K Center","Address":"535 UNION AVENUE","City":"BRONX","Zip":"10455","Principal":"Carlyn Rahynes","Principal Phone":"718-292-4120","Grades":"PK","Location Code":"X533","Building Code":"X356","Latitude":"40.812075","Longitude":"-73.90557","School District":"7","Managed By":"DOE"},"geometry":{"type":"Point","coordinates":[-73.90557,40.812075]}},
{"type":"Feature","properties":{"School Name":"The Urban Assembly Bronx Academy of Letters","Address":"339 MORRIS AVENUE","City":"BRONX","Zip":"10451","Principal":"Amy Schless","Principal Phone":"718-401-4891","Grades":"06,07,08,09,10,11,12,SE","Location Code":"X551","Building Code":"X183","Latitude":"40.8136855","Longitude":"-73.9257866","School District":"7","Managed By":"DOE"},"geometry":{"type":"Point","coordinates":[-73.925786599999981,40.81368550000002]}},
{"type":"Feature","properties":{"School Name":"Choice Charter School","Address":"423 EAST 138 STREET","City":"BRONX","Zip":"10454","Principal":"Abeku Hayes","Principal Phone":"347-226-9094","Grades":null,"Location Code":"X554","Building Code":"XAFI","Latitude":"40.808703","Longitude":"-73.921888","School District":"7","Managed By":"Charter"},"geometry":{"type":"Point","coordinates":[-73.921888,40.808703]}},
{"type":"Feature","properties":{"School Name":"Mott Haven Community High School","Address":"455 SOUTHERN BLVD","City":"BRONX","Zip":"10455","Principal":"Helene Spadaccini","Principal Phone":"718-665-8512","Grades":"10,11,12,SE","Location Code":"X557","Building Code":"X655","Latitude":"40.8104034","Longitude":"-73.9073691","School District":"7","Managed By":"DOE"},"geometry":{"type":"Point","coordinates":[-73.907369099999983,40.810403399999984]}},
{"type":"Feature","properties":{"School Name":"I.S. 584","Address":"600 SAINT ANN'S AVENUE","City":"BRONX","Zip":"10455","Principal":"TANNIS SERTIMA","Principal Phone":"718-742-2900","Grades":"06,07,08,SE","Location Code":"X584","Building Code":"X162","Latitude":"40.8147431","Longitude":"-73.9120587","School District":"7","Managed By":"DOE"},"geometry":{"type":"Point","coordinates":[-73.912058699999989,40.814743099999987]}},
{"type":"Feature","properties":{"School Name":"Legacy College Preparatory Charter School","Address":"416 WILLIS AVENUE","City":"BRONX","Zip":"10454","Principal":"Summer Schneider/Christian Toledo","Principal Phone":null,"Grades":"06,07,08,09,10,11,12","Location Code":"X585","Building Code":"XATI","Latitude":"40.813077","Longitude":"-73.919979","School District":"7","Managed By":"Charter"},"geometry":{"type":"Point","coordinates":[-73.919979,40.813077]}},
{"type":"Feature","properties":{"School Name":"South Bronx Classical Charter School IV","Address":"757 CONCOURSE VILLAGE WEST","City":"BRONX","Zip":"10451","Principal":"Rebecca Scognamiglio/London Edwards Johnson","Principal Phone":"929-285-3025","Grades":"0K,01,02,03,04,05,06,07,08","Location Code":"X588","Building Code":"XBVI","Latitude":"40.823885","Longitude":"-73.923271","School District":"7","Managed By":"Charter"},"geometry":{"type":"Point","coordinates":[-73.923271,40.823885]}},
{"type":"Feature","properties":{"School Name":"Urban Assembly Charter School for Computer Science","Address":"447 WALES AVENUE","City":"BRONX","Zip":"10455","Principal":"David Noah/Iris Adler","Principal Phone":null,"Grades":"09,10,11,12","Location Code":"X597","Building Code":"XCQF","Latitude":"40.8103338","Longitude":"-73.9082992","School District":"7","Managed By":"Charter"},"geometry":{"type":"Point","coordinates":[-73.908299199999988,40.810333800000024]}},
{"type":"Feature","properties":{"School Name":"Alfred E. Smith Career and Technical Education High School","Address":"333 EAST 151 STREET","City":"BRONX","Zip":"10451","Principal":"Evan Schwartz","Principal Phone":"718-993-5000","Grades":"09,10,11,12,SE","Location Code":"X600","Building Code":"X600","Latitude":"40.8184997","Longitude":"-73.9195405","School District":"7","Managed By":"DOE"},"geometry":{"type":"Point","coordinates":[-73.919540499999982,40.818499700000018]}},
{"type":"Feature","properties":{"School Name":"Zeta Charter Schools - South Bronx","Address":"425 WESTCHESTER AVENUE","City":"BRONX","Zip":"10455","Principal":"Shea Reeder","Principal Phone":null,"Grades":"PK,0K,01,02,03,04,05,06,07,08","Location Code":"X609","Building Code":"XCKK","Latitude":"40.816452","Longitude":"-73.915977","School District":"7","Managed By":"Charter"},"geometry":{"type":"Point","coordinates":[-73.915977,40.816452]}},
{"type":"Feature","properties":{"School Name":"Creo College Preparatory Charter School","Address":"524 COURTLANDT AVENUE","City":"BRONX","Zip":"10451","Principal":"Ben Samuels-Kalow","Principal Phone":"347-216-9246","Grades":"05,06,07,08","Location Code":"X612","Building Code":"XBPM","Latitude":"40.816145","Longitude":"-73.919432","School District":"7","Managed By":"Charter"},"geometry":{"type":"Point","coordinates":[-73.919432,40.816145]}},
{"type":"Feature","properties":{"School Name":"Dream Charter School Mott Haven","Address":"20 BRUCKNER BOULEVARD","City":"BRONX","Zip":"10454","Principal":"Jamie Platzer/Crystal Lane","Principal Phone":null,"Grades":"0K,01,02,03,04,05,06,07,08,09,10,11,12","Location Code":"X614","Building Code":"XCKQ","Latitude":"40.807365","Longitude":"-73.928762","School District":"7","Managed By":"Charter"},"geometry":{"type":"Point","coordinates":[-73.928762,40.807365]}},
{"type":"Feature","properties":{"School Name":"University Prep Charter Middle School","Address":"470 JACKSON AVENUE","City":"BRONX","Zip":"10455","Principal":"Andrea D'amato/David Patterson","Principal Phone":null,"Grades":"05,06,07,08","Location Code":"X615","Building Code":"X155","Latitude":"40.811061","Longitude":"-73.9093732","School District":"7","Managed By":"Charter"},"geometry":{"type":"Point","coordinates":[-73.9093732,40.811061]}},
{"type":"Feature","properties":{"School Name":"KIPP Bronx Charter School III","Address":"501 GERARD AVENUE","City":"BRONX","Zip":"10451","Principal":"Diamond Graham/Kate Baughman","Principal Phone":null,"Grades":"0K,01,02,03,04,05,06,07,08,09,10,11,12","Location Code":"X617","Building Code":"XCHO","Latitude":"40.818347","Longitude":"-73.929502","School District":"7","Managed By":"Charter"},"geometry":{"type":"Point","coordinates":[-73.929502,40.818347]}},
{"type":"Feature","properties":{"School Name":"Neighborhood Charter School: Bronx","Address":"411 WALES AVENUE","City":"BRONX","Zip":"10454","Principal":"Nicholas Carton","Principal Phone":null,"Grades":"0K,01,02,03,04,05,06,07","Location Code":"X623","Building Code":"XBPP","Latitude":"40.808963","Longitude":"-73.909019","School District":"7","Managed By":"Charter"},"geometry":{"type":"Point","coordinates":[-73.909019,40.808963]}},
{"type":"Feature","properties":{"School Name":"Success Academy Charter School – Bronx 5 Lower","Address":"604 EAST 139 STREET","City":"BRONX","Zip":"10454","Principal":null,"Principal Phone":null,"Grades":"0K,01,02","Location Code":"X637","Building Code":"XCKH","Latitude":"40.8066833","Longitude":"-73.9152991","School District":"7","Managed By":"Charter"},"geometry":{"type":"Point","coordinates":[-73.915299100000027,40.806683299999975]}},
{"type":"Feature","properties":{"School Name":"Success Academy Charter School – Bronx 5 Upper","Address":"604 EAST 139 STREET","City":"BRONX","Zip":"10454","Principal":null,"Principal Phone":null,"Grades":"03,04,05,06","Location Code":"X638","Building Code":"XCKH","Latitude":"40.8066833","Longitude":"-73.9152991","School District":"7","Managed By":"Charter"},"geometry":{"type":"Point","coordinates":[-73.915299100000027,40.806683299999975]}},
{"type":"Feature","properties":{"School Name":"P.S. X643","Address":"639 ST ANNS AVENUE","City":"BRONX","Zip":"10455","Principal":"Merrin Palish","Principal Phone":"332-286-1350","Grades":"0K,01,02,03,04,05,06,07,08,SE","Location Code":"X643","Building Code":"X487","Latitude":"40.817192","Longitude":"-73.9117231","School District":"7","Managed By":"DOE"},"geometry":{"type":"Point","coordinates":[-73.911723100000017,40.817192]}},
{"type":"Feature","properties":{"School Name":"Health Opportunities High School","Address":"350 GERARD AVENUE","City":"BRONX","Zip":"10451","Principal":"Rani Pendharkar","Principal Phone":"718-401-1826","Grades":"09,10,11,12,SE","Location Code":"X670","Building Code":"X884","Latitude":"40.8156741","Longitude":"-73.9301357","School District":"7","Managed By":"DOE"},"geometry":{"type":"Point","coordinates":[-73.9301357,40.815674100000024]}},
{"type":"Feature","properties":{"School Name":"Passages Academy","Address":null,"City":null,"Zip":null,"Principal":null,"Principal Phone":null,"Grades":null,"Location Code":"X695","Building Code":"X991","Latitude":"40.814614","Longitude":"-73.913386","School District":"7","Managed By":null},"geometry":{"type":"Point","coordinates":[-73.913386,40.814614]}},
{"type":"Feature","properties":{"School Name":"J. M. Rapport School Career Development","Address":"470 JACKSON AVENUE","City":"BRONX","Zip":"10455","Principal":"KARINA FELIZ","Principal Phone":"718-993-5581","Grades":"08,09,10,11,12,SE","Location Code":"X754","Building Code":"X155","Latitude":"40.811061","Longitude":"-73.9093732","School District":"7","Managed By":"DOE"},"geometry":{"type":"Point","coordinates":[-73.9093732,40.811061]}},
{"type":"Feature","properties":{"School Name":"P.S. 001 Courtlandt School","Address":"335 EAST 152 STREET","City":"BRONX","Zip":"10451","Principal":"Jenilee Ramirez","Principal Phone":"718-299-3700","Grades":"PK,0K,01,02,03,04,05,SE","Location Code":"X001","Building Code":"X001","Latitude":"40.819331","Longitude":"-73.919634","School District":"7","Managed By":"DOE"},"geometry":{"type":"Point","coordinates":[-73.919634,40.819331]}},
{"type":"Feature","properties":{"School Name":"P.S. 5 Port Morris","Address":"564 JACKSON AVENUE","City":"BRONX","Zip":"10455","Principal":"Danielle Keane","Principal Phone":"718-292-2683","Grades":"PK,0K,01,02,03,04,05,06,07,08,SE","Location Code":"X005","Building Code":"X005","Latitude":"40.813896","Longitude":"-73.908358","School District":"7","Managed By":"DOE"},"geometry":{"type":"Point","coordinates":[-73.908358,40.813896]}},
{"type":"Feature","properties":{"School Name":"P.S. 018 John Peter Zenger","Address":"502 MORRIS AVENUE","City":"BRONX","Zip":"10451","Principal":"Anjelica Jordan","Principal Phone":"718-292-2868","Grades":"PK,0K,01,02,03,04,05,SE","Location Code":"X018","Building Code":"X018","Latitude":"40.816369","Longitude":"-73.922697","School District":"7","Managed By":"DOE"},"geometry":{"type":"Point","coordinates":[-73.922697,40.816369]}},
{"type":"Feature","properties":{"School Name":"P.S. 025 Bilingual School","Address":"811 EAST 149 STREET","City":"BRONX","Zip":"10455","Principal":"Raquel Pevey","Principal Phone":"718-292-2995","Grades":"PK,0K,01,02,03,04,05,SE","Location Code":"X025","Building Code":"X025","Latitude":"40.812895","Longitude":"-73.905751","School District":"7","Managed By":"DOE"},"geometry":{"type":"Point","coordinates":[-73.905751,40.812895]}},
{"type":"Feature","properties":{"School Name":"P.S. 030 Wilton","Address":"510 EAST 141 STREET","City":"BRONX","Zip":"10454","Principal":"Keisha Green","Principal Phone":"718-292-8817","Grades":"PK,0K,01,02,03,04,05,SE","Location Code":"X030","Building Code":"X030","Latitude":"40.8091669","Longitude":"-73.9178871","School District":"7","Managed By":"DOE"},"geometry":{"type":"Point","coordinates":[-73.917887099999973,40.80916689999998]}},
{"type":"Feature","properties":{"School Name":"P.S. 043 Jonas Bronck","Address":"165 BROWN PLACE","City":"BRONX","Zip":"10454","Principal":"CAROLINE MORDECAI","Principal Phone":"718-292-4502","Grades":"PK,0K,01,02,03,04,05,SE","Location Code":"X043","Building Code":"X043","Latitude":"40.806452","Longitude":"-73.921593","School District":"7","Managed By":"DOE"},"geometry":{"type":"Point","coordinates":[-73.921593,40.806452]}},
{"type":"Feature","properties":{"School Name":"P.S. 049 Willis Avenue","Address":"383 EAST 139 STREET","City":"BRONX","Zip":"10454","Principal":"Monica Brock","Principal Phone":"718-292-4623","Grades":"PK,0K,01,02,03,04,05,SE","Location Code":"X049","Building Code":"X049","Latitude":"40.810413","Longitude":"-73.92273","School District":"7","Managed By":"DOE"},"geometry":{"type":"Point","coordinates":[-73.92273,40.810413]}},
{"type":"Feature","properties":{"School Name":"P.S. 065 Mother Hale Academy","Address":"677 EAST 141 STREET","City":"BRONX","Zip":"10454","Principal":"JESSICA LOBOEN MORROBEL","Principal Phone":"718-292-4628","Grades":"PK,0K,01,02,03,04,05,SE","Location Code":"X065","Building Code":"X065","Latitude":"40.8076622","Longitude":"-73.912743","School District":"7","Managed By":"DOE"},"geometry":{"type":"Point","coordinates":[-73.912743,40.807662199999982]}},
{"type":"Feature","properties":{"School Name":"P.S. 154 Jonathan D. Hyatt","Address":"333 EAST 135 STREET","City":"BRONX","Zip":"10454","Principal":"ALISON COVIELLO","Principal Phone":"718-292-4742","Grades":"0K,01,02,03,04,05,SE","Location Code":"X154","Building Code":"X154","Latitude":"40.8082435","Longitude":"-73.9257407","School District":"7","Managed By":"DOE"},"geometry":{"type":"Point","coordinates":[-73.9257407,40.8082435]}},
{"type":"Feature","properties":{"School Name":"YABC Programs – Manhattan, Bronx, Staten Island","Address":null,"City":null,"Zip":null,"Principal":null,"Principal Phone":null,"Grades":null,"Location Code":"M379","Building Code":"X600","Latitude":"40.8184997","Longitude":"-73.9195405","School District":"7","Managed By":"DOE"},"geometry":{"type":"Point","coordinates":[-73.919540499999982,40.818499700000018]}},
{"type":"Feature","properties":{"School Name":"Boys Preparatory Charter School of New York","Address":"192 EAST 151 STREET","City":"BRONX","Zip":"10451","Principal":"Joyanet Mangual/Steve Paul","Principal Phone":"718-860-8774","Grades":"PK,01,02,03,04,05,06,07,08,09,10,11,12,SE","Location Code":"X465","Building Code":"XBCA","Latitude":"40.820298","Longitude":"-73.927397","School District":"7","Managed By":"Charter"},"geometry":{"type":"Point","coordinates":[-73.927397,40.820298]}},
{"type":"Feature","properties":{"School Name":"NYC Charter High School for Architecture, Engineering and Construction Industries (AECI)","Address":"838 BROOK AVENUE","City":"BRONX","Zip":"10451","Principal":"Colin Healy","Principal Phone":"646-400-5566","Grades":"06,09,10,11,12","Location Code":"X395","Building Code":"XAEU","Latitude":"40.821682","Longitude":"-73.910421","School District":"7","Managed By":"Charter"},"geometry":{"type":"Point","coordinates":[-73.910421,40.821682]}},
{"type":"Feature","properties":{"School Name":"Family Life Academy Charter Schools High School","Address":"1401 INWOOD AVENUE","City":"BRONX","Zip":"10452","Principal":"Jose Martinez","Principal Phone":null,"Grades":"09,10,11,12","Location Code":"X640","Building Code":"XCQH","Latitude":"40.823695","Longitude":"-73.910589","School District":"7","Managed By":"Charter"},"geometry":{"type":"Point","coordinates":[-73.910589,40.823695]}},
{"type":"Feature","properties":{"School Name":"P.S. 157 Grove Hill","Address":"757 CAULDWELL AVENUE","City":"BRONX","Zip":"10456","Principal":"RAMONA DURAN","Principal Phone":"718-292-5255","Grades":"PK,0K,01,02,03,04,05,SE","Location Code":"X157","Building Code":"X157","Latitude":"40.819419","Longitude":"-73.908965","School District":"7","Managed By":"DOE"},"geometry":{"type":"Point","coordinates":[-73.908965,40.819419]}},
{"type":"Feature","properties":{"School Name":"Bronx Global Learning Institute for Girls Charter School","Address":"750 CONCOURSE VILLAGE WEST","City":"BRONX","Zip":"10451","Principal":"Kevin Morris/Raven Obas","Principal Phone":"718-993-1740","Grades":"0K,01,02,03,04,05,06,07,08","Location Code":"X389","Building Code":"X156","Latitude":"40.82301","Longitude":"-73.9225202","School District":"7","Managed By":"Charter"},"geometry":{"type":"Point","coordinates":[-73.9225202,40.82301]}},
{"type":"Feature","properties":{"School Name":"Mott Haven Village Preparatory High School","Address":"701 ST. ANNS AVENUE","City":"BRONX","Zip":"10455","Principal":"Jaime Dubei","Principal Phone":"718-402-0571","Grades":"09,10,11,12,SE","Location Code":"X473","Building Code":"X470","Latitude":"40.8180573","Longitude":"-73.911372","School District":"7","Managed By":"DOE"},"geometry":{"type":"Point","coordinates":[-73.911372,40.818057300000021]}},
{"type":"Feature","properties":{"School Name":"University Heights Secondary School","Address":"701 ST. ANNS AVENUE","City":"BRONX","Zip":"10455","Principal":"Hazel Joseph Roseboro","Principal Phone":"718-292-0578","Grades":"09,10,11,12,SE","Location Code":"X495","Building Code":"X470","Latitude":"40.8180573","Longitude":"-73.911372","School District":"7","Managed By":"DOE"},"geometry":{"type":"Point","coordinates":[-73.911372,40.818057300000021]}},
{"type":"Feature","properties":{"School Name":"Bronx Leadership Academy II High School","Address":"730 CONCOURSE VILLAGE WEST","City":"BRONX","Zip":"10451","Principal":"ROSE LOBIANCO","Principal Phone":"718-292-7171","Grades":"09,10,11,12,SE","Location Code":"X527","Building Code":"X790","Latitude":"40.8220496","Longitude":"-73.923626","School District":"7","Managed By":"DOE"},"geometry":{"type":"Point","coordinates":[-73.923626,40.822049600000014]}},
{"type":"Feature","properties":{"School Name":"Careers in Sports High School","Address":"730 CONCOURSE VILLAGE WEST","City":"BRONX","Zip":"10451","Principal":"Johanny Garcia","Principal Phone":"718-292-7110","Grades":"09,10,11,12,SE","Location Code":"X548","Building Code":"X790","Latitude":"40.8220496","Longitude":"-73.923626","School District":"7","Managed By":"DOE"},"geometry":{"type":"Point","coordinates":[-73.923626,40.822049600000014]}},
{"type":"Feature","properties":{"School Name":"Brilla Veritas Charter School","Address":"600 EAST 156 STREET","City":"BRONX","Zip":"10455","Principal":"Luanne Zurlo/Patrick Mcgowan","Principal Phone":"917-924-0258","Grades":"0K,01,02,03,04,05,06,07,08","Location Code":"X586","Building Code":"XBUD","Latitude":"40.818945","Longitude":"-73.909565","School District":"7","Managed By":"Charter"},"geometry":{"type":"Point","coordinates":[-73.909565,40.818945]}},
{"type":"Feature","properties":{"School Name":"Bronx Legacy High School","Address":"730 CONCOURSE VILLAGE WEST","City":"BRONX","Zip":"10451","Principal":"Henry Encarnacion","Principal Phone":null,"Grades":"09,10,11,12,SE","Location Code":"X625","Building Code":"X790","Latitude":"40.8220496","Longitude":"-73.923626","School District":"7","Managed By":"DOE"},"geometry":{"type":"Point","coordinates":[-73.923626,40.822049600000014]}},
{"type":"Feature","properties":{"School Name":"South Bronx Literacy Academy","Address":"750 CONCOURSE VILLAGE WEST","City":"BRONX","Zip":"10451","Principal":"Bethany Poolman","Principal Phone":null,"Grades":"02,03,04,05,SE","Location Code":"X642","Building Code":"X156","Latitude":"40.82301","Longitude":"-73.9225202","School District":"7","Managed By":"DOE"},"geometry":{"type":"Point","coordinates":[-73.9225202,40.82301]}},
{"type":"Feature","properties":{"School Name":"KIPP Academy Charter School","Address":"250 EAST 156 STREET","City":"BRONX","Zip":"10451","Principal":"Anissa Jones/Laura Reyes-Diaz","Principal Phone":"718-665-3555","Grades":"0K,01,02,03,04,05,06,07,08,09,10,11,12","Location Code":"X704","Building Code":"X151","Latitude":"40.8224876","Longitude":"-73.9215612","School District":"7","Managed By":"Charter"},"geometry":{"type":"Point","coordinates":[-73.921561199999985,40.822487599999988]}},
{"type":"Feature","properties":{"School Name":"P.S./M.S. 029 Melrose School","Address":"758 COURTLANDT AVENUE","City":"BRONX","Zip":"10451","Principal":"Danielle Presto","Principal Phone":"718-292-3785","Grades":"PK,0K,01,02,03,04,05,06,07,08,SE","Location Code":"X029","Building Code":"X029","Latitude":"40.821544","Longitude":"-73.916419","School District":"7","Managed By":"DOE"},"geometry":{"type":"Point","coordinates":[-73.916419,40.821544]}},
{"type":"Feature","properties":{"School Name":"P.S./M.S. 031 The William Lloyd Garrison","Address":"250 EAST 156 STREET","City":"BRONX","Zip":"10451","Principal":"KATINA YESNICK","Principal Phone":"718-292-4397","Grades":"PK,0K,01,02,03,04,05,06,07,08,SE","Location Code":"X031","Building Code":"X151","Latitude":"40.8224876","Longitude":"-73.9215612","School District":"7","Managed By":"DOE"},"geometry":{"type":"Point","coordinates":[-73.921561199999985,40.822487599999988]}},
{"type":"Feature","properties":{"School Name":"East River Academy","Address":null,"City":null,"Zip":null,"Principal":null,"Principal Phone":null,"Grades":null,"Location Code":"Q344","Building Code":"Q535","Latitude":"40.7888","Longitude":"-73.8839","School District":"7","Managed By":null},"geometry":{"type":"Point","coordinates":[-73.8839,40.7888]}},
{"type":"Feature","properties":{"School Name":"Theatre Arts Production Company School","Address":"2225 WEBSTER AVENUE","City":"BRONX","Zip":"10457","Principal":"Ron Link","Principal Phone":"718-584-0832","Grades":"06,07,08,09,10,11,12,SE","Location Code":"X225","Building Code":"X137","Latitude":"40.8545833","Longitude":"-73.8971953","School District":"10","Managed By":"DOE"},"geometry":{"type":"Point","coordinates":[-73.897195300000021,40.8545833]}},
{"type":"Feature","properties":{"School Name":"Providing Urban Learners Success In Education High School","Address":"560 EAST 179 STREET","City":"BRONX","Zip":"10457","Principal":"CAROL WIGGINS","Principal Phone":"718-294-0230","Grades":"09,10,11,12,SE","Location Code":"X319","Building Code":"X211","Latitude":"40.848385","Longitude":"-73.893744","School District":"10","Managed By":"DOE"},"geometry":{"type":"Point","coordinates":[-73.893744,40.848385]}},
{"type":"Feature","properties":{"School Name":"The Angelo Patri Middle School","Address":"2190 FOLIN STREET","City":"BRONX","Zip":"10457","Principal":"ANGEL ORTEGA","Principal Phone":"718-584-1295","Grades":"06,07,08,SE","Location Code":"X391","Building Code":"X137","Latitude":"40.8545833","Longitude":"-73.8971953","School District":"10","Managed By":"DOE"},"geometry":{"type":"Point","coordinates":[-73.897195300000021,40.8545833]}},
{"type":"Feature","properties":{"School Name":"P.S. 3 Raul Julia Micro Society","Address":"2100 LAFONTAINE AVENUE","City":"BRONX","Zip":"10457","Principal":"DENISE BROWN","Principal Phone":"718-584-1899","Grades":"PK,0K,01,02,03,04,05,06,07,08,SE","Location Code":"X003","Building Code":"X003","Latitude":"40.850131","Longitude":"-73.89163","School District":"10","Managed By":"DOE"},"geometry":{"type":"Point","coordinates":[-73.89163,40.850131]}},
{"type":"Feature","properties":{"School Name":"P.S. 9 Ryer Avenue Elementary School","Address":"230 EAST 183 STREET","City":"BRONX","Zip":"10458","Principal":"Berna Sifonte","Principal Phone":"718-584-3291","Grades":"PK,0K,01,02,03,04,05,SE","Location Code":"X009","Building Code":"X009","Latitude":"40.85644","Longitude":"-73.898821","School District":"10","Managed By":"DOE"},"geometry":{"type":"Point","coordinates":[-73.898821,40.85644]}},
{"type":"Feature","properties":{"School Name":"P.S. 023 The New Children's School","Address":"2151 WASHINGTON AVENUE","City":"BRONX","Zip":"10457","Principal":"SHIRLEY TORRES","Principal Phone":"718-584-3992","Grades":"PK,0K,01,02,03,04,05,SE","Location Code":"X023","Building Code":"X023","Latitude":"40.853294","Longitude":"-73.894951","School District":"10","Managed By":"DOE"},"geometry":{"type":"Point","coordinates":[-73.894951,40.853294]}},
{"type":"Feature","properties":{"School Name":"P.S. 059 The Community School of Technology","Address":"2185 BATHGATE AVENUE","City":"BRONX","Zip":"10457","Principal":"Sita Basu","Principal Phone":"718-584-4730","Grades":"PK,0K,01,02,03,04,05,SE","Location Code":"X059","Building Code":"X059","Latitude":"40.853141","Longitude":"-73.893639","School District":"10","Managed By":"DOE"},"geometry":{"type":"Point","coordinates":[-73.893639,40.853141]}},
{"type":"Feature","properties":{"School Name":"J.H.S. 118 William W. Niles","Address":"577 EAST 179 STREET","City":"BRONX","Zip":"10457","Principal":"Carmen Felix","Principal Phone":"718-584-2330","Grades":"06,07,08,SE","Location Code":"X118","Building Code":"X118","Latitude":"40.848702","Longitude":"-73.892482","School District":"10","Managed By":"DOE"},"geometry":{"type":"Point","coordinates":[-73.892482,40.848702]}},
{"type":"Feature","properties":{"School Name":"I.S. 206 Ann Mersereau","Address":"2280 AQUEDUCT AVENUE","City":"BRONX","Zip":"10468","Principal":"RAFAEL CABRAL","Principal Phone":"718-584-1570","Grades":"06,07,08,SE","Location Code":"X206","Building Code":"X206","Latitude":"40.859534","Longitude":"-73.906285","School District":"10","Managed By":"DOE"},"geometry":{"type":"Point","coordinates":[-73.906285,40.859534]}},
{"type":"Feature","properties":{"School Name":"P.S. 226","Address":"1950 SEDGWICK AVENUE","City":"BRONX","Zip":"10453","Principal":"GLORIA DARDEN","Principal Phone":"929-452-3090","Grades":"PK,0K,01,02,03,04,05,SE","Location Code":"X226","Building Code":"X826","Latitude":"40.855822","Longitude":"-73.916076","School District":"10","Managed By":"DOE"},"geometry":{"type":"Point","coordinates":[-73.916076,40.855822]}},
{"type":"Feature","properties":{"School Name":"P.S. 291","Address":"2195 ANDREWS AVENUE","City":"BRONX","Zip":"10453","Principal":"Jennifer Rivera","Principal Phone":"718-563-0776","Grades":"0K,01,02,03,04,05,SE","Location Code":"X291","Building Code":"X015","Latitude":"40.8591846","Longitude":"-73.9098035","School District":"10","Managed By":"DOE"},"geometry":{"type":"Point","coordinates":[-73.90980350000001,40.8591846]}},
{"type":"Feature","properties":{"School Name":"P.S. 310 Marble Hill","Address":"260 W KINGSBRIDGE RD","City":"BRONX","Zip":"10463","Principal":"Josephine Luces Louison","Principal Phone":"718-796-9434","Grades":"PK,0K,01,02,03,04,05,SE","Location Code":"X310","Building Code":"X122","Latitude":"40.872477","Longitude":"-73.905547","School District":"10","Managed By":"DOE"},"geometry":{"type":"Point","coordinates":[-73.905547,40.872477]}},
{"type":"Feature","properties":{"School Name":"M.S. 390","Address":"1930 ANDREWS AVENUE","City":"BRONX","Zip":"10453","Principal":"ANDREA VARONA VARGAS","Principal Phone":"718-583-5501","Grades":"06,07,08,SE","Location Code":"X390","Building Code":"X026","Latitude":"40.854392","Longitude":"-73.9129267","School District":"10","Managed By":"DOE"},"geometry":{"type":"Point","coordinates":[-73.912926700000014,40.854392]}},
{"type":"Feature","properties":{"School Name":"P.S. 396","Address":"1930 ANDREWS AVENUE","City":"BRONX","Zip":"10453","Principal":"Nicole Tine","Principal Phone":"718-294-0862","Grades":"PK,0K,01,02,03,04,05,SE","Location Code":"X396","Building Code":"X026","Latitude":"40.854392","Longitude":"-73.9129267","School District":"10","Managed By":"DOE"},"geometry":{"type":"Point","coordinates":[-73.912926700000014,40.854392]}},
{"type":"Feature","properties":{"School Name":"Charter High School for Law and Social Justice","Address":"1960 UNIVERSITY AVENUE","City":"BRONX","Zip":"10453","Principal":"Richard Burke","Principal Phone":"646-450-2240","Grades":"06,07,09,10,11,12","Location Code":"X429","Building Code":"XABN","Latitude":"40.853728","Longitude":"-73.911708","School District":"10","Managed By":"Charter"},"geometry":{"type":"Point","coordinates":[-73.911708,40.853728]}},
{"type":"Feature","properties":{"School Name":"Brilla Caritas Charter School","Address":"2336 ANDREWS AVENUE","City":"BRONX","Zip":"10468","Principal":"Elizabeth Berger","Principal Phone":null,"Grades":"0K,01,02,03,04,05","Location Code":"X628","Building Code":"XAEG","Latitude":"40.8619241","Longitude":"-73.9066165","School District":"10","Managed By":"Charter"},"geometry":{"type":"Point","coordinates":[-73.906616499999984,40.86192410000001]}},
{"type":"Feature","properties":{"School Name":"P.S. X015 Institute for Environmental Learning","Address":"2195 ANDREWS AVENUE","City":"BRONX","Zip":"10453","Principal":"Sarah Sosbe","Principal Phone":"718-563-0473","Grades":"0K,01,02,03,04,05,06,07,08,SE","Location Code":"X015","Building Code":"X015","Latitude":"40.8591846","Longitude":"-73.9098035","School District":"10","Managed By":"DOE"},"geometry":{"type":"Point","coordinates":[-73.90980350000001,40.8591846]}},
{"type":"Feature","properties":{"School Name":"P.S. 209","Address":"313 EAST 183 STREET","City":"BRONX","Zip":"10458","Principal":"ANN KEEGAN","Principal Phone":"718-364-0085","Grades":"PK,0K,01,02,03,SE","Location Code":"X209","Building Code":"X209","Latitude":"40.856834","Longitude":"-73.897635","School District":"10","Managed By":"DOE"},"geometry":{"type":"Point","coordinates":[-73.897635,40.856834]}},
{"type":"Feature","properties":{"School Name":"P.S. 279 Captain Manuel Rivera, Jr.","Address":"2100 WALTON AVENUE","City":"BRONX","Zip":"10453","Principal":"Jean Dalton Encke","Principal Phone":"718-584-6004","Grades":"01,02,03,04,05,06,07,08,SE","Location Code":"X279","Building Code":"X279","Latitude":"40.854666","Longitude":"-73.904958","School District":"10","Managed By":"DOE"},"geometry":{"type":"Point","coordinates":[-73.904958,40.854666]}},
{"type":"Feature","properties":{"School Name":"Academy For Personal Leadership And Excellence","Address":"120 EAST 184 STREET","City":"BRONX","Zip":"10468","Principal":"Angelo Ledda","Principal Phone":"718-220-3139","Grades":"0K,01,05,06,07,08,SE","Location Code":"X363","Building Code":"X115","Latitude":"40.859496","Longitude":"-73.90049","School District":"10","Managed By":"DOE"},"geometry":{"type":"Point","coordinates":[-73.90049,40.859496]}},
{"type":"Feature","properties":{"School Name":"School for Environmental Citizenship","Address":"125 EAST 181 STREET","City":"BRONX","Zip":"10453","Principal":"Lynnann Fox","Principal Phone":"718-563-3292","Grades":"PK,0K,01,02,03,04,05,SE","Location Code":"X386","Building Code":"X079","Latitude":"40.8554091","Longitude":"-73.9030516","School District":"10","Managed By":"DOE"},"geometry":{"type":"Point","coordinates":[-73.903051600000026,40.855409099999974]}},
{"type":"Feature","properties":{"School Name":"Creston Academy","Address":"125 EAST 181 STREET","City":"BRONX","Zip":"10453","Principal":"Deidre ann Spencer","Principal Phone":"718-367-5035","Grades":"06,07,08,SE","Location Code":"X447","Building Code":"X079","Latitude":"40.8554091","Longitude":"-73.9030516","School District":"10","Managed By":"DOE"},"geometry":{"type":"Point","coordinates":[-73.903051600000026,40.855409099999974]}},
{"type":"Feature","properties":{"School Name":"ALC - Rose Hill Academy","Address":null,"City":null,"Zip":null,"Principal":null,"Principal Phone":null,"Grades":null,"Location Code":"X995","Building Code":"X896","Latitude":"40.857248","Longitude":"-73.903165","School District":"10","Managed By":"DOE"},"geometry":{"type":"Point","coordinates":[-73.903165,40.857248]}},
{"type":"Feature","properties":{"School Name":"P.S. 033 Timothy Dwight","Address":"2424 JEROME AVENUE","City":"BRONX","Zip":"10468","Principal":"LYNETTE SANTOS","Principal Phone":"929-458-3868","Grades":"PK,0K,01,02,03,04,05,SE","Location Code":"X033","Building Code":"X033","Latitude":"40.861698","Longitude":"-73.901268","School District":"10","Managed By":"DOE"},"geometry":{"type":"Point","coordinates":[-73.901268,40.861698]}},
{"type":"Feature","properties":{"School Name":"P.S. 085 Great Expectations","Address":"2400 MARION AVENUE","City":"BRONX","Zip":"10458","Principal":"Sara Medina","Principal Phone":"718-584-5275","Grades":"PK,0K,01,02,03,04,05,SE","Location Code":"X085","Building Code":"X085","Latitude":"40.858689","Longitude":"-73.894682","School District":"10","Managed By":"DOE"},"geometry":{"type":"Point","coordinates":[-73.894682,40.858689]}},
{"type":"Feature","properties":{"School Name":"P.S. 091 Bronx","Address":"2200 AQUEDUCT AVENUE","City":"BRONX","Zip":"10453","Principal":"Meridith Struhl Nasjlett","Principal Phone":"718-584-5805","Grades":"PK,0K,01,02,03,04,05,06,SE","Location Code":"X091","Building Code":"X091","Latitude":"40.858286","Longitude":"-73.907494","School District":"10","Managed By":"DOE"},"geometry":{"type":"Point","coordinates":[-73.907494,40.858286]}},
{"type":"Feature","properties":{"School Name":"P.S. 207","Address":"3030 GODWIN TERRACE","City":"BRONX","Zip":"10463","Principal":"TARA OBRIEN","Principal Phone":"718-796-9645","Grades":"PK,0K,01,02,03,04,05,SE","Location Code":"X207","Building Code":"X819","Latitude":"40.878327","Longitude":"-73.906197","School District":"10","Managed By":"DOE"},"geometry":{"type":"Point","coordinates":[-73.906197,40.878327]}},
{"type":"Feature","properties":{"School Name":"The Marie Curie High School for Medicine, Nursing, and Health Professions","Address":"120 WEST 231 STREET","City":"BRONX","Zip":"10463","Principal":"PETA-GAYE WILLIAMS","Principal Phone":"718-432-6491","Grades":"09,10,11,12,SE","Location Code":"X237","Building Code":"X143","Latitude":"40.8756546","Longitude":"-73.9016277","School District":"10","Managed By":"DOE"},"geometry":{"type":"Point","coordinates":[-73.9016277,40.875654600000018]}},
{"type":"Feature","properties":{"School Name":"The New School for Leadership and Journalism","Address":"120 WEST 231 STREET","City":"BRONX","Zip":"10463","Principal":"Eduardo Mora","Principal Phone":"718-601-2869","Grades":"06,07,08,SE","Location Code":"X244","Building Code":"X143","Latitude":"40.8756546","Longitude":"-73.9016277","School District":"10","Managed By":"DOE"},"geometry":{"type":"Point","coordinates":[-73.9016277,40.875654600000018]}},
{"type":"Feature","properties":{"School Name":"P.S. 315 Lab School","Address":"2865 CLAFLIN AVENUE","City":"BRONX","Zip":"10468","Principal":"Gaby Flores","Principal Phone":"929-237-7750","Grades":"01,02,03,04,05,06,07,08,SE","Location Code":"X315","Building Code":"X779","Latitude":"40.873659","Longitude":"-73.900068","School District":"10","Managed By":"DOE"},"geometry":{"type":"Point","coordinates":[-73.900068,40.873659]}},
{"type":"Feature","properties":{"School Name":"Ampark Neighborhood","Address":"3961 HILLMAN AVENUE","City":"BRONX","Zip":"10463","Principal":"Meena Lildharrie","Principal Phone":"718-548-3451","Grades":"PK,0K,01,02,03,04,05,SE","Location Code":"X344","Building Code":"X095","Latitude":"40.8831692","Longitude":"-73.891706","School District":"10","Managed By":"DOE"},"geometry":{"type":"Point","coordinates":[-73.891706,40.8831692]}},
{"type":"Feature","properties":{"School Name":"International Leadership Charter High School","Address":"3030 RIVERDALE AVENUE","City":"BRONX","Zip":"10463","Principal":"Dr. Elaine Ruiz Lopez/Anil Edward","Principal Phone":"718-562-2300","Grades":"06,07,08,09,10,11,12","Location Code":"X347","Building Code":"XBAA","Latitude":"40.880853","Longitude":"-73.909955","School District":"10","Managed By":"Charter"},"geometry":{"type":"Point","coordinates":[-73.909955,40.880853]}},
{"type":"Feature","properties":{"School Name":"P.S. 360","Address":"2880 KINGSBRIDGE TERRACE","City":"BRONX","Zip":"10463","Principal":"Susan Rivera","Principal Phone":"718-548-1511","Grades":"0K,01,02,03,04,05,SE","Location Code":"X360","Building Code":"X360","Latitude":"40.874717","Longitude":"-73.902214","School District":"10","Managed By":"DOE"},"geometry":{"type":"Point","coordinates":[-73.902214,40.874717]}},
{"type":"Feature","properties":{"School Name":"Amber Charter School Kingsbridge","Address":"3120 CORLEAR AVENUE","City":"BRONX","Zip":"10463","Principal":"Veronica Almedina/Mia Thomas","Principal Phone":"646-802-1140","Grades":"0K,01,02,03,04,05,06,07,08","Location Code":"X592","Building Code":"XAFJ","Latitude":"40.880738","Longitude":"-73.907295","School District":"10","Managed By":"Charter"},"geometry":{"type":"Point","coordinates":[-73.907295,40.880738]}},
{"type":"Feature","properties":{"School Name":"South Bronx Classical Charter School V","Address":"3880 SEDGWICK AVENUE","City":"BRONX","Zip":"10463","Principal":"Lester Long","Principal Phone":null,"Grades":null,"Location Code":"X653","Building Code":"XCAL","Latitude":"40.8825575","Longitude":"-73.8937317","School District":"10","Managed By":"Charter"},"geometry":{"type":"Point","coordinates":[-73.893731699999989,40.882557500000019]}},
{"type":"Feature","properties":{"School Name":"High School of American Studies at Lehman College","Address":"2925 GOULDEN AVENUE","City":"BRONX","Zip":"10468","Principal":"ALESSANDRO WEISS","Principal Phone":"718-329-2144","Grades":"09,10,11,12","Location Code":"X696","Building Code":"X905","Latitude":"40.874725","Longitude":"-73.895543","School District":"10","Managed By":"DOE"},"geometry":{"type":"Point","coordinates":[-73.895543,40.874725]}},
{"type":"Feature","properties":{"School Name":"Milton Fein School","Address":"3201 KINGSBRIDGE AVENUE","City":"BRONX","Zip":"10463","Principal":"MIOSOTIS RAMOS","Principal Phone":"718-796-8695","Grades":"PK,0K,01,02,03,04,05,SE","Location Code":"X007","Building Code":"X007","Latitude":"40.881562","Longitude":"-73.905697","School District":"10","Managed By":"DOE"},"geometry":{"type":"Point","coordinates":[-73.905697,40.881562]}},
{"type":"Feature","properties":{"School Name":"P.S. 095 Sheila Mencher","Address":"3961 HILLMAN AVENUE","City":"BRONX","Zip":"10463","Principal":"SERGE DAVIS","Principal Phone":"718-796-9200","Grades":"0K,01,02,03,04,05,06,07,08,SE","Location Code":"X095","Building Code":"X095","Latitude":"40.8831692","Longitude":"-73.891706","School District":"10","Managed By":"DOE"},"geometry":{"type":"Point","coordinates":[-73.891706,40.8831692]}},
{"type":"Feature","properties":{"School Name":"Bronx Dance Academy School","Address":"3617 BAINBRIDGE AVENUE","City":"BRONX","Zip":"10467","Principal":"SANDRA SANCHEZ","Principal Phone":"718-515-0410","Grades":"06,07,08,SE","Location Code":"X308","Building Code":"X852","Latitude":"40.885428","Longitude":"-73.878051","School District":"10","Managed By":"DOE"},"geometry":{"type":"Point","coordinates":[-73.878051,40.885428]}},
{"type":"Feature","properties":{"School Name":"Bronx Collaborative High School","Address":"100 WEST MOSHOLU PARKWAY SOUTH","City":"BRONX","Zip":"10468","Principal":"Brett Schneider","Principal Phone":"718-543-1023","Grades":"09,10,11,12,SE","Location Code":"X351","Building Code":"X440","Latitude":"40.8812165","Longitude":"-73.8875851","School District":"10","Managed By":"DOE"},"geometry":{"type":"Point","coordinates":[-73.887585100000024,40.8812165]}},
{"type":"Feature","properties":{"School Name":"World View High School","Address":"100 WEST MOSHOLU PARKWAY SOUTH","City":"BRONX","Zip":"10468","Principal":"Martin Hernandez","Principal Phone":"718-601-0391","Grades":"09,10,11,12,SE","Location Code":"X353","Building Code":"X440","Latitude":"40.8812165","Longitude":"-73.8875851","School District":"10","Managed By":"DOE"},"geometry":{"type":"Point","coordinates":[-73.887585100000024,40.8812165]}},
{"type":"Feature","properties":{"School Name":"DeWitt Clinton High School","Address":"100 WEST MOSHOLU PARKWAY SOUTH","City":"BRONX","Zip":"10468","Principal":"Pierre Orbe","Principal Phone":"718-543-1000","Grades":"09,10,11,12,SE","Location Code":"X440","Building Code":"X440","Latitude":"40.8812165","Longitude":"-73.8875851","School District":"10","Managed By":"DOE"},"geometry":{"type":"Point","coordinates":[-73.887585100000024,40.8812165]}},
{"type":"Feature","properties":{"School Name":"The Bronx High School of Science","Address":"75 WEST 205 STREET","City":"BRONX","Zip":"10468","Principal":"MARIAN HOYLE","Principal Phone":"718-817-7700","Grades":"09,10,11,12","Location Code":"X445","Building Code":"X445","Latitude":"40.8785082","Longitude":"-73.8908792","School District":"10","Managed By":"DOE"},"geometry":{"type":"Point","coordinates":[-73.890879199999972,40.8785082]}},
{"type":"Feature","properties":{"School Name":"P.S. 024 Spuyten Duyvil","Address":"660 WEST 236 STREET","City":"BRONX","Zip":"10463","Principal":"Steven Schwartz","Principal Phone":"718-796-8845","Grades":"0K,01,02,03,04,05,SE","Location Code":"X024","Building Code":"X024","Latitude":"40.886922","Longitude":"-73.915114","School District":"10","Managed By":"DOE"},"geometry":{"type":"Point","coordinates":[-73.915114,40.886922]}},
{"type":"Feature","properties":{"School Name":"P.S. X037 - Multiple Intelligence School","Address":"360 WEST 230 STREET","City":"BRONX","Zip":"10463","Principal":"Susana Boyko","Principal Phone":"718-796-0360","Grades":"0K,01,02,03,04,05,06,07,08,SE","Location Code":"X037","Building Code":"X037","Latitude":"40.8798552","Longitude":"-73.9107713","School District":"10","Managed By":"DOE"},"geometry":{"type":"Point","coordinates":[-73.910771300000022,40.8798552]}},
{"type":"Feature","properties":{"School Name":"P.S. 081 Robert J. Christen","Address":"5550 RIVERDALE AVENUE","City":"BRONX","Zip":"10471","Principal":"Anna Kirrane","Principal Phone":"718-796-8965","Grades":"0K,01,02,03,04,05,SE","Location Code":"X081","Building Code":"X081","Latitude":"40.903275","Longitude":"-73.904657","School District":"10","Managed By":"DOE"},"geometry":{"type":"Point","coordinates":[-73.904657,40.903275]}},
{"type":"Feature","properties":{"School Name":"P.S. 094 Kings College School","Address":"3530 KINGS COLLEGE PLACE","City":"BRONX","Zip":"10467","Principal":"DIANA BAEZ","Principal Phone":"718-405-6345","Grades":"0K,01,02,03,04,05,SE","Location Code":"X094","Building Code":"X094","Latitude":"40.880661","Longitude":"-73.875268","School District":"10","Managed By":"DOE"},"geometry":{"type":"Point","coordinates":[-73.875268,40.880661]}},
{"type":"Feature","properties":{"School Name":"Riverdale / Kingsbridge Academy (Middle School / High School 141)","Address":"660 WEST 237 STREET","City":"BRONX","Zip":"10463","Principal":"LORI O MARA","Principal Phone":"718-796-8516","Grades":"06,07,08,09,10,11,12,SE","Location Code":"X141","Building Code":"X141","Latitude":"40.887407","Longitude":"-73.914141","School District":"10","Managed By":"DOE"},"geometry":{"type":"Point","coordinates":[-73.914141,40.887407]}},
{"type":"Feature","properties":{"School Name":"P.S. 306","Address":"40 WEST TREMONT AVENUE","City":"BRONX","Zip":"10453","Principal":"DARRYL HARRINGTON","Principal Phone":"718-583-5355","Grades":"0K,01,02,03,04,05,SE","Location Code":"X306","Building Code":"X306","Latitude":"40.8513941","Longitude":"-73.9108139","School District":"10","Managed By":"DOE"},"geometry":{"type":"Point","coordinates":[-73.9108139,40.8513941]}},
{"type":"Feature","properties":{"School Name":"The Bronx School of Young Leaders","Address":"40 WEST TREMONT AVENUE","City":"BRONX","Zip":"10453","Principal":"SERAPHA CRUZ","Principal Phone":"718-583-4146","Grades":"06,07,08,SE","Location Code":"X331","Building Code":"X306","Latitude":"40.8513941","Longitude":"-73.9108139","School District":"10","Managed By":"DOE"},"geometry":{"type":"Point","coordinates":[-73.9108139,40.8513941]}},
{"type":"Feature","properties":{"School Name":"Kingsbridge International High School","Address":"2780 RESERVOIR AVENUE","City":"BRONX","Zip":"10468","Principal":"Elisia Downing","Principal Phone":"718-329-8580","Grades":"09,10,11,12","Location Code":"X268","Building Code":"X430","Latitude":"40.8703766","Longitude":"-73.8969994","School District":"10","Managed By":"DOE"},"geometry":{"type":"Point","coordinates":[-73.896999400000027,40.870376599999986]}},
{"type":"Feature","properties":{"School Name":"Luisa Pineiro Fuentes School of Science and Discov","Address":null,"City":null,"Zip":null,"Principal":null,"Principal Phone":null,"Grades":null,"Location Code":"X307","Building Code":"X886","Latitude":"40.869142","Longitude":"-73.901821","School District":"10","Managed By":null},"geometry":{"type":"Point","coordinates":[-73.901821,40.869142]}},
{"type":"Feature","properties":{"School Name":"P.S. 340","Address":"25 WEST 195 STREET","City":"BRONX","Zip":"10468","Principal":"Alexei Nichols","Principal Phone":"718-220-1830","Grades":"PK,0K,01,02,03,04,05,SE","Location Code":"X340","Building Code":"X340","Latitude":"40.869407","Longitude":"-73.897171","School District":"10","Managed By":"DOE"},"geometry":{"type":"Point","coordinates":[-73.897171,40.869407]}},
{"type":"Feature","properties":{"School Name":"International School for Liberal Arts","Address":"2780 RESERVOIR AVENUE","City":"BRONX","Zip":"10468","Principal":"Gicel Adon","Principal Phone":"718-329-8570","Grades":"06,07,08,09,10,11,12,SE","Location Code":"X342","Building Code":"X430","Latitude":"40.8703766","Longitude":"-73.8969994","School District":"10","Managed By":"DOE"},"geometry":{"type":"Point","coordinates":[-73.896999400000027,40.870376599999986]}},
{"type":"Feature","properties":{"School Name":"High School for Teaching and the Professions","Address":"2780 RESERVOIR AVENUE","City":"BRONX","Zip":"10468","Principal":"Alvin Simpson","Principal Phone":"718-329-7380","Grades":"09,10,11,12,SE","Location Code":"X433","Building Code":"X430","Latitude":"40.8703766","Longitude":"-73.8969994","School District":"10","Managed By":"DOE"},"geometry":{"type":"Point","coordinates":[-73.896999400000027,40.870376599999986]}},
{"type":"Feature","properties":{"School Name":"Celia Cruz Bronx High School of Music, The","Address":"2780 RESERVOIR AVENUE","City":"BRONX","Zip":"10468","Principal":"Vern Ram","Principal Phone":"718-329-8550","Grades":"09,10,11,12,SE","Location Code":"X442","Building Code":"X430","Latitude":"40.8703766","Longitude":"-73.8969994","School District":"10","Managed By":"DOE"},"geometry":{"type":"Point","coordinates":[-73.896999400000027,40.870376599999986]}},
{"type":"Feature","properties":{"School Name":"Discovery High School","Address":"2780 RESERVOIR AVENUE","City":"BRONX","Zip":"10468","Principal":"ROLANDO RIVERA","Principal Phone":"718-733-3872","Grades":"09,10,11,12,SE","Location Code":"X549","Building Code":"X430","Latitude":"40.8703766","Longitude":"-73.8969994","School District":"10","Managed By":"DOE"},"geometry":{"type":"Point","coordinates":[-73.896999400000027,40.870376599999986]}},
{"type":"Feature","properties":{"School Name":"Success Academy Charter School - NYC 7","Address":"124 EAMES PLACE","City":"BRONX","Zip":"10468","Principal":null,"Principal Phone":null,"Grades":"0K,01,02,03,05","Location Code":"X886","Building Code":"X886","Latitude":"40.869142","Longitude":"-73.901821","School District":"10","Managed By":"Charter"},"geometry":{"type":"Point","coordinates":[-73.901821,40.869142]}},
{"type":"Feature","properties":{"School Name":"P.S. 086 Kingsbridge Heights","Address":"2756 RESERVOIR AVENUE","City":"BRONX","Zip":"10468","Principal":"Fiona Tyson","Principal Phone":"718-584-5585","Grades":"PK,0K,01,02,03,04,05,06,SE","Location Code":"X086","Building Code":"X086","Latitude":"40.8698476","Longitude":"-73.8982632","School District":"10","Managed By":"DOE"},"geometry":{"type":"Point","coordinates":[-73.898263199999974,40.869847600000014]}},
{"type":"Feature","properties":{"School Name":"P.S. 159 Luis Munoz Marin Biling","Address":"2315 WASHINGTON AVENUE","City":"BRONX","Zip":"10458","Principal":"MICHELLE MENDEZ","Principal Phone":"718-584-6140","Grades":"0K,01,02,03,04,05","Location Code":"X159","Building Code":"X159","Latitude":"40.85568","Longitude":"-73.893136","School District":"10","Managed By":"DOE"},"geometry":{"type":"Point","coordinates":[-73.893136,40.85568]}},
{"type":"Feature","properties":{"School Name":"P.S. X188","Address":"770 GROTE STREET","City":"BRONX","Zip":"10460","Principal":"SHANIE JOHNSON SMITH B","Principal Phone":"718-561-2052","Grades":"PK,0K,01,02,03,04,05,06,07,08,09,10,11,12,SE","Location Code":"X188","Building Code":"X034","Latitude":"40.850168","Longitude":"-73.883877","School District":"10","Managed By":"DOE"},"geometry":{"type":"Point","coordinates":[-73.883877,40.850168]}},
{"type":"Feature","properties":{"School Name":"P.S. 205 Fiorello LaGuardia","Address":"2475 SOUTHERN BOULEVARD","City":"BRONX","Zip":"10458","Principal":"Jenneth Santiago","Principal Phone":"718-584-6390","Grades":"0K,01,02,03,04,05,SE","Location Code":"X205","Building Code":"X205","Latitude":"40.855759","Longitude":"-73.881753","School District":"10","Managed By":"DOE"},"geometry":{"type":"Point","coordinates":[-73.881753,40.855759]}},
{"type":"Feature","properties":{"School Name":"Jonas Bronck Academy","Address":"400 EAST FORDHAM ROAD","City":"BRONX","Zip":"10458","Principal":"Brenda Gonzalez","Principal Phone":"718-365-2502","Grades":"06,07,08,09,10,11,SE","Location Code":"X228","Building Code":"X283","Latitude":"40.860987","Longitude":"-73.891562","School District":"10","Managed By":"DOE"},"geometry":{"type":"Point","coordinates":[-73.891562,40.860987]}},
{"type":"Feature","properties":{"School Name":"West Bronx Academy for the Future","Address":"500 EAST FORDHAM ROAD","City":"BRONX","Zip":"10458","Principal":"WILPER MORALES","Principal Phone":"718-563-7139","Grades":"06,07,08,09,10,11,12,SE","Location Code":"X243","Building Code":"X435","Latitude":"40.8595938","Longitude":"-73.8883987","School District":"10","Managed By":"DOE"},"geometry":{"type":"Point","coordinates":[-73.888398699999982,40.859593800000027]}},
{"type":"Feature","properties":{"School Name":"P.S. 246 Poe Center","Address":"2641 GRAND CONCOURSE","City":"BRONX","Zip":"10468","Principal":"Andrea Johnson","Principal Phone":"718-584-6764","Grades":"0K,01,02,03,04,05,SE","Location Code":"X246","Building Code":"X843","Latitude":"40.865972","Longitude":"-73.8953","School District":"10","Managed By":"DOE"},"geometry":{"type":"Point","coordinates":[-73.8953,40.865972]}},
{"type":"Feature","properties":{"School Name":"I.S. 254","Address":"2452 WASHINGTON AVENUE","City":"BRONX","Zip":"10458","Principal":"JAVIER OCAMPO","Principal Phone":"718-220-8700","Grades":"06,07,08,SE","Location Code":"X254","Building Code":"X254","Latitude":"40.858721","Longitude":"-73.889878","School District":"10","Managed By":"DOE"},"geometry":{"type":"Point","coordinates":[-73.889878,40.858721]}},
{"type":"Feature","properties":{"School Name":"Bronx Academy for Software Engineering (BASE)","Address":"2474 CROTONA AVENUE","City":"BRONX","Zip":"10458","Principal":"Benjamin Grossman","Principal Phone":"718-733-6024","Grades":"09,10,11,12,SE","Location Code":"X264","Building Code":"X660","Latitude":"40.8552739","Longitude":"-73.8824269","School District":"10","Managed By":"DOE"},"geometry":{"type":"Point","coordinates":[-73.882426899999984,40.855273899999986]}},
{"type":"Feature","properties":{"School Name":"Knowledge and Power Preparatory Academy International High School (Kappa)","Address":"500 EAST FORDHAM ROAD","City":"BRONX","Zip":"10458","Principal":"Katheryn Fierman","Principal Phone":"718-933-1247","Grades":"09,10,11,12,SE","Location Code":"X374","Building Code":"X435","Latitude":"40.8595938","Longitude":"-73.8883987","School District":"10","Managed By":"DOE"},"geometry":{"type":"Point","coordinates":[-73.888398699999982,40.859593800000027]}},
{"type":"Feature","properties":{"School Name":"Belmont Preparatory High School","Address":"500 EAST FORDHAM ROAD","City":"BRONX","Zip":"10458","Principal":"STEPHEN GUMBS","Principal Phone":"718-733-4559","Grades":"09,10,11,12,SE","Location Code":"X434","Building Code":"X435","Latitude":"40.8595938","Longitude":"-73.8883987","School District":"10","Managed By":"DOE"},"geometry":{"type":"Point","coordinates":[-73.888398699999982,40.859593800000027]}},
{"type":"Feature","properties":{"School Name":"Fordham High School for the Arts","Address":"500 EAST FORDHAM ROAD","City":"BRONX","Zip":"10458","Principal":"Michael Johnson","Principal Phone":"718-733-4656","Grades":"09,10,11,12,SE","Location Code":"X437","Building Code":"X435","Latitude":"40.8595938","Longitude":"-73.8883987","School District":"10","Managed By":"DOE"},"geometry":{"type":"Point","coordinates":[-73.888398699999982,40.859593800000027]}},
{"type":"Feature","properties":{"School Name":"Fordham Leadership Academy","Address":"500 EAST FORDHAM ROAD","City":"BRONX","Zip":"10458","Principal":"Fiorella Cabrejos","Principal Phone":"718-733-5024","Grades":"09,10,11,12,SE","Location Code":"X438","Building Code":"X435","Latitude":"40.8595938","Longitude":"-73.8883987","School District":"10","Managed By":"DOE"},"geometry":{"type":"Point","coordinates":[-73.888398699999982,40.859593800000027]}},
{"type":"Feature","properties":{"School Name":"Bronx High School for Law and Community Service","Address":"500 EAST FORDHAM ROAD","City":"BRONX","Zip":"10458","Principal":"Michael Barakat","Principal Phone":"718-733-5274","Grades":"09,10,11,12,SE","Location Code":"X439","Building Code":"X435","Latitude":"40.8595938","Longitude":"-73.8883987","School District":"10","Managed By":"DOE"},"geometry":{"type":"Point","coordinates":[-73.888398699999982,40.859593800000027]}},
{"type":"Feature","properties":{"School Name":"Crotona International High School","Address":"2474 CROTONA AVENUE","City":"BRONX","Zip":"10458","Principal":"SHWETA RATRA","Principal Phone":"718-561-8701","Grades":"09,10,11,12,SE","Location Code":"X524","Building Code":"X660","Latitude":"40.8552739","Longitude":"-73.8824269","School District":"10","Managed By":"DOE"},"geometry":{"type":"Point","coordinates":[-73.882426899999984,40.855273899999986]}},
{"type":"Feature","properties":{"School Name":"Rose Hill Early Childhood Academies","Address":"2512 MARION AVENUE","City":"BRONX","Zip":"10458","Principal":"Jacqueline Baker","Principal Phone":null,"Grades":"PK","Location Code":"X535","Building Code":"X444","Latitude":"40.861316","Longitude":"-73.893236","School District":"10","Managed By":"DOE"},"geometry":{"type":"Point","coordinates":[-73.893236,40.861316]}},
{"type":"Feature","properties":{"School Name":"High School for Energy and Technology","Address":"2474 CROTONA AVENUE","City":"BRONX","Zip":"10458","Principal":"Marie Guillaume","Principal Phone":"718-733-3080","Grades":"09,10,11,12,SE","Location Code":"X565","Building Code":"X660","Latitude":"40.8552739","Longitude":"-73.8824269","School District":"10","Managed By":"DOE"},"geometry":{"type":"Point","coordinates":[-73.882426899999984,40.855273899999986]}},
{"type":"Feature","properties":{"School Name":"Cardinal McCloskey Community Charter School","Address":"685 EAST 182 STREET","City":"BRONX","Zip":"10457","Principal":"Mary Anne Devivio","Principal Phone":null,"Grades":"01,02,03,04,05","Location Code":"X599","Building Code":"XAAI","Latitude":"40.851395","Longitude":"-73.887345","School District":"10","Managed By":"Charter"},"geometry":{"type":"Point","coordinates":[-73.887345,40.851395]}},
{"type":"Feature","properties":{"School Name":"KIPP Bronx Charter School II","Address":"2720 JEROME AVENUE","City":"BRONX","Zip":"10468","Principal":"Dominique Mejia/John Carter","Principal Phone":null,"Grades":"0K,01,02,03,04,05,06,07,08","Location Code":"X616","Building Code":"XCLB","Latitude":"40.868781","Longitude":"-73.896376","School District":"10","Managed By":"Charter"},"geometry":{"type":"Point","coordinates":[-73.896376,40.868781]}},
{"type":"Feature","properties":{"School Name":"Girls Preparatory Charter School of the Bronx II","Address":"263 EAST 203 STREET","City":"BRONX","Zip":"10458","Principal":"Noelani Gabriel Holt","Principal Phone":null,"Grades":"01,02,03,04,05,06,07,08","Location Code":"X630","Building Code":"XCQP","Latitude":"40.8735583","Longitude":"-73.8843113","School District":"10","Managed By":"Charter"},"geometry":{"type":"Point","coordinates":[-73.884311299999979,40.873558300000013]}},
{"type":"Feature","properties":{"School Name":"P.S. 008 Isaac Varian","Address":"3010 BRIGGS AVENUE","City":"BRONX","Zip":"10458","Principal":"CLAUDIA TAHIRAJ-SADRIJA","Principal Phone":"718-584-3043","Grades":"PK,0K,01,02,03,04,05,SE","Location Code":"X008","Building Code":"X008","Latitude":"40.872259","Longitude":"-73.883339","School District":"10","Managed By":"DOE"},"geometry":{"type":"Point","coordinates":[-73.883339,40.872259]}},
{"type":"Feature","properties":{"School Name":"P.S. 032 Belmont","Address":"690 EAST 183 STREET","City":"BRONX","Zip":"10458","Principal":"Rebecca Lew","Principal Phone":"718-584-3645","Grades":"PK,0K,01,02,03,04,05,SE","Location Code":"X032","Building Code":"X032","Latitude":"40.851724","Longitude":"-73.88622","School District":"10","Managed By":"DOE"},"geometry":{"type":"Point","coordinates":[-73.88622,40.851724]}},
{"type":"Feature","properties":{"School Name":"Thomas C. Giordano Middle School 45","Address":"2502 LORILLARD PLACE","City":"BRONX","Zip":"10458","Principal":"Doreen Kendall","Principal Phone":"718-584-1660","Grades":"06,07,08,SE","Location Code":"X045","Building Code":"X045","Latitude":"40.858389","Longitude":"-73.887026","School District":"10","Managed By":"DOE"},"geometry":{"type":"Point","coordinates":[-73.887026,40.858389]}},
{"type":"Feature","properties":{"School Name":"P.S. 046 Edgar Allan Poe","Address":"2760 BRIGGS AVENUE","City":"BRONX","Zip":"10458","Principal":"JENNIFER ALEXANDER ADE","Principal Phone":"718-584-4450","Grades":"PK,0K,01,02,03,04,05,SE","Location Code":"X046","Building Code":"X046","Latitude":"40.867169","Longitude":"-73.890402","School District":"10","Managed By":"DOE"},"geometry":{"type":"Point","coordinates":[-73.890402,40.867169]}},
{"type":"Feature","properties":{"School Name":"The Bronx STEM and Arts Academy","Address":"695 EAST 182 STREET","City":"BRONX","Zip":"10457","Principal":"Min Hong","Principal Phone":"718-733-0347","Grades":"PK,0K,01,02,03,04,05,SE","Location Code":"X051","Building Code":"X781","Latitude":"40.850674","Longitude":"-73.886997","School District":"10","Managed By":"DOE"},"geometry":{"type":"Point","coordinates":[-73.886997,40.850674]}},
{"type":"Feature","properties":{"School Name":"P.S./I.S. 54","Address":"2703 WEBSTER AVENUE","City":"BRONX","Zip":"10458","Principal":"Indhira Ventura","Principal Phone":"718-584-4203","Grades":"0K,01,02,03,04,05,SE","Location Code":"X054","Building Code":"X054","Latitude":"40.864872","Longitude":"-73.88794","School District":"10","Managed By":"DOE"},"geometry":{"type":"Point","coordinates":[-73.88794,40.864872]}},
{"type":"Feature","properties":{"School Name":"P.S. 168","Address":"3050 WEBSTER AVENUE","City":"BRONX","Zip":"10467","Principal":"MAUREEN FULLERTON","Principal Phone":"718-585-2100","Grades":"PK,0K,01,02,03,04,05,06,07,08,09,10,11,12,SE","Location Code":"X168","Building Code":"X020","Latitude":"40.8695924","Longitude":"-73.8790296","School District":"10","Managed By":"DOE"},"geometry":{"type":"Point","coordinates":[-73.879029600000024,40.869592399999988]}},
{"type":"Feature","properties":{"School Name":"P.S./M.S. 280 Mosholu Parkway","Address":"3202 STEUBEN AVENUE","City":"BRONX","Zip":"10467","Principal":"JAMES WEEKS","Principal Phone":"718-405-6360","Grades":"0K,01,02,03,04,05,06,07,08,SE","Location Code":"X280","Building Code":"X080","Latitude":"40.8771861","Longitude":"-73.8815409","School District":"10","Managed By":"DOE"},"geometry":{"type":"Point","coordinates":[-73.8815409,40.877186100000017]}},
{"type":"Feature","properties":{"School Name":"Bronx Community Charter School","Address":"3170 WEBSTER AVENUE","City":"BRONX","Zip":"10467","Principal":"Sasha Wilson/Albania Ruiz","Principal Phone":"718-584-1400","Grades":"01,02,03,04,05,06,07,08","Location Code":"X398","Building Code":"XAUT","Latitude":"40.872455","Longitude":"-73.875451","School District":"10","Managed By":"Charter"},"geometry":{"type":"Point","coordinates":[-73.875451,40.872455]}},
{"type":"Feature","properties":{"School Name":"Success Academy Charter School - Harlem 6","Address":"268 EAST 207 STREET","City":"BRONX","Zip":"10467","Principal":null,"Principal Phone":null,"Grades":"0K,01,02,03,04","Location Code":"X780","Building Code":"X780","Latitude":"40.8753847","Longitude":"-73.8776494","School District":"10","Managed By":"Charter"},"geometry":{"type":"Point","coordinates":[-73.8776494,40.875384699999984]}},
{"type":"Feature","properties":{"School Name":"PS/MS 20 P.O.George J. Werdann, III","Address":"3050 WEBSTER AVENUE","City":"BRONX","Zip":"10467","Principal":"Michael Pontebbi","Principal Phone":"718-515-9370","Grades":"PK,0K,01,02,03,04,05,06,07,08,SE","Location Code":"X020","Building Code":"X020","Latitude":"40.8695924","Longitude":"-73.8790296","School District":"10","Managed By":"DOE"},"geometry":{"type":"Point","coordinates":[-73.879029600000024,40.869592399999988]}},
{"type":"Feature","properties":{"School Name":"P.S. 056 Norwood Heights","Address":"341 EAST 207 STREET","City":"BRONX","Zip":"10467","Principal":"M Oneill","Principal Phone":"718-920-1100","Grades":"0K,01,02,03,04,05,SE","Location Code":"X056","Building Code":"X056","Latitude":"40.875481","Longitude":"-73.874912","School District":"10","Managed By":"DOE"},"geometry":{"type":"Point","coordinates":[-73.874912,40.875481]}},
{"type":"Feature","properties":{"School Name":"Bedford Park Elementary School","Address":"3177 WEBSTER AVENUE","City":"BRONX","Zip":"10467","Principal":"CAROLYN HEREDIA","Principal Phone":"718-696-6400","Grades":"PK,0K,01,02,03,04,05,SE","Location Code":"X077","Building Code":"X177","Latitude":"40.872559","Longitude":"-73.875375","School District":"10","Managed By":"DOE"},"geometry":{"type":"Point","coordinates":[-73.875375,40.872559]}},
{"type":"Feature","properties":{"School Name":"J.H.S. 080 The Mosholu Parkway","Address":"149 EAST MOSHOLU PKWY N","City":"BRONX","Zip":"10467","Principal":"Kenyatta Williams","Principal Phone":"718-405-6300","Grades":"06,07,08,SE","Location Code":"X080","Building Code":"X080","Latitude":"40.8771861","Longitude":"-73.8815409","School District":"10","Managed By":"DOE"},"geometry":{"type":"Point","coordinates":[-73.8815409,40.877186100000017]}},
{"type":"Feature","properties":{"School Name":"P.S. 163 Arthur A. Schomburg","Address":"330 EAST 180 STREET","City":"BRONX","Zip":"10457","Principal":"Barbara Headley","Principal Phone":"718-584-3045","Grades":"PK,0K,01,02,03,04,05,SE","Location Code":"X163","Building Code":"X496","Latitude":"40.8517","Longitude":"-73.899005","School District":"9","Managed By":"DOE"},"geometry":{"type":"Point","coordinates":[-73.899005,40.8517]}},
{"type":"Feature","properties":{"School Name":"Eagle Academy for Young Men","Address":"4143 THIRD AVENUE","City":"BRONX","Zip":"10457","Principal":"Hector Velazquez","Principal Phone":"718-466-8000","Grades":"06,07,08,09,10,11,12,SE","Location Code":"X231","Building Code":"X465","Latitude":"40.845366","Longitude":"-73.897479","School District":"9","Managed By":"DOE"},"geometry":{"type":"Point","coordinates":[-73.897479,40.845366]}},
{"type":"Feature","properties":{"School Name":"Bronx Charter School for Excellence 5","Address":"1946 BATHGATE AVENUE","City":"BRONX","Zip":"10457","Principal":"Charlene Reid","Principal Phone":"718-882-1058","Grades":"0K,01,02,03,04,05,06,07","Location Code":"X620","Building Code":"XADW","Latitude":"40.847487","Longitude":"-73.89654","School District":"9","Managed By":"Charter"},"geometry":{"type":"Point","coordinates":[-73.89654,40.847487]}},
{"type":"Feature","properties":{"School Name":"P.S. 028 Mount Hope","Address":"1861 ANTHONY AVENUE","City":"BRONX","Zip":"10457","Principal":"Christopher Lothian","Principal Phone":"718-583-6444","Grades":"PK,0K,01,02,03,04,05,SE","Location Code":"X028","Building Code":"X028","Latitude":"40.848344","Longitude":"-73.903821","School District":"9","Managed By":"DOE"},"geometry":{"type":"Point","coordinates":[-73.903821,40.848344]}},
{"type":"Feature","properties":{"School Name":"P.S. 058","Address":"459 EAST 176 STREET","City":"BRONX","Zip":"10457","Principal":"LARHONDA CIVERS","Principal Phone":"718-583-6866","Grades":"PK,0K,01,02,03,04,05,SE","Location Code":"X058","Building Code":"X058","Latitude":"40.846383","Longitude":"-73.898826","School District":"9","Managed By":"DOE"},"geometry":{"type":"Point","coordinates":[-73.898826,40.846383]}},
{"type":"Feature","properties":{"School Name":"P.S. 070 Max Schoenfeld","Address":"1691 WEEKS AVENUE","City":"BRONX","Zip":"10457","Principal":"Roxanne Ledda","Principal Phone":"718-583-6000","Grades":"PK,0K,01,02,03,04,05,SE","Location Code":"X070","Building Code":"X070","Latitude":"40.844236","Longitude":"-73.90807","School District":"9","Managed By":"DOE"},"geometry":{"type":"Point","coordinates":[-73.90807,40.844236]}},
{"type":"Feature","properties":{"School Name":"P.S./I.S. 218 Rafael Hernandez Dual Language Magnet School","Address":"1220 GERARD AVENUE","City":"BRONX","Zip":"10452","Principal":"SERGIO CACERES","Principal Phone":"718-410-7230","Grades":"0K,01,02,03,04,05,06,07,08,SE","Location Code":"X218","Building Code":"X235","Latitude":"40.835681","Longitude":"-73.919571","School District":"9","Managed By":"DOE"},"geometry":{"type":"Point","coordinates":[-73.919571,40.835681]}},
{"type":"Feature","properties":{"School Name":"Bronx Academy of Promise Charter School","Address":"1349 INWOOD AVENUE","City":"BRONX","Zip":"10452","Principal":"Catherine Jackvony/Nicholas Parrino","Principal Phone":"718-293-6950","Grades":"PK,0K,01,02,03,04,05,06,07,08","Location Code":"X419","Building Code":"XAUV","Latitude":"40.839503","Longitude":"-73.919597","School District":"9","Managed By":"Charter"},"geometry":{"type":"Point","coordinates":[-73.919597,40.839503]}},
{"type":"Feature","properties":{"School Name":"AECI II: NYC Charter High School for Computer Engineering and Innovation","Address":"116 EAST 169 STREET","City":"BRONX","Zip":"10452","Principal":"Santiago Taveras","Principal Phone":null,"Grades":"09,10,11,12","Location Code":"X611","Building Code":"XCGA","Latitude":"40.836945","Longitude":"-73.917332","School District":"9","Managed By":"Charter"},"geometry":{"type":"Point","coordinates":[-73.917332,40.836945]}},
{"type":"Feature","properties":{"School Name":"Zeta Charter School – Mount Eden","Address":"1325 JEROME AVENUE","City":"BRONX","Zip":"10452","Principal":null,"Principal Phone":null,"Grades":"PK,0K,01,02,03,04,05","Location Code":"X631","Building Code":"XCGI","Latitude":"40.838714","Longitude":"-73.918794","School District":"9","Managed By":"Charter"},"geometry":{"type":"Point","coordinates":[-73.918794,40.838714]}},
{"type":"Feature","properties":{"School Name":"Dream Charter School Highbridge","Address":"1166-1182 RIVER AVENUE","City":"BRONX","Zip":"10452","Principal":"Shannel Richardson/Crystal Lane","Principal Phone":null,"Grades":"0K,01,02,03,04,05,06,07","Location Code":"X639","Building Code":"XAIR","Latitude":"40.8346656","Longitude":"-73.9215613","School District":"9","Managed By":"Charter"},"geometry":{"type":"Point","coordinates":[-73.9215613,40.8346656]}},
{"type":"Feature","properties":{"School Name":"Family Life Academy Charter School","Address":"14 WEST 170 STREET","City":"BRONX","Zip":"10452","Principal":"Natividad Maldonado","Principal Phone":"718-410-8100","Grades":"01,02,03,04,05,06","Location Code":"X705","Building Code":"XABC","Latitude":"40.840262","Longitude":"-73.918665","School District":"9","Managed By":"Charter"},"geometry":{"type":"Point","coordinates":[-73.918665,40.840262]}},
{"type":"Feature","properties":{"School Name":"P.S. 073 Bronx","Address":"1020 ANDERSON AVENUE","City":"BRONX","Zip":"10452","Principal":"Vivian Bueno","Principal Phone":"718-681-6776","Grades":"PK,0K,01,02,03,04,05,SE","Location Code":"X073","Building Code":"X073","Latitude":"40.832609","Longitude":"-73.926415","School District":"9","Managed By":"DOE"},"geometry":{"type":"Point","coordinates":[-73.926415,40.832609]}},
{"type":"Feature","properties":{"School Name":"P.S. X114 - Luis Llorens Torres Schools","Address":"1155 CROMWELL AVENUE","City":"BRONX","Zip":"10452","Principal":"Jacqueline King Robinson","Principal Phone":"718-681-7507","Grades":"PK,0K,01,02,03,04,05,SE","Location Code":"X114","Building Code":"X114","Latitude":"40.834979","Longitude":"-73.923297","School District":"9","Managed By":"DOE"},"geometry":{"type":"Point","coordinates":[-73.923297,40.834979]}},
{"type":"Feature","properties":{"School Name":"P.S. 170","Address":"1598 TOWNSEND AVENUE","City":"BRONX","Zip":"10452","Principal":"Sonia Acevedo Suarez","Principal Phone":"718-583-0662","Grades":"PK,0K,01,02,03,SE","Location Code":"X170","Building Code":"X170","Latitude":"40.844367","Longitude":"-73.913253","School District":"9","Managed By":"DOE"},"geometry":{"type":"Point","coordinates":[-73.913253,40.844367]}},
{"type":"Feature","properties":{"School Name":"Bronx Collegiate Academy","Address":"240 EAST 172 STREET","City":"BRONX","Zip":"10457","Principal":"D White","Principal Phone":"718-410-4077","Grades":"09,10,11,12,SE","Location Code":"X227","Building Code":"X410","Latitude":"40.8397925","Longitude":"-73.9113057","School District":"9","Managed By":"DOE"},"geometry":{"type":"Point","coordinates":[-73.911305700000014,40.839792499999987]}},
{"type":"Feature","properties":{"School Name":"The Walton Avenue School","Address":"1425 WALTON AVENUE","City":"BRONX","Zip":"10452","Principal":"Nicole Perkins","Principal Phone":"718-293-5970","Grades":"0K,01,02,03,04,05,SE","Location Code":"X294","Building Code":"X064","Latitude":"40.8403512","Longitude":"-73.9157519","School District":"9","Managed By":"DOE"},"geometry":{"type":"Point","coordinates":[-73.915751899999975,40.840351199999986]}},
{"type":"Feature","properties":{"School Name":"Lucero Elementary School","Address":"1425 WALTON AVENUE","City":"BRONX","Zip":"10452","Principal":"Angela Tolano","Principal Phone":"718-681-8701","Grades":"0K,01,02,03,04,05,SE","Location Code":"X311","Building Code":"X064","Latitude":"40.8403512","Longitude":"-73.9157519","School District":"9","Managed By":"DOE"},"geometry":{"type":"Point","coordinates":[-73.915751899999975,40.840351199999986]}},
{"type":"Feature","properties":{"School Name":"Bronx Writing Academy","Address":"270 EAST 167 STREET","City":"BRONX","Zip":"10456","Principal":"Lauren Hasson","Principal Phone":"718-293-9048","Grades":"06,07,08,SE","Location Code":"X323","Building Code":"X022","Latitude":"40.8322982","Longitude":"-73.9144806","School District":"9","Managed By":"DOE"},"geometry":{"type":"Point","coordinates":[-73.9144806,40.832298200000025]}},
{"type":"Feature","properties":{"School Name":"Bronx Early College Academy for Teaching & Learning","Address":"250 EAST 164 STREET","City":"BRONX","Zip":"10456","Principal":"Yvette Rivera","Principal Phone":"718-681-8287","Grades":"06,07,08,09,10,11,12,SE","Location Code":"X324","Building Code":"X166","Latitude":"40.8280778","Longitude":"-73.9175196","School District":"9","Managed By":"DOE"},"geometry":{"type":"Point","coordinates":[-73.9175196,40.828077800000017]}},
{"type":"Feature","properties":{"School Name":"New Millennium Bronx Academy of the Arts","Address":null,"City":null,"Zip":null,"Principal":null,"Principal Phone":null,"Grades":null,"Location Code":"X328","Building Code":"X145","Latitude":"40.827438","Longitude":"-73.914067","School District":"9","Managed By":null},"geometry":{"type":"Point","coordinates":[-73.914067,40.827438]}},
{"type":"Feature","properties":{"School Name":"DreamYard Preparatory School","Address":"240 EAST 172 STREET","City":"BRONX","Zip":"10457","Principal":"Anthony Santiago","Principal Phone":"718-410-4242","Grades":"09,10,11,12,SE","Location Code":"X329","Building Code":"X410","Latitude":"40.8397925","Longitude":"-73.9113057","School District":"9","Managed By":"DOE"},"geometry":{"type":"Point","coordinates":[-73.911305700000014,40.839792499999987]}},
{"type":"Feature","properties":{"School Name":"New Directions Secondary School","Address":"240 EAST 172 STREET","City":"BRONX","Zip":"10457","Principal":"James Waslawski","Principal Phone":"718-410-4343","Grades":"09,10,11,12,SE","Location Code":"X350","Building Code":"X410","Latitude":"40.8397925","Longitude":"-73.9113057","School District":"9","Managed By":"DOE"},"geometry":{"type":"Point","coordinates":[-73.911305700000014,40.839792499999987]}},
{"type":"Feature","properties":{"School Name":"Success Academy Charter School - Bronx 3","Address":"1000 TELLER AVENUE","City":"BRONX","Zip":"10456","Principal":"Katherine Huntington/Sabine Moore","Principal Phone":"646-790-2145","Grades":"0K,01,02,03,04,05,06,07,08,09,10,11,12,SE","Location Code":"X380","Building Code":"X145","Latitude":"40.827438","Longitude":"-73.914067","School District":"9","Managed By":"Charter"},"geometry":{"type":"Point","coordinates":[-73.914067,40.827438]}},
{"type":"Feature","properties":{"School Name":"Bronx High School of Business","Address":"240 EAST 172 STREET","City":"BRONX","Zip":"10457","Principal":"Alice Bajana Vega","Principal Phone":"718-410-4060","Grades":"09,10,11,12,SE","Location Code":"X412","Building Code":"X410","Latitude":"40.8397925","Longitude":"-73.9113057","School District":"9","Managed By":"DOE"},"geometry":{"type":"Point","coordinates":[-73.911305700000014,40.839792499999987]}},
{"type":"Feature","properties":{"School Name":"Bronx High School for Medical Science","Address":"240 EAST 172 STREET","City":"BRONX","Zip":"10457","Principal":"SARAH LENIHAN","Principal Phone":"718-410-4040","Grades":"06,07,08,09,10,11,12,SE","Location Code":"X413","Building Code":"X410","Latitude":"40.8397925","Longitude":"-73.9113057","School District":"9","Managed By":"DOE"},"geometry":{"type":"Point","coordinates":[-73.911305700000014,40.839792499999987]}},
{"type":"Feature","properties":{"School Name":"The Family School","Address":"1116 SHERIDAN AVENUE","City":"BRONX","Zip":"10456","Principal":"ROWENA PENN","Principal Phone":"718-538-3266","Grades":"PK,0K,01,02,03,04,05,SE","Location Code":"X443","Building Code":"X090","Latitude":"40.8320686","Longitude":"-73.9175725","School District":"9","Managed By":"DOE"},"geometry":{"type":"Point","coordinates":[-73.9175725,40.832068600000014]}},
{"type":"Feature","properties":{"School Name":"Grant Avenue Elementary School","Address":"250 EAST 164 STREET","City":"BRONX","Zip":"10456","Principal":"Diana Castillo","Principal Phone":"718-681-6288","Grades":"PK,0K,01,02,03,04,05,SE","Location Code":"X449","Building Code":"X166","Latitude":"40.8280778","Longitude":"-73.9175196","School District":"9","Managed By":"DOE"},"geometry":{"type":"Point","coordinates":[-73.9175196,40.828077800000017]}},
{"type":"Feature","properties":{"School Name":"Science and Technology Academy: A Mott Hall School","Address":"250 EAST 164 STREET","City":"BRONX","Zip":"10456","Principal":"MIRIAM RUIZ","Principal Phone":"718-293-4017","Grades":"06,07,08,SE","Location Code":"X454","Building Code":"X166","Latitude":"40.8280778","Longitude":"-73.9175196","School District":"9","Managed By":"DOE"},"geometry":{"type":"Point","coordinates":[-73.9175196,40.828077800000017]}},
{"type":"Feature","properties":{"School Name":"Sheridan Academy for Young Leaders","Address":"1116 SHERIDAN AVENUE","City":"BRONX","Zip":"10456","Principal":"LISETTE FEBUS","Principal Phone":"718-538-3411","Grades":"PK,0K,01,02,03,04,05,SE","Location Code":"X457","Building Code":"X090","Latitude":"40.8320686","Longitude":"-73.9175725","School District":"9","Managed By":"DOE"},"geometry":{"type":"Point","coordinates":[-73.9175725,40.832068600000014]}},
{"type":"Feature","properties":{"School Name":"The Bronx School for Continuous Learners","Address":"240 EAST 172 STREET","City":"BRONX","Zip":"10457","Principal":"Janine Tubiolo","Principal Phone":"718-410-4105","Grades":"0K,01,02,03,04,05,06,07,08,09,10,11,12,SE","Location Code":"X469","Building Code":"X410","Latitude":"40.8397925","Longitude":"-73.9113057","School District":"9","Managed By":"DOE"},"geometry":{"type":"Point","coordinates":[-73.911305700000014,40.839792499999987]}},
{"type":"Feature","properties":{"School Name":"Claremont International HS","Address":"240 EAST 172 STREET","City":"BRONX","Zip":"10457","Principal":"Andria Cuello","Principal Phone":"718-410-4001","Grades":"09,10,11,12,SE","Location Code":"X564","Building Code":"X410","Latitude":"40.8397925","Longitude":"-73.9113057","School District":"9","Managed By":"DOE"},"geometry":{"type":"Point","coordinates":[-73.911305700000014,40.839792499999987]}},
{"type":"Feature","properties":{"School Name":"South Bronx International Middle School","Address":"1000 TELLER AVENUE","City":"BRONX","Zip":"10456","Principal":"ALISON ANGRISANI","Principal Phone":"718-588-0341","Grades":"06,07,08,SE","Location Code":"X593","Building Code":"X145","Latitude":"40.827438","Longitude":"-73.914067","School District":"9","Managed By":"DOE"},"geometry":{"type":"Point","coordinates":[-73.914067,40.827438]}},
{"type":"Feature","properties":{"School Name":"New Pathways Academy","Address":"1000 TELLER AVENUE","City":"BRONX","Zip":"10456","Principal":"LYNE JAMES","Principal Phone":"718-588-8349","Grades":"06,07,08,SE","Location Code":"X594","Building Code":"X145","Latitude":"40.827438","Longitude":"-73.914067","School District":"9","Managed By":"DOE"},"geometry":{"type":"Point","coordinates":[-73.914067,40.827438]}},
{"type":"Feature","properties":{"School Name":"J.H.S. 022 Jordan L. Mott","Address":"270 EAST 167 STREET","City":"BRONX","Zip":"10456","Principal":"IVELISSE RIVERA","Principal Phone":"718-681-6850","Grades":"06,07,08,SE","Location Code":"X022","Building Code":"X022","Latitude":"40.8322982","Longitude":"-73.9144806","School District":"9","Managed By":"DOE"},"geometry":{"type":"Point","coordinates":[-73.9144806,40.832298200000025]}},
{"type":"Feature","properties":{"School Name":"P.S. 035 Franz Siegel","Address":"261 EAST 163 STREET","City":"BRONX","Zip":"10451","Principal":"GRACIELA NAVARRO","Principal Phone":"718-681-7214","Grades":"0K,01,02,03,04,05,SE","Location Code":"X035","Building Code":"X035","Latitude":"40.8275755","Longitude":"-73.9179315","School District":"9","Managed By":"DOE"},"geometry":{"type":"Point","coordinates":[-73.9179315,40.827575500000023]}},
{"type":"Feature","properties":{"School Name":"P.S. 053 Basheer Quisim","Address":"360 EAST 168 STREET","City":"BRONX","Zip":"10456","Principal":"Sharda Flores","Principal Phone":"718-681-7276","Grades":"PK,0K,01,02,03,04,05,SE","Location Code":"X053","Building Code":"X053","Latitude":"40.8327824","Longitude":"-73.9118703","School District":"9","Managed By":"DOE"},"geometry":{"type":"Point","coordinates":[-73.911870299999975,40.832782399999985]}},
{"type":"Feature","properties":{"School Name":"P.S. X088 - S. Silverstein Little Sparrow School","Address":"1340 SHERIDAN AVENUE","City":"BRONX","Zip":"10456","Principal":"MELINDA HYER","Principal Phone":"718-716-7369","Grades":"0K,01,02,03,04,05","Location Code":"X088","Building Code":"X088","Latitude":"40.837019","Longitude":"-73.913523","School District":"9","Managed By":"DOE"},"geometry":{"type":"Point","coordinates":[-73.913523,40.837019]}},
{"type":"Feature","properties":{"School Name":"P.S. 204 Morris Heights","Address":"1780 DR. MARTIN LUTHER KING JR. BLVD","City":"BRONX","Zip":"10453","Principal":"Amanda Blatter","Principal Phone":"718-960-9520","Grades":"PK,0K,01,02,03,04,05,SE","Location Code":"X204","Building Code":"X338","Latitude":"40.8500841","Longitude":"-73.9151313","School District":"9","Managed By":"DOE"},"geometry":{"type":"Point","coordinates":[-73.915131299999985,40.8500841]}},
{"type":"Feature","properties":{"School Name":"I.S. 232","Address":"1700 MACOMBS ROAD","City":"BRONX","Zip":"10453","Principal":"Desiree Resto","Principal Phone":"718-583-7007","Grades":"06,07,08,SE","Location Code":"X232","Building Code":"X082","Latitude":"40.8494924","Longitude":"-73.9156962","School District":"9","Managed By":"DOE"},"geometry":{"type":"Point","coordinates":[-73.915696200000014,40.849492399999974]}},
{"type":"Feature","properties":{"School Name":"I.S. X303 Leadership & Community Service","Address":"1700 MACOMBS ROAD","City":"BRONX","Zip":"10453","Principal":"MONICA BRADY","Principal Phone":"718-583-5466","Grades":"06,07,08,SE","Location Code":"X303","Building Code":"X082","Latitude":"40.8494924","Longitude":"-73.9156962","School District":"9","Managed By":"DOE"},"geometry":{"type":"Point","coordinates":[-73.915696200000014,40.849492399999974]}},
{"type":"Feature","properties":{"School Name":"Academy for Language and Technology","Address":"1700 MACOMBS ROAD","City":"BRONX","Zip":"10453","Principal":"Jose Vinales","Principal Phone":"718-731-0219","Grades":"09,10,11,12","Location Code":"X365","Building Code":"X082","Latitude":"40.8494924","Longitude":"-73.9156962","School District":"9","Managed By":"DOE"},"geometry":{"type":"Point","coordinates":[-73.915696200000014,40.849492399999974]}},
{"type":"Feature","properties":{"School Name":"P.S. 109 Sedgwick","Address":"1771 POPHAM AVENUE","City":"BRONX","Zip":"10453","Principal":"Josette Claudio","Principal Phone":"718-583-8878","Grades":"PK,0K,01,02,03,04,05,SE","Location Code":"X109","Building Code":"X109","Latitude":"40.851661","Longitude":"-73.918991","School District":"9","Managed By":"DOE"},"geometry":{"type":"Point","coordinates":[-73.918991,40.851661]}},
{"type":"Feature","properties":{"School Name":"P.S. 236 Langston Hughes","Address":"1871 WALTON AVENUE","City":"BRONX","Zip":"10453","Principal":"Donna Wright Bauer","Principal Phone":"718-299-6128","Grades":"PK,0K,01,02,03,04,05,SE","Location Code":"X236","Building Code":"X173","Latitude":"40.848907","Longitude":"-73.909936","School District":"9","Managed By":"DOE"},"geometry":{"type":"Point","coordinates":[-73.909936,40.848907]}},
{"type":"Feature","properties":{"School Name":"Young Women's Leadership School of the Bronx","Address":"1865 MORRIS AVENUE","City":"BRONX","Zip":"10453","Principal":"Devon Eisenberg","Principal Phone":"718-731-2590","Grades":"06,07,08,09,10,11,12,SE","Location Code":"X568","Building Code":"X117","Latitude":"40.8485816","Longitude":"-73.9087503","School District":"9","Managed By":"DOE"},"geometry":{"type":"Point","coordinates":[-73.9087503,40.848581599999989]}},
{"type":"Feature","properties":{"School Name":"I.S. 117 Joseph H. Wade","Address":"1865 MORRIS AVENUE","City":"BRONX","Zip":"10453","Principal":"CARON MARTIN","Principal Phone":"718-583-7750","Grades":"06,07,08,SE","Location Code":"X117","Building Code":"X117","Latitude":"40.8485816","Longitude":"-73.9087503","School District":"9","Managed By":"DOE"},"geometry":{"type":"Point","coordinates":[-73.9087503,40.848581599999989]}},
{"type":"Feature","properties":{"School Name":"P.S. 199X - The Shakespeare School","Address":"1449 SHAKESPEARE AVENUE","City":"BRONX","Zip":"10452","Principal":"YASMIN QUEZADA","Principal Phone":"718-681-7172","Grades":"PK,0K,01,02,03,04,05,SE","Location Code":"X199","Building Code":"X104","Latitude":"40.843453","Longitude":"-73.920826","School District":"9","Managed By":"DOE"},"geometry":{"type":"Point","coordinates":[-73.920826,40.843453]}},
{"type":"Feature","properties":{"School Name":"Comprehensive Model School Project M.S. 327","Address":"1501 JEROME AVENUE","City":"BRONX","Zip":"10452","Principal":"Alixandre Ricci","Principal Phone":"718-294-8111","Grades":"06,07,08,09,10,11,12,SE","Location Code":"X327","Building Code":"X240","Latitude":"40.8429988","Longitude":"-73.9162336","School District":"9","Managed By":"DOE"},"geometry":{"type":"Point","coordinates":[-73.9162336,40.842998799999975]}},
{"type":"Feature","properties":{"School Name":"The Highbridge Green School","Address":"200 WEST 167 STREET","City":"BRONX","Zip":"10452","Principal":"Kyle Brillante","Principal Phone":"718-410-5770","Grades":"06,07,08,SE","Location Code":"X361","Building Code":"X285","Latitude":"40.838232","Longitude":"-73.927892","School District":"9","Managed By":"DOE"},"geometry":{"type":"Point","coordinates":[-73.927892,40.838232]}},
{"type":"Feature","properties":{"School Name":"Nuasin Next Generation Charter School","Address":"180 WEST 165 STREET","City":"BRONX","Zip":"10452","Principal":"Kurt Davidson/Malik Russell","Principal Phone":"718-893-0640","Grades":"0K,01,02,03,04,05,06,07,08,09,10,11,12","Location Code":"X461","Building Code":"XAWW","Latitude":"40.834599","Longitude":"-73.929797","School District":"9","Managed By":"Charter"},"geometry":{"type":"Point","coordinates":[-73.929797,40.834599]}},
{"type":"Feature","properties":{"School Name":"Mount Eden Children's Academy","Address":"1501 JEROME AVENUE","City":"BRONX","Zip":"10452","Principal":"Jacqueline Radoslovich","Principal Phone":"718-294-8155","Grades":"PK,0K,01,02,03,04,05,SE","Location Code":"X555","Building Code":"X240","Latitude":"40.8429988","Longitude":"-73.9162336","School District":"9","Managed By":"DOE"},"geometry":{"type":"Point","coordinates":[-73.9162336,40.842998799999975]}},
{"type":"Feature","properties":{"School Name":"Garden of Learning and Discovery Pre-K Center","Address":"1434 OGDEN AVENUE","City":"BRONX","Zip":"10452","Principal":"Vincenzo Rosignano","Principal Phone":"718-583-8975","Grades":"PK","Location Code":"X582","Building Code":"X582","Latitude":"40.843378","Longitude":"-73.923738","School District":"9","Managed By":"DOE"},"geometry":{"type":"Point","coordinates":[-73.923738,40.843378]}},
{"type":"Feature","properties":{"School Name":"Brilla Pax Charter School","Address":"1248 NELSON AVENUE","City":"BRONX","Zip":"10452","Principal":"Shingi Mutasa","Principal Phone":null,"Grades":"0K,01,02,03,04,05,06,07,08","Location Code":"X629","Building Code":"XANR","Latitude":"40.838791","Longitude":"-73.9244746","School District":"9","Managed By":"Charter"},"geometry":{"type":"Point","coordinates":[-73.9244746,40.838791]}},
{"type":"Feature","properties":{"School Name":"Bronx Debate Academy","Address":"1302 EDWARD L GRANT HIGHWAY","City":"BRONX","Zip":"10452","Principal":"Charles Neblett","Principal Phone":null,"Grades":"06,07,SE","Location Code":"X644","Building Code":"X468","Latitude":"40.83862","Longitude":"-73.921328","School District":"9","Managed By":"DOE"},"geometry":{"type":"Point","coordinates":[-73.921328,40.83862]}},
{"type":"Feature","properties":{"School Name":"P.S. 011 Highbridge","Address":"1257 OGDEN AVENUE","City":"BRONX","Zip":"10452","Principal":"DAISY JOY RODRIGO","Principal Phone":"718-681-7553","Grades":"PK,0K,01,02,03,04,05,SE","Location Code":"X011","Building Code":"X011","Latitude":"40.839693","Longitude":"-73.92589","School District":"9","Managed By":"DOE"},"geometry":{"type":"Point","coordinates":[-73.92589,40.839693]}},
{"type":"Feature","properties":{"School Name":"P.S. 126 Dr Marjorie H Dunbar","Address":"175 WEST 166 STREET","City":"BRONX","Zip":"10452","Principal":"Luis Quan","Principal Phone":"718-681-6120","Grades":"PK,0K,01,02,03,04,05,06,SE","Location Code":"X126","Building Code":"X126","Latitude":"40.835866","Longitude":"-73.9282","School District":"9","Managed By":"DOE"},"geometry":{"type":"Point","coordinates":[-73.9282,40.835866]}},
{"type":"Feature","properties":{"School Name":"Mott Hall Charter School","Address":"1260 FRANKLIN AVENUE","City":"BRONX","Zip":"10456","Principal":"Connie Lobdell","Principal Phone":"718-991-9139","Grades":"06,07,08","Location Code":"X177","Building Code":"X862","Latitude":"40.8317181","Longitude":"-73.9014439","School District":"9","Managed By":"Charter"},"geometry":{"type":"Point","coordinates":[-73.9014439,40.831718099999989]}},
{"type":"Feature","properties":{"School Name":"Kappa","Address":"3630 THIRD AVENUE","City":"BRONX","Zip":"10456","Principal":"SHERI WARREN","Principal Phone":"718-590-5455","Grades":"06,07,08,SE","Location Code":"X215","Building Code":"X148","Latitude":"40.8338446","Longitude":"-73.9039243","School District":"9","Managed By":"DOE"},"geometry":{"type":"Point","coordinates":[-73.903924300000028,40.83384460000002]}},
{"type":"Feature","properties":{"School Name":"I.S. 219 New Venture School","Address":"3630 THIRD AVENUE","City":"BRONX","Zip":"10456","Principal":"Sabrina Cruz","Principal Phone":"718-681-7093","Grades":"06,07,08,SE","Location Code":"X219","Building Code":"X148","Latitude":"40.8338446","Longitude":"-73.9039243","School District":"9","Managed By":"DOE"},"geometry":{"type":"Point","coordinates":[-73.903924300000028,40.83384460000002]}},
{"type":"Feature","properties":{"School Name":"Urban Assembly School for Applied Math and Science, The","Address":"1595 BATHGATE AVENUE","City":"BRONX","Zip":"10457","Principal":"Ingrid Chung","Principal Phone":"718-466-7800","Grades":"06,07,08,09,10,11,12,SE","Location Code":"X241","Building Code":"X970","Latitude":"40.8394669","Longitude":"-73.9018768","School District":"9","Managed By":"DOE"},"geometry":{"type":"Point","coordinates":[-73.901876800000025,40.8394669]}},
{"type":"Feature","properties":{"School Name":"Eximius College Preparatory Academy: A College Board School","Address":"1363 FULTON AVENUE","City":"BRONX","Zip":"10456","Principal":"JONATHAN DALY","Principal Phone":"718-992-7154","Grades":"09,10,11,12,SE","Location Code":"X250","Building Code":"X002","Latitude":"40.8339721","Longitude":"-73.9027472","School District":"9","Managed By":"DOE"},"geometry":{"type":"Point","coordinates":[-73.902747200000022,40.833972099999983]}},
{"type":"Feature","properties":{"School Name":"Mott Hall Bronx High School","Address":"1595 BATHGATE AVENUE","City":"BRONX","Zip":"10457","Principal":"Kathryn Malloy","Principal Phone":"718-466-6800","Grades":"09,10,11,12,SE","Location Code":"X252","Building Code":"X970","Latitude":"40.8394669","Longitude":"-73.9018768","School District":"9","Managed By":"DOE"},"geometry":{"type":"Point","coordinates":[-73.901876800000025,40.8394669]}},
{"type":"Feature","properties":{"School Name":"Bronx Center for Science and Mathematics","Address":"1363 FULTON AVENUE","City":"BRONX","Zip":"10456","Principal":"Young Kim","Principal Phone":"718-992-7089","Grades":"09,10,11,12,SE","Location Code":"X260","Building Code":"X002","Latitude":"40.8339721","Longitude":"-73.9027472","School District":"9","Managed By":"DOE"},"geometry":{"type":"Point","coordinates":[-73.902747200000022,40.833972099999983]}},
{"type":"Feature","properties":{"School Name":"Validus Preparatory Academy","Address":"1595 BATHGATE AVENUE","City":"BRONX","Zip":"10457","Principal":"Jonathan Clayton","Principal Phone":"718-466-4000","Grades":"09,10,11,12,SE","Location Code":"X263","Building Code":"X970","Latitude":"40.8394669","Longitude":"-73.9018768","School District":"9","Managed By":"DOE"},"geometry":{"type":"Point","coordinates":[-73.901876800000025,40.8394669]}},
{"type":"Feature","properties":{"School Name":"Morris Academy for Collaborative Studies","Address":"1110 BOSTON ROAD","City":"BRONX","Zip":"10456","Principal":"Rachel Field Dennis","Principal Phone":"718-617-5312","Grades":"09,10,11,12,SE","Location Code":"X297","Building Code":"X400","Latitude":"40.8273033","Longitude":"-73.9045097","School District":"9","Managed By":"DOE"},"geometry":{"type":"Point","coordinates":[-73.9045097,40.827303299999983]}},
{"type":"Feature","properties":{"School Name":"I.S. 313 School of Leadership Development","Address":"1600 WEBSTER AVENUE","City":"BRONX","Zip":"10457","Principal":"Eric Burnside","Principal Phone":"718-583-1736","Grades":"06,07,08,SE","Location Code":"X313","Building Code":"X147","Latitude":"40.840588","Longitude":"-73.9041999","School District":"9","Managed By":"DOE"},"geometry":{"type":"Point","coordinates":[-73.904199899999981,40.840588]}},
{"type":"Feature","properties":{"School Name":"I.S. 339","Address":"1600 WEBSTER AVENUE","City":"BRONX","Zip":"10457","Principal":"Kim Outerbridge","Principal Phone":"718-583-6767","Grades":"06,07,08,SE","Location Code":"X339","Building Code":"X147","Latitude":"40.840588","Longitude":"-73.9041999","School District":"9","Managed By":"DOE"},"geometry":{"type":"Point","coordinates":[-73.904199899999981,40.840588]}},
{"type":"Feature","properties":{"School Name":"Bronx International High School","Address":"1110 BOSTON ROAD","City":"BRONX","Zip":"10456","Principal":"JOAQUIN VEGA VARGAS","Principal Phone":"718-620-1053","Grades":"09,10,11,12","Location Code":"X403","Building Code":"X400","Latitude":"40.8273033","Longitude":"-73.9045097","School District":"9","Managed By":"DOE"},"geometry":{"type":"Point","coordinates":[-73.9045097,40.827303299999983]}},
{"type":"Feature","properties":{"School Name":"South Bronx Classical Charter School III","Address":"3458 THIRD AVENUE","City":"BRONX","Zip":"10456","Principal":null,"Principal Phone":"929-285-3025","Grades":"0K,01,02,03,04,05,06,07,08","Location Code":"X489","Building Code":"XBBZ","Latitude":"40.829793","Longitude":"-73.906403","School District":"9","Managed By":"Charter"},"geometry":{"type":"Point","coordinates":[-73.906403,40.829793]}},
{"type":"Feature","properties":{"School Name":"Success Academy Charter School - Bronx 2","Address":"450 SAINT PAUL'S PLACE","City":"BRONX","Zip":"10456","Principal":null,"Principal Phone":"347-286-7966","Grades":"0K,01,02,03,04,05,06,07,08,SE","Location Code":"X494","Building Code":"X055","Latitude":"40.8361376","Longitude":"-73.9048859","School District":"9","Managed By":"Charter"},"geometry":{"type":"Point","coordinates":[-73.904885900000011,40.836137599999972]}},
{"type":"Feature","properties":{"School Name":"Bronx School for Law, Government and Justice","Address":"244 EAST 163 STREET","City":"BRONX","Zip":"10451","Principal":"Vernon Johnson","Principal Phone":"718-410-3430","Grades":"06,07,08,09,10,11,12,SE","Location Code":"X505","Building Code":"X460","Latitude":"40.827461","Longitude":"-73.919024","School District":"9","Managed By":"DOE"},"geometry":{"type":"Point","coordinates":[-73.919024,40.827461]}},
{"type":"Feature","properties":{"School Name":"Frederick Douglass Academy III Secondary School","Address":"3630 THIRD AVENUE","City":"BRONX","Zip":"10456","Principal":"JUMEL CARLOS","Principal Phone":"718-538-9726","Grades":"09,10,11,12,SE","Location Code":"X517","Building Code":"X148","Latitude":"40.8338446","Longitude":"-73.9039243","School District":"9","Managed By":"DOE"},"geometry":{"type":"Point","coordinates":[-73.903924300000028,40.83384460000002]}},
{"type":"Feature","properties":{"School Name":"Bronx Leadership Academy High School","Address":"1710 WEBSTER AVENUE","City":"BRONX","Zip":"10457","Principal":"Courtnei Davis","Principal Phone":"718-299-4274","Grades":"09,10,11,12,SE","Location Code":"X525","Building Code":"X876","Latitude":"40.84325","Longitude":"-73.902969","School District":"9","Managed By":"DOE"},"geometry":{"type":"Point","coordinates":[-73.902969,40.84325]}},
{"type":"Feature","properties":{"School Name":"High School for Violin and Dance","Address":"1110 BOSTON ROAD","City":"BRONX","Zip":"10456","Principal":"Franklin Sim","Principal Phone":"718-842-0687","Grades":"09,10,11,12,SE","Location Code":"X543","Building Code":"X400","Latitude":"40.8273033","Longitude":"-73.9045097","School District":"9","Managed By":"DOE"},"geometry":{"type":"Point","coordinates":[-73.9045097,40.827303299999983]}},
{"type":"Feature","properties":{"School Name":"South Bronx Community Charter High School","Address":"1110 WASHINGTON AVENUE","City":"BRONX","Zip":"10456","Principal":"Natalie Ferrell/John Clemente","Principal Phone":null,"Grades":"09,10,11,12","Location Code":"X581","Building Code":"XCIN","Latitude":"40.828578","Longitude":"-73.908399","School District":"9","Managed By":"Charter"},"geometry":{"type":"Point","coordinates":[-73.908399,40.828578]}},
{"type":"Feature","properties":{"School Name":"Wildflower New York Charter School","Address":"1332 FULTON AVENUE","City":"BRONX","Zip":"10456","Principal":"Mario Benabe","Principal Phone":null,"Grades":"PK,01,02,03,04,05,SE","Location Code":"X633","Building Code":"XAMJ","Latitude":"40.832956","Longitude":"-73.902409","School District":"9","Managed By":"Charter"},"geometry":{"type":"Point","coordinates":[-73.902409,40.832956]}},
{"type":"Feature","properties":{"School Name":"Bronx Preparatory Charter School","Address":"3872 THIRD AVENUE","City":"BRONX","Zip":"10457","Principal":"Cassius Gil/Nikita Philpott","Principal Phone":"718-294-0841","Grades":"06,07,08,09,10,11,12","Location Code":"X703","Building Code":"XAFP","Latitude":"40.839072","Longitude":"-73.900123","School District":"9","Managed By":"Charter"},"geometry":{"type":"Point","coordinates":[-73.900123,40.839072]}},
{"type":"Feature","properties":{"School Name":"Harriet Tubman Charter School","Address":"3565 THIRD AVENUE","City":"BRONX","Zip":"10456","Principal":"Cleveland Person","Principal Phone":"718-537-9912","Grades":"0K,01,02,03,04,05,06,07,08","Location Code":"X706","Building Code":"X256","Latitude":"40.832328","Longitude":"-73.905771","School District":"9","Managed By":"Charter"},"geometry":{"type":"Point","coordinates":[-73.905771,40.832328]}},
{"type":"Feature","properties":{"School Name":"Icahn Charter School 1","Address":"1506-30 BROOK AVENUE","City":"BRONX","Zip":"10457","Principal":"Lawford Cunningham","Principal Phone":"718-716-8105","Grades":"0K,01,02,03,04,05,06,07,08","Location Code":"X717","Building Code":"X717","Latitude":"40.838654","Longitude":"-73.904703","School District":"9","Managed By":"Charter"},"geometry":{"type":"Point","coordinates":[-73.904703,40.838654]}},
{"type":"Feature","properties":{"School Name":"P.S./M.S. 004 Crotona Park West","Address":"1701 FULTON AVENUE","City":"BRONX","Zip":"10457","Principal":"VINCENT RESTO","Principal Phone":"718-583-6655","Grades":"PK,0K,01,02,03,04,05,06,07,08,SE","Location Code":"X004","Building Code":"X004","Latitude":"40.8411563","Longitude":"-73.8983267","School District":"9","Managed By":"DOE"},"geometry":{"type":"Point","coordinates":[-73.898326699999984,40.841156300000023]}},
{"type":"Feature","properties":{"School Name":"P.S. 042 Claremont","Address":"1537 WASHINGTON AVENUE","City":"BRONX","Zip":"10457","Principal":"Lauren Kish","Principal Phone":"718-583-7366","Grades":"PK,0K,01,02,03,04,05,SE","Location Code":"X042","Building Code":"X042","Latitude":"40.838636","Longitude":"-73.903243","School District":"9","Managed By":"DOE"},"geometry":{"type":"Point","coordinates":[-73.903243,40.838636]}},
{"type":"Feature","properties":{"School Name":"P.S. 055 Benjamin Franklin","Address":"450 SAINT PAUL'S PLACE","City":"BRONX","Zip":"10456","Principal":"LUIS TORRES","Principal Phone":"718-681-6227","Grades":"PK,0K,01,02,03,04,05,SE","Location Code":"X055","Building Code":"X055","Latitude":"40.8361376","Longitude":"-73.9048859","School District":"9","Managed By":"DOE"},"geometry":{"type":"Point","coordinates":[-73.904885900000011,40.836137599999972]}},
{"type":"Feature","properties":{"School Name":"P.S. 063 Author's Academy","Address":"1260 FRANKLIN AVENUE","City":"BRONX","Zip":"10456","Principal":"REINALDO DIAZ LENS","Principal Phone":"718-589-3058","Grades":"PK,0K,01,02,03,04,05,SE","Location Code":"X063","Building Code":"X063","Latitude":"40.8317181","Longitude":"-73.9014439","School District":"9","Managed By":"DOE"},"geometry":{"type":"Point","coordinates":[-73.9014439,40.831718099999989]}},
{"type":"Feature","properties":{"School Name":"P.S. 110 Theodore Schoenfeld","Address":"580 CROTONA PARK SOUTH","City":"BRONX","Zip":"10456","Principal":"MARISOL LOCKHART","Principal Phone":"718-861-0759","Grades":"PK,0K,01,02,03,04,05,SE","Location Code":"X110","Building Code":"X110","Latitude":"40.8352336","Longitude":"-73.9010442","School District":"9","Managed By":"DOE"},"geometry":{"type":"Point","coordinates":[-73.9010442,40.835233599999981]}},
{"type":"Feature","properties":{"School Name":"Mott Hall III","Address":"580 CROTONA PARK SOUTH","City":"BRONX","Zip":"10456","Principal":"Joanna Mora","Principal Phone":"718-842-6138","Grades":"06,07,08,SE","Location Code":"X128","Building Code":"X110","Latitude":"40.8352336","Longitude":"-73.9010442","School District":"9","Managed By":"DOE"},"geometry":{"type":"Point","coordinates":[-73.9010442,40.835233599999981]}},
{"type":"Feature","properties":{"School Name":"P.S. 132 Garret A. Morgan","Address":"1245 WASHINGTON AVENUE","City":"BRONX","Zip":"10456","Principal":"EUNICE LINDENBERG","Principal Phone":"718-681-6455","Grades":"PK,0K,01,02,03,04,05,SE","Location Code":"X132","Building Code":"X132","Latitude":"40.832175","Longitude":"-73.907133","School District":"9","Managed By":"DOE"},"geometry":{"type":"Point","coordinates":[-73.907133,40.832175]}},
{"type":"Feature","properties":{"School Name":"Icahn Charter School 6","Address":"1701 FULTON AVENUE","City":"BRONX","Zip":"10457","Principal":"Jason Cartagena","Principal Phone":"718-294-1706","Grades":"0K,01,02,03,04,05,06,07,08","Location Code":"X133","Building Code":"X004","Latitude":"40.8411563","Longitude":"-73.8983267","School District":"9","Managed By":"Charter"},"geometry":{"type":"Point","coordinates":[-73.898326699999984,40.841156300000023]}},
{"type":"Feature","properties":{"School Name":"The Matilda Avenue School","Address":"4520 MATILDA AVENUE","City":"BRONX","Zip":"10470","Principal":"MARIA CIOFFI","Principal Phone":"718-325-4360","Grades":"0K,01,02,03,04,05,SE","Location Code":"X483","Building Code":"X314","Latitude":"40.901436","Longitude":"-73.854402","School District":"11","Managed By":"DOE"},"geometry":{"type":"Point","coordinates":[-73.854402,40.901436]}},
{"type":"Feature","properties":{"School Name":"P.S. 016 Wakefield","Address":"4550 CARPENTER AVENUE","City":"BRONX","Zip":"10470","Principal":"Latanya Gray","Principal Phone":"718-324-1262","Grades":"PK,0K,01,02,03,04,05,SE","Location Code":"X016","Building Code":"X016","Latitude":"40.902311","Longitude":"-73.854231","School District":"11","Managed By":"DOE"},"geometry":{"type":"Point","coordinates":[-73.854231,40.902311]}},
{"type":"Feature","properties":{"School Name":"P.S. 019 Judith K. Weiss","Address":"311 EAST 237 STREET","City":"BRONX","Zip":"10470","Principal":"Avgerine Katechis","Principal Phone":"718-324-1924","Grades":"PK,0K,01,02,03,04,05,06,07,08,SE","Location Code":"X019","Building Code":"X019","Latitude":"40.899351","Longitude":"-73.866949","School District":"11","Managed By":"DOE"},"geometry":{"type":"Point","coordinates":[-73.866949,40.899351]}},
{"type":"Feature","properties":{"School Name":"P.S. 103 Hector Fontanez","Address":"4125 CARPENTER AVENUE","City":"BRONX","Zip":"10466","Principal":"Farid Reyes","Principal Phone":"718-655-0261","Grades":"PK,0K,01,02,03,04,05,SE","Location Code":"X103","Building Code":"X103","Latitude":"40.892198","Longitude":"-73.86194","School District":"11","Managed By":"DOE"},"geometry":{"type":"Point","coordinates":[-73.86194,40.892198]}},
{"type":"Feature","properties":{"School Name":"Baychester Academy","Address":"3500 EDSON AVENUE","City":"BRONX","Zip":"10466","Principal":"Kendra Gardner","Principal Phone":"718-325-1138","Grades":"PK,0K,01,02,03,04,05,SE","Location Code":"X169","Building Code":"X169","Latitude":"40.881344","Longitude":"-73.839386","School District":"11","Managed By":"DOE"},"geometry":{"type":"Point","coordinates":[-73.839386,40.881344]}},
{"type":"Feature","properties":{"School Name":"Cornerstone Academy for Social Action","Address":"3441 STEENWICK AVENUE","City":"BRONX","Zip":"10475","Principal":"James Bellon","Principal Phone":"718-794-6160","Grades":"PK,0K,01,02,03,04,05,SE","Location Code":"X189","Building Code":"X189","Latitude":"40.8831455","Longitude":"-73.830787","School District":"11","Managed By":"DOE"},"geometry":{"type":"Point","coordinates":[-73.830787,40.883145500000012]}},
{"type":"Feature","properties":{"School Name":"Bronx Lab School","Address":"800 EAST GUN HILL ROAD","City":"BRONX","Zip":"10467","Principal":"Albert Sylvia","Principal Phone":"718-696-3700","Grades":"09,10,11,12,SE","Location Code":"X265","Building Code":"X425","Latitude":"40.8751267","Longitude":"-73.8617246","School District":"11","Managed By":"DOE"},"geometry":{"type":"Point","coordinates":[-73.8617246,40.87512670000001]}},
{"type":"Feature","properties":{"School Name":"Academy for Scholarship and Entrepreneurship: A College Board School","Address":"921 EAST 228 STREET","City":"BRONX","Zip":"10466","Principal":"ZENOBIA WHITE","Principal Phone":"718-696-3840","Grades":"09,10,11,12,SE","Location Code":"X270","Building Code":"X362","Latitude":"40.8880709","Longitude":"-73.8527006","School District":"11","Managed By":"DOE"},"geometry":{"type":"Point","coordinates":[-73.8527006,40.8880709]}},
{"type":"Feature","properties":{"School Name":"High School of Computers and Technology","Address":"800 EAST GUN HILL ROAD","City":"BRONX","Zip":"10467","Principal":"David Wills","Principal Phone":"718-696-3930","Grades":"09,10,11,12,SE","Location Code":"X275","Building Code":"X425","Latitude":"40.8751267","Longitude":"-73.8617246","School District":"11","Managed By":"DOE"},"geometry":{"type":"Point","coordinates":[-73.8617246,40.87512670000001]}},
{"type":"Feature","properties":{"School Name":"North Bronx School of Empowerment","Address":null,"City":null,"Zip":null,"Principal":null,"Principal Phone":null,"Grades":null,"Location Code":"X287","Building Code":"X113","Latitude":"40.880649","Longitude":"-73.860126","School District":"11","Managed By":null},"geometry":{"type":"Point","coordinates":[-73.860126,40.880649]}},
{"type":"Feature","properties":{"School Name":"Bronx Academy of Health Careers","Address":"800 EAST GUN HILL ROAD","City":"BRONX","Zip":"10467","Principal":"Dawn Santiago","Principal Phone":"718-696-3340","Grades":"09,10,11,12,SE","Location Code":"X290","Building Code":"X425","Latitude":"40.8751267","Longitude":"-73.8617246","School District":"11","Managed By":"DOE"},"geometry":{"type":"Point","coordinates":[-73.8617246,40.87512670000001]}},
{"type":"Feature","properties":{"School Name":"Bronx Alliance Middle School","Address":"3750 BAYCHESTER AVENUE","City":"BRONX","Zip":"10466","Principal":"STEVEN COBB","Principal Phone":"718-652-2060","Grades":"06,07,08,SE","Location Code":"X355","Building Code":"X142","Latitude":"40.8861491","Longitude":"-73.8404879","School District":"11","Managed By":"DOE"},"geometry":{"type":"Point","coordinates":[-73.840487900000028,40.886149100000011]}},
{"type":"Feature","properties":{"School Name":"Leaders of Tomorrow","Address":"3710 BARNES AVENUE","City":"BRONX","Zip":"10467","Principal":"Joseph Biernat","Principal Phone":"718-994-1028","Grades":"06,07,08,SE","Location Code":"X370","Building Code":"X113","Latitude":"40.880649","Longitude":"-73.860126","School District":"11","Managed By":"DOE"},"geometry":{"type":"Point","coordinates":[-73.860126,40.880649]}},
{"type":"Feature","properties":{"School Name":"Cornerstone Academy for Social Action Middle School (CASA)","Address":"3441 STEENWICK AVENUE","City":"BRONX","Zip":"10475","Principal":"Delroy Grant","Principal Phone":"718-794-7970","Grades":"06,07,08,SE","Location Code":"X462","Building Code":"X189","Latitude":"40.8831455","Longitude":"-73.830787","School District":"11","Managed By":"DOE"},"geometry":{"type":"Point","coordinates":[-73.830787,40.883145500000012]}},
{"type":"Feature","properties":{"School Name":"New World High School","Address":"921 EAST 228 STREET","City":"BRONX","Zip":"10466","Principal":"MITHAT GASHI","Principal Phone":"718-696-3800","Grades":"09,10,11,12","Location Code":"X513","Building Code":"X362","Latitude":"40.8880709","Longitude":"-73.8527006","School District":"11","Managed By":"DOE"},"geometry":{"type":"Point","coordinates":[-73.8527006,40.8880709]}},
{"type":"Feature","properties":{"School Name":"The Bronxwood Preparatory Academy","Address":"921 EAST 228 STREET","City":"BRONX","Zip":"10466","Principal":"Felicia Bray","Principal Phone":"718-696-3820","Grades":"09,10,11,12,SE","Location Code":"X514","Building Code":"X362","Latitude":"40.8880709","Longitude":"-73.8527006","School District":"11","Managed By":"DOE"},"geometry":{"type":"Point","coordinates":[-73.8527006,40.8880709]}},
{"type":"Feature","properties":{"School Name":"One World Middle School at Edenwald","Address":"3750 BAYCHESTER AVENUE","City":"BRONX","Zip":"10466","Principal":"Patricia Wynne","Principal Phone":"718-515-6780","Grades":"06,07,08,SE","Location Code":"X529","Building Code":"X142","Latitude":"40.8861491","Longitude":"-73.8404879","School District":"11","Managed By":"DOE"},"geometry":{"type":"Point","coordinates":[-73.840487900000028,40.886149100000011]}},
{"type":"Feature","properties":{"School Name":"Baychester Middle School","Address":"3750 BAYCHESTER AVENUE","City":"BRONX","Zip":"10466","Principal":"SHAWN MANGAR","Principal Phone":"718-547-1890","Grades":"06,07,08,SE","Location Code":"X532","Building Code":"X142","Latitude":"40.8861491","Longitude":"-73.8404879","School District":"11","Managed By":"DOE"},"geometry":{"type":"Point","coordinates":[-73.840487900000028,40.886149100000011]}},
{"type":"Feature","properties":{"School Name":"High School for Contemporary Arts","Address":"800 EAST GUN HILL ROAD","City":"BRONX","Zip":"10467","Principal":"Melissa Peters","Principal Phone":"718-944-5610","Grades":"09,10,11,12,SE","Location Code":"X544","Building Code":"X425","Latitude":"40.8751267","Longitude":"-73.8617246","School District":"11","Managed By":"DOE"},"geometry":{"type":"Point","coordinates":[-73.8617246,40.87512670000001]}},
{"type":"Feature","properties":{"School Name":"Bronx Aerospace High School","Address":"800 EAST GUN HILL ROAD","City":"BRONX","Zip":"10467","Principal":"JOSE ZAYAS","Principal Phone":"718-696-6010","Grades":"09,10,11,12,SE","Location Code":"X545","Building Code":"X425","Latitude":"40.8751267","Longitude":"-73.8617246","School District":"11","Managed By":"DOE"},"geometry":{"type":"Point","coordinates":[-73.8617246,40.87512670000001]}},
{"type":"Feature","properties":{"School Name":"Bronx Charter School for Excellence 3","Address":"3956 CARPENTER AVENUE","City":"BRONX","Zip":"10466","Principal":"Charlene Reid/Dawn Dean","Principal Phone":null,"Grades":"01,02,03,04,05,06,07,08","Location Code":"X589","Building Code":"XAEF","Latitude":"40.888351","Longitude":"-73.862924","School District":"11","Managed By":"Charter"},"geometry":{"type":"Point","coordinates":[-73.862924,40.888351]}},
{"type":"Feature","properties":{"School Name":"Bronx Charter School for Excellence 4","Address":"4300 MURDOCK AVENUE","City":"BRONX","Zip":"10466","Principal":"Tonya L. White","Principal Phone":null,"Grades":"0K,01,02,03,04,05,06,07","Location Code":"X608","Building Code":"XACD","Latitude":"40.898907","Longitude":"-73.841278","School District":"11","Managed By":"Charter"},"geometry":{"type":"Point","coordinates":[-73.841278,40.898907]}},
{"type":"Feature","properties":{"School Name":"Virtual Innovators Academy","Address":"3893 DYRE AVENUE","City":"BRONX","Zip":"10466","Principal":"Terri Grey","Principal Phone":null,"Grades":"09,10,11,12,SE","Location Code":"X636","Building Code":"X501","Latitude":"40.8886785","Longitude":"-73.8315991","School District":"11","Managed By":"DOE"},"geometry":{"type":"Point","coordinates":[-73.8315991,40.888678500000026]}},
{"type":"Feature","properties":{"School Name":"Success Academy Charter School - NYC 5","Address":"760 EAST GUN HILL ROAD","City":"BRONX","Zip":"10467","Principal":null,"Principal Phone":null,"Grades":"0K,01","Location Code":"X645","Building Code":"X511","Latitude":"40.8762883","Longitude":"-73.8637527","School District":"11","Managed By":"Charter"},"geometry":{"type":"Point","coordinates":[-73.86375270000002,40.8762883]}},
{"type":"Feature","properties":{"School Name":"Success Academy Charter School - NYC 6","Address":"760 EAST GUN HILL ROAD","City":"BRONX","Zip":"10467","Principal":null,"Principal Phone":null,"Grades":"01,02,03,SE","Location Code":"X646","Building Code":"X511","Latitude":"40.8762883","Longitude":"-73.8637527","School District":"11","Managed By":"Charter"},"geometry":{"type":"Point","coordinates":[-73.86375270000002,40.8762883]}},
{"type":"Feature","properties":{"School Name":"Bronx Charter School for Better Learning","Address":"3740 BAYCHESTER AVENUE","City":"BRONX","Zip":"10466","Principal":"Shubert Jacobs/Anissa Reilly","Principal Phone":"718-655-6660","Grades":"PK,0K,01,02,03,04,05","Location Code":"X718","Building Code":"X111","Latitude":"40.8846287","Longitude":"-73.8395171","School District":"11","Managed By":"Charter"},"geometry":{"type":"Point","coordinates":[-73.839517100000023,40.8846287]}},
{"type":"Feature","properties":{"School Name":"P.S. 723","Address":"3540 BIVONA STREET","City":"BRONX","Zip":"10475","Principal":"SHANTE CHUNN","Principal Phone":"718-320-1222","Grades":"01,02,03,04,05,06,07,08,09,10,11,12,SE","Location Code":"X723","Building Code":"X701","Latitude":"40.88298","Longitude":"-73.831856","School District":"11","Managed By":"DOE"},"geometry":{"type":"Point","coordinates":[-73.831856,40.88298]}},
{"type":"Feature","properties":{"School Name":"P.S. 021 Philip H. Sheridan","Address":"715 EAST 225 STREET","City":"BRONX","Zip":"10466","Principal":"JOYCE COLEMAN","Principal Phone":"718-652-3903","Grades":"0K,01,02,03,04,05,SE","Location Code":"X021","Building Code":"X021","Latitude":"40.887888","Longitude":"-73.85942","School District":"11","Managed By":"DOE"},"geometry":{"type":"Point","coordinates":[-73.85942,40.887888]}},
{"type":"Feature","properties":{"School Name":"P.S. 041 Gun Hill Road","Address":"3352 OLINVILLE AVENUE","City":"BRONX","Zip":"10467","Principal":"MICHELLE MAYNARD","Principal Phone":"718-652-3461","Grades":"0K,01,02,03,04,05,SE","Location Code":"X041","Building Code":"X041","Latitude":"40.874754","Longitude":"-73.867834","School District":"11","Managed By":"DOE"},"geometry":{"type":"Point","coordinates":[-73.867834,40.874754]}},
{"type":"Feature","properties":{"School Name":"P.S. 068 Bronx","Address":"4011 MONTICELLO AVENUE","City":"BRONX","Zip":"10466","Principal":"AIDIMARIS SOLER","Principal Phone":"718-324-2854","Grades":"PK,0K,01,02,03,04,05,SE","Location Code":"X068","Building Code":"X068","Latitude":"40.891603","Longitude":"-73.83888","School District":"11","Managed By":"DOE"},"geometry":{"type":"Point","coordinates":[-73.83888,40.891603]}},
{"type":"Feature","properties":{"School Name":"P.S. 078 Anne Hutchinson","Address":"1400 NEEDHAM AVENUE","City":"BRONX","Zip":"10469","Principal":"Kerry ann Roberts","Principal Phone":"718-652-1244","Grades":"PK,0K,01,02,03,04,05,SE","Location Code":"X078","Building Code":"X078","Latitude":"40.878474","Longitude":"-73.850563","School District":"11","Managed By":"DOE"},"geometry":{"type":"Point","coordinates":[-73.850563,40.878474]}},
{"type":"Feature","properties":{"School Name":"P.S. 087 Bronx","Address":"4200 GRACE AVENUE","City":"BRONX","Zip":"10466","Principal":"Disha Charles","Principal Phone":"718-324-5188","Grades":"0K,01,02,03,04,05,SE","Location Code":"X087","Building Code":"X087","Latitude":"40.895741","Longitude":"-73.846198","School District":"11","Managed By":"DOE"},"geometry":{"type":"Point","coordinates":[-73.846198,40.895741]}},
{"type":"Feature","properties":{"School Name":"P.S. 111 Seton Falls","Address":"3740 BAYCHESTER AVENUE","City":"BRONX","Zip":"10466","Principal":"KALEAH JONES","Principal Phone":"718-881-2418","Grades":"PK,0K,01,02,03,04,05,SE","Location Code":"X111","Building Code":"X111","Latitude":"40.8846287","Longitude":"-73.8395171","School District":"11","Managed By":"DOE"},"geometry":{"type":"Point","coordinates":[-73.839517100000023,40.8846287]}},
{"type":"Feature","properties":{"School Name":"P.S. 112 Bronxwood","Address":"1925 SCHIEFFELIN AVENUE","City":"BRONX","Zip":"10466","Principal":"ANDREA TUCCI","Principal Phone":"718-654-6377","Grades":"PK,0K,01,02,03,04,05,SE","Location Code":"X112","Building Code":"X112","Latitude":"40.88494","Longitude":"-73.843977","School District":"11","Managed By":"DOE"},"geometry":{"type":"Point","coordinates":[-73.843977,40.88494]}},
{"type":"Feature","properties":{"School Name":"Icahn Charter School 2","Address":"1640 BRONXDALE AVE","City":"BRONX","Zip":"10462","Principal":"Brenda Carrasquillo","Principal Phone":"718-828-6107","Grades":"0K,01,02,03,04,05,06,07,08","Location Code":"X378","Building Code":"X498","Latitude":"40.8449981","Longitude":"-73.8579869","School District":"11","Managed By":"Charter"},"geometry":{"type":"Point","coordinates":[-73.857986900000014,40.8449981]}},
{"type":"Feature","properties":{"School Name":"P.S./M.S. 11X498 - Van Nest Academy","Address":"1640 BRONXDALE AVE","City":"BRONX","Zip":"10462","Principal":"CAROL ANN GILLIGAN","Principal Phone":"718-409-3001","Grades":"0K,01,02,03,04,05,06,07,08,SE","Location Code":"X498","Building Code":"X498","Latitude":"40.8449981","Longitude":"-73.8579869","School District":"11","Managed By":"DOE"},"geometry":{"type":"Point","coordinates":[-73.857986900000014,40.8449981]}},
{"type":"Feature","properties":{"School Name":"P.S. 160 Walt Disney","Address":"4140 HUTCHINSON RIVER PARKWAY EAST","City":"BRONX","Zip":"10475","Principal":"Nelida Pagan","Principal Phone":"718-822-8402","Grades":"PK,0K,01,02,03,04,05,SE","Location Code":"X160","Building Code":"X160","Latitude":"40.8640636","Longitude":"-73.8238945","School District":"11","Managed By":"DOE"},"geometry":{"type":"Point","coordinates":[-73.8238945,40.8640636]}},
{"type":"Feature","properties":{"School Name":"P.S. X176","Address":"750 BAYCHESTER AVENUE","City":"BRONX","Zip":"10475","Principal":"ALEXANDRA GUERRIERO","Principal Phone":"718-904-5700","Grades":"0K,06,07,08,09,10,11,12,SE","Location Code":"X176","Building Code":"X455","Latitude":"40.8741506","Longitude":"-73.8327863","School District":"11","Managed By":"DOE"},"geometry":{"type":"Point","coordinates":[-73.8327863,40.8741506]}},
{"type":"Feature","properties":{"School Name":"P.S. 178 - Dr. Selman Waksman","Address":"850 BAYCHESTER AVENUE","City":"BRONX","Zip":"10475","Principal":"Adelia Gibson","Principal Phone":"718-904-5570","Grades":"PK,0K,01,02,03,04,05,SE","Location Code":"X178","Building Code":"X178","Latitude":"40.8751636","Longitude":"-73.833097","School District":"11","Managed By":"DOE"},"geometry":{"type":"Point","coordinates":[-73.833097,40.8751636]}},
{"type":"Feature","properties":{"School Name":"M.S. 180 Dr. Daniel Hale Williams","Address":"700 BAYCHESTER AVENUE","City":"BRONX","Zip":"10475","Principal":"MARLON WILLIAMS","Principal Phone":"718-904-5650","Grades":"06,07,08,SE","Location Code":"X180","Building Code":"X180","Latitude":"40.8732121","Longitude":"-73.8317525","School District":"11","Managed By":"DOE"},"geometry":{"type":"Point","coordinates":[-73.8317525,40.873212099999989]}},
{"type":"Feature","properties":{"School Name":"I.S. 181 Pablo Casals","Address":"800 BAYCHESTER AVENUE","City":"BRONX","Zip":"10475","Principal":"Jennifer Kirrane","Principal Phone":"718-904-5600","Grades":"06,07,08,SE","Location Code":"X181","Building Code":"X181","Latitude":"40.8750126","Longitude":"-73.8317583","School District":"11","Managed By":"DOE"},"geometry":{"type":"Point","coordinates":[-73.8317583,40.8750126]}},
{"type":"Feature","properties":{"School Name":"Bronx Health Sciences High School","Address":"750 BAYCHESTER AVENUE","City":"BRONX","Zip":"10475","Principal":"JUSTINE SHAROYAN","Principal Phone":"718-904-5450","Grades":"09,10,11,12,SE","Location Code":"X249","Building Code":"X455","Latitude":"40.8741506","Longitude":"-73.8327863","School District":"11","Managed By":"DOE"},"geometry":{"type":"Point","coordinates":[-73.8327863,40.8741506]}},
{"type":"Feature","properties":{"School Name":"Harry S Truman High School","Address":"750 BAYCHESTER AVENUE","City":"BRONX","Zip":"10475","Principal":"Keri Alfano","Principal Phone":"718-904-5400","Grades":"09,10,11,12,SE","Location Code":"X455","Building Code":"X455","Latitude":"40.8741506","Longitude":"-73.8327863","School District":"11","Managed By":"DOE"},"geometry":{"type":"Point","coordinates":[-73.8327863,40.8741506]}},
{"type":"Feature","properties":{"School Name":"The Equality Charter School","Address":"4140 HUTCHINSON RIVER PARKWAY EAST","City":"BRONX","Zip":"10475","Principal":"Caitlin Franco/Favrol Philemy","Principal Phone":"718-517-3169","Grades":"0K,01,02,06,07,08,09,10,11,12,SE","Location Code":"X488","Building Code":"X160","Latitude":"40.8640636","Longitude":"-73.8238945","School District":"11","Managed By":"Charter"},"geometry":{"type":"Point","coordinates":[-73.8238945,40.8640636]}},
{"type":"Feature","properties":{"School Name":"P.S. X596","Address":"850 BAYCHESTER AVENUE","City":"BRONX","Zip":"10475","Principal":"JOHN SIRACUSE","Principal Phone":"718-904-5750","Grades":"PK,0K,01,02,03,04,05,06,07,08,SE","Location Code":"X596","Building Code":"X178","Latitude":"40.8751636","Longitude":"-73.833097","School District":"11","Managed By":"DOE"},"geometry":{"type":"Point","coordinates":[-73.833097,40.8751636]}},
{"type":"Feature","properties":{"School Name":"Capital Preparatory Bronx Charter School","Address":"755 CO-OP CITY BOULEVARD","City":"BRONX","Zip":"10475","Principal":"Kashani Stokley/Angela Logan","Principal Phone":null,"Grades":"06,07,08,09,10,11,12,SE","Location Code":"X627","Building Code":"XBTY","Latitude":"40.879852","Longitude":"-73.826791","School District":"11","Managed By":"Charter"},"geometry":{"type":"Point","coordinates":[-73.826791,40.879852]}},
{"type":"Feature","properties":{"School Name":"P.S. 153 Helen Keller","Address":"650 BAYCHESTER AVENUE","City":"BRONX","Zip":"10475","Principal":"KIANA WASHINGTON","Principal Phone":"718-904-5550","Grades":"PK,0K,01,02,03,04,05,SE","Location Code":"X153","Building Code":"X153","Latitude":"40.8730609","Longitude":"-73.8330951","School District":"11","Managed By":"DOE"},"geometry":{"type":"Point","coordinates":[-73.83309509999998,40.873060899999984]}},
{"type":"Feature","properties":{"School Name":"P.S. 175 City Island","Address":"200 CITY ISLAND AVENUE","City":"BRONX","Zip":"10464","Principal":"JULIE PORRAS","Principal Phone":"718-885-1093","Grades":"PK,0K,01,02,03,04,05,06,07,08,SE","Location Code":"X175","Building Code":"X175","Latitude":"40.844353","Longitude":"-73.78354","School District":"11","Managed By":"DOE"},"geometry":{"type":"Point","coordinates":[-73.78354,40.844353]}},
{"type":"Feature","properties":{"School Name":"Renaissance High School for Musical Theater and the Arts","Address":"3000 EAST TREMONT AVENUE","City":"BRONX","Zip":"10461","Principal":"Paul Gumina","Principal Phone":"718-430-6390","Grades":"09,10,11,12,SE","Location Code":"X293","Building Code":"X405","Latitude":"40.8397839","Longitude":"-73.8393251","School District":"11","Managed By":"DOE"},"geometry":{"type":"Point","coordinates":[-73.8393251,40.839783899999986]}},
{"type":"Feature","properties":{"School Name":"Pelham Lab High School","Address":"3000 EAST TREMONT AVENUE","City":"BRONX","Zip":"10461","Principal":"Jason Wagner","Principal Phone":"718-904-5090","Grades":"09,10,11,12,SE","Location Code":"X320","Building Code":"X405","Latitude":"40.8397839","Longitude":"-73.8393251","School District":"11","Managed By":"DOE"},"geometry":{"type":"Point","coordinates":[-73.8393251,40.839783899999986]}},
{"type":"Feature","properties":{"School Name":"Schuylerville Preparatory High School","Address":"3000 EAST TREMONT AVENUE","City":"BRONX","Zip":"10461","Principal":"JORDANA BELL","Principal Phone":"718-904-5080","Grades":"09,10,11,12,SE","Location Code":"X348","Building Code":"X405","Latitude":"40.8397839","Longitude":"-73.8393251","School District":"11","Managed By":"DOE"},"geometry":{"type":"Point","coordinates":[-73.8393251,40.839783899999986]}},
{"type":"Feature","properties":{"School Name":"Bronx River High School","Address":"3000 EAST TREMONT AVENUE","City":"BRONX","Zip":"10461","Principal":"Gregory Fucheck","Principal Phone":"718-904-4210","Grades":"09,10,11,12,SE","Location Code":"X349","Building Code":"X405","Latitude":"40.8397839","Longitude":"-73.8393251","School District":"11","Managed By":"DOE"},"geometry":{"type":"Point","coordinates":[-73.8393251,40.839783899999986]}},
{"type":"Feature","properties":{"School Name":"Herbert H. Lehman High School","Address":"3000 EAST TREMONT AVENUE","City":"BRONX","Zip":"10461","Principal":"Denise Williams","Principal Phone":"718-904-4200","Grades":"09,10,11,12,SE","Location Code":"X405","Building Code":"X405","Latitude":"40.8397839","Longitude":"-73.8393251","School District":"11","Managed By":"DOE"},"geometry":{"type":"Point","coordinates":[-73.8393251,40.839783899999986]}},
{"type":"Feature","properties":{"School Name":"Westchester Square Academy","Address":"3000 EAST TREMONT AVENUE","City":"BRONX","Zip":"10461","Principal":"Marques Rich","Principal Phone":"718-904-5050","Grades":"09,10,11,12,SE","Location Code":"X558","Building Code":"X405","Latitude":"40.8397839","Longitude":"-73.8393251","School District":"11","Managed By":"DOE"},"geometry":{"type":"Point","coordinates":[-73.8393251,40.839783899999986]}},
{"type":"Feature","properties":{"School Name":"Stradford Preparatory Charter School for Boys","Address":null,"City":null,"Zip":null,"Principal":null,"Principal Phone":null,"Grades":null,"Location Code":"X634","Building Code":"XACP","Latitude":"40.850089","Longitude":"-73.850735","School District":"11","Managed By":"Charter"},"geometry":{"type":"Point","coordinates":[-73.850735,40.850089]}},
{"type":"Feature","properties":{"School Name":"Haven Charter High School","Address":"1529 WILLIAMSBRIDGE ROAD","City":"BRONX","Zip":"10461","Principal":null,"Principal Phone":null,"Grades":null,"Location Code":"X652","Building Code":"XAAL","Latitude":"40.8451183","Longitude":"-73.8471756","School District":"11","Managed By":"Charter"},"geometry":{"type":"Point","coordinates":[-73.847175600000014,40.845118300000024]}},
{"type":"Feature","properties":{"School Name":"P.S. X721 - Stephen McSweeney School","Address":"2697 WESTCHESTER AVENUE","City":"BRONX","Zip":"10461","Principal":"SARA BYAS ARACENA","Principal Phone":"718-597-6404","Grades":"09,10,11,12,SE","Location Code":"X721","Building Code":"X722","Latitude":"40.842725","Longitude":"-73.839114","School District":"11","Managed By":"DOE"},"geometry":{"type":"Point","coordinates":[-73.839114,40.842725]}},
{"type":"Feature","properties":{"School Name":"P.S. X012 Lewis and Clark School","Address":"2555 TRATMAN AVENUE","City":"BRONX","Zip":"10461","Principal":"KUVANA JONES","Principal Phone":"718-409-9040","Grades":"06,07,08,09,10,11,12,SE","Location Code":"X012","Building Code":"X012","Latitude":"40.840625","Longitude":"-73.844685","School District":"11","Managed By":"DOE"},"geometry":{"type":"Point","coordinates":[-73.844685,40.840625]}},
{"type":"Feature","properties":{"School Name":"P.S. 096 Richard Rodgers","Address":"2385 OLINVILLE AVENUE","City":"BRONX","Zip":"10467","Principal":"JOAN VETERE","Principal Phone":"718-652-4959","Grades":"PK,0K,01,02,03,04,05,SE","Location Code":"X096","Building Code":"X096","Latitude":"40.86073","Longitude":"-73.868986","School District":"11","Managed By":"DOE"},"geometry":{"type":"Point","coordinates":[-73.868986,40.86073]}},
{"type":"Feature","properties":{"School Name":"Collegiate Institute for Math and Science","Address":"925 ASTOR AVENUE","City":"BRONX","Zip":"10469","Principal":"Fredrick Nelson","Principal Phone":"718-944-3635","Grades":"09,10,11,12,SE","Location Code":"X288","Building Code":"X415","Latitude":"40.8603889","Longitude":"-73.860307","School District":"11","Managed By":"DOE"},"geometry":{"type":"Point","coordinates":[-73.860307,40.860388899999975]}},
{"type":"Feature","properties":{"School Name":"Astor Collegiate Academy","Address":"925 ASTOR AVENUE","City":"BRONX","Zip":"10469","Principal":"Sandra Burgos","Principal Phone":"718-944-3418","Grades":"09,10,11,12,SE","Location Code":"X299","Building Code":"X415","Latitude":"40.8603889","Longitude":"-73.860307","School District":"11","Managed By":"DOE"},"geometry":{"type":"Point","coordinates":[-73.860307,40.860388899999975]}},
{"type":"Feature","properties":{"School Name":"Bronx Green Middle School","Address":"2441 WALLACE AVENUE","City":"BRONX","Zip":"10467","Principal":"Charles Johnson","Principal Phone":"718-325-6593","Grades":"06,07,08,SE","Location Code":"X326","Building Code":"X135","Latitude":"40.8624813","Longitude":"-73.8649701","School District":"11","Managed By":"DOE"},"geometry":{"type":"Point","coordinates":[-73.8649701,40.862481300000013]}},
{"type":"Feature","properties":{"School Name":"Young Voices Academy of the Bronx","Address":"800 LYDIG AVENUE","City":"BRONX","Zip":"10462","Principal":"Nadia Cruz-Perez","Principal Phone":"718-794-4080","Grades":"PK,0K,01,02,03,04,05,SE","Location Code":"X357","Building Code":"X292","Latitude":"40.854423","Longitude":"-73.863733","School District":"11","Managed By":"DOE"},"geometry":{"type":"Point","coordinates":[-73.863733,40.854423]}},
{"type":"Feature","properties":{"School Name":"Bronx High School for the Visual Arts","Address":"2040 ANTIN PL","City":"BRONX","Zip":"10462","Principal":"IRIS WITHERSPOON","Principal Phone":"718-319-5160","Grades":"09,10,11,12,SE","Location Code":"X418","Building Code":"X839","Latitude":"40.851577","Longitude":"-73.864438","School District":"11","Managed By":"DOE"},"geometry":{"type":"Point","coordinates":[-73.864438,40.851577]}},
{"type":"Feature","properties":{"School Name":"Pelham Academy of Academics and Community Engagement","Address":"2441 WALLACE AVENUE","City":"BRONX","Zip":"10467","Principal":"JOANNA CARTAGENA","Principal Phone":"718-881-3136","Grades":"06,07,08,SE","Location Code":"X468","Building Code":"X135","Latitude":"40.8624813","Longitude":"-73.8649701","School District":"11","Managed By":"DOE"},"geometry":{"type":"Point","coordinates":[-73.8649701,40.862481300000013]}},
{"type":"Feature","properties":{"School Name":"The STEAM Bridge School","Address":"1684 WHITE PLAINS ROAD","City":"BRONX","Zip":"10462","Principal":"Gidget Rivera","Principal Phone":"718-239-5660","Grades":"0K,01,02,03,04,05,SE","Location Code":"X481","Building Code":"X311","Latitude":"40.843531","Longitude":"-73.865498","School District":"11","Managed By":"DOE"},"geometry":{"type":"Point","coordinates":[-73.865498,40.843531]}},
{"type":"Feature","properties":{"School Name":"Bronxdale High School","Address":"925 ASTOR AVENUE","City":"BRONX","Zip":"10469","Principal":"Grace White","Principal Phone":"718-944-3655","Grades":"09,10,11,12,SE","Location Code":"X508","Building Code":"X415","Latitude":"40.8603889","Longitude":"-73.860307","School District":"11","Managed By":"DOE"},"geometry":{"type":"Point","coordinates":[-73.860307,40.860388899999975]}},
{"type":"Feature","properties":{"School Name":"High School of Language and Innovation","Address":"925 ASTOR AVENUE","City":"BRONX","Zip":"10469","Principal":"Julie Nariman","Principal Phone":"718-944-3625","Grades":"09,10,11,12,SE","Location Code":"X509","Building Code":"X415","Latitude":"40.8603889","Longitude":"-73.860307","School District":"11","Managed By":"DOE"},"geometry":{"type":"Point","coordinates":[-73.860307,40.860388899999975]}},
{"type":"Feature","properties":{"School Name":"Pelham Preparatory Academy","Address":"925 ASTOR AVENUE","City":"BRONX","Zip":"10469","Principal":"BENVENUTO FERRON","Principal Phone":"718-944-3601","Grades":"09,10,11,12,SE","Location Code":"X542","Building Code":"X415","Latitude":"40.8603889","Longitude":"-73.860307","School District":"11","Managed By":"DOE"},"geometry":{"type":"Point","coordinates":[-73.860307,40.860388899999975]}},
{"type":"Feature","properties":{"School Name":"Bronx Park Middle School","Address":"2441 WALLACE AVENUE","City":"BRONX","Zip":"10467","Principal":"Renee Rinaldi","Principal Phone":"718-652-6090","Grades":"06,07,08,SE","Location Code":"X556","Building Code":"X135","Latitude":"40.8624813","Longitude":"-73.8649701","School District":"11","Managed By":"DOE"},"geometry":{"type":"Point","coordinates":[-73.8649701,40.862481300000013]}},
{"type":"Feature","properties":{"School Name":"Bronx Charter School for Excellence 2","Address":"1804 HOLLAND AVENUE","City":"BRONX","Zip":"10462","Principal":"Adije Okpo/Sharleen Morris","Principal Phone":"718-892-1276","Grades":"01,02,03,04,05,06,07,08","Location Code":"X579","Building Code":"XACO","Latitude":"40.845897","Longitude":"-73.864154","School District":"11","Managed By":"Charter"},"geometry":{"type":"Point","coordinates":[-73.864154,40.845897]}},
{"type":"Feature","properties":{"School Name":"P.S. 083 Donald Hertz","Address":"950 RHINELANDER AVENUE","City":"BRONX","Zip":"10462","Principal":"Brandon Muccino","Principal Phone":"718-863-1993","Grades":"0K,01,02,03,04,05,06,07,08,SE","Location Code":"X083","Building Code":"X083","Latitude":"40.849176","Longitude":"-73.858769","School District":"11","Managed By":"DOE"},"geometry":{"type":"Point","coordinates":[-73.858769,40.849176]}},
{"type":"Feature","properties":{"School Name":"P.S. 089 Bronx","Address":"980 MACE AVENUE","City":"BRONX","Zip":"10469","Principal":"RALPH MARTINEZ","Principal Phone":"718-653-0835","Grades":"PK,0K,01,02,03,04,05,06,07,08,SE","Location Code":"X089","Building Code":"X089","Latitude":"40.862481","Longitude":"-73.859254","School District":"11","Managed By":"DOE"},"geometry":{"type":"Point","coordinates":[-73.859254,40.862481]}},
{"type":"Feature","properties":{"School Name":"P.S. 105 Sen Abraham Bernstein","Address":"725 BRADY AVENUE","City":"BRONX","Zip":"10462","Principal":"CHRISTOPHER EUSTACE","Principal Phone":"718-824-7350","Grades":"PK,0K,01,02,03,04,05,06,SE","Location Code":"X105","Building Code":"X105","Latitude":"40.853075","Longitude":"-73.866264","School District":"11","Managed By":"DOE"},"geometry":{"type":"Point","coordinates":[-73.866264,40.853075]}},
{"type":"Feature","properties":{"School Name":"Bronx Charter School for Better Learning II","Address":"2545 GUNTHER AVENUE","City":"BRONX","Zip":"10469","Principal":"Shubert Jacobs/Anne Clarke-Raysor","Principal Phone":"718-655-6660","Grades":"0K,01,02,03,04,05","Location Code":"X484","Building Code":"X144","Latitude":"40.864189","Longitude":"-73.8365765","School District":"11","Managed By":"Charter"},"geometry":{"type":"Point","coordinates":[-73.836576499999978,40.864189]}},
{"type":"Feature","properties":{"School Name":"Pelham Gardens Middle School","Address":"2545 GUNTHER AVENUE","City":"BRONX","Zip":"10469","Principal":"Ian Mcghie","Principal Phone":"718-794-9750","Grades":"06,07,08,SE","Location Code":"X566","Building Code":"X144","Latitude":"40.864189","Longitude":"-73.8365765","School District":"11","Managed By":"DOE"},"geometry":{"type":"Point","coordinates":[-73.836576499999978,40.864189]}},
{"type":"Feature","properties":{"School Name":"P.S. 076 The Bennington School","Address":"900 ADEE AVENUE","City":"BRONX","Zip":"10469","Principal":"DARLENE TERON","Principal Phone":"718-882-8865","Grades":"PK,0K,01,02,03,04,05,SE","Location Code":"X076","Building Code":"X076","Latitude":"40.869059","Longitude":"-73.860928","School District":"11","Managed By":"DOE"},"geometry":{"type":"Point","coordinates":[-73.860928,40.869059]}},
{"type":"Feature","properties":{"School Name":"P.S. 097 Bronx","Address":"1375 MACE AVENUE","City":"BRONX","Zip":"10469","Principal":"KATHELEEN BORNKAMP","Principal Phone":"718-655-4446","Grades":"PK,0K,01,02,03,04,05,SE","Location Code":"X097","Building Code":"X097","Latitude":"40.863524","Longitude":"-73.846768","School District":"11","Managed By":"DOE"},"geometry":{"type":"Point","coordinates":[-73.846768,40.863524]}},
{"type":"Feature","properties":{"School Name":"P.S. 121 Throop","Address":"2750 THROOP AVENUE","City":"BRONX","Zip":"10469","Principal":"Jared Kreiner","Principal Phone":"718-654-2055","Grades":"PK,0K,01,02,03,04,05,SE","Location Code":"X121","Building Code":"X121","Latitude":"40.866474","Longitude":"-73.85051","School District":"11","Managed By":"DOE"},"geometry":{"type":"Point","coordinates":[-73.85051,40.866474]}},
{"type":"Feature","properties":{"School Name":"J.H.S. 144 Michelangelo","Address":"2545 GUNTHER AVENUE","City":"BRONX","Zip":"10469","Principal":"Ellen Barrett","Principal Phone":"718-794-9749","Grades":"06,07,08,SE","Location Code":"X144","Building Code":"X144","Latitude":"40.864189","Longitude":"-73.8365765","School District":"11","Managed By":"DOE"},"geometry":{"type":"Point","coordinates":[-73.836576499999978,40.864189]}},
{"type":"Feature","properties":{"School Name":"Icahn Charter School 3","Address":"1500 PELHAM PARKWAY SOUTH","City":"BRONX","Zip":"10461","Principal":"Kaitlyn O'connor","Principal Phone":"718-828-0034","Grades":"0K,01,02,03,04,05,06,07,08","Location Code":"X422","Building Code":"XAGA","Latitude":"40.8567867","Longitude":"-73.8431055","School District":"11","Managed By":"Charter"},"geometry":{"type":"Point","coordinates":[-73.843105499999979,40.856786699999986]}},
{"type":"Feature","properties":{"School Name":"Icahn Charter School 4","Address":"1500 PELHAM PARKWAY SOUTH","City":"BRONX","Zip":"10461","Principal":"Michelle Allen","Principal Phone":"718-828-0034","Grades":"0K,01,02,03,04,05,06,07,08","Location Code":"X496","Building Code":"XAGA","Latitude":"40.8567867","Longitude":"-73.8431055","School District":"11","Managed By":"Charter"},"geometry":{"type":"Point","coordinates":[-73.843105499999979,40.856786699999986]}},
{"type":"Feature","properties":{"School Name":"Icahn Charter School 5","Address":"1500 PELHAM PARKWAY SOUTH","City":"BRONX","Zip":"10461","Principal":"Eleni Petropoulos","Principal Phone":"718-828-0034","Grades":"0K,01,02,03,04,05,06,07,08","Location Code":"X538","Building Code":"XAGA","Latitude":"40.8567867","Longitude":"-73.8431055","School District":"11","Managed By":"Charter"},"geometry":{"type":"Point","coordinates":[-73.843105499999979,40.856786699999986]}},
{"type":"Feature","properties":{"School Name":"P.S. 108 Philip J. Abinanti","Address":"1964 YATES AVENUE","City":"BRONX","Zip":"10461","Principal":"Stefania Cedrola Mustafa","Principal Phone":"718-863-9829","Grades":"PK,0K,01,02,03,04,05,06,07,SE","Location Code":"X108","Building Code":"X108","Latitude":"40.8547","Longitude":"-73.8532","School District":"11","Managed By":"DOE"},"geometry":{"type":"Point","coordinates":[-73.8532,40.8547]}},
{"type":"Feature","properties":{"School Name":"P.S./M.S. 194","Address":"2365 WATERBURY AVENUE","City":"BRONX","Zip":"10462","Principal":"Zulma Valladares","Principal Phone":"718-892-5270","Grades":"0K,01,02,03,04,05,06,07,08,SE","Location Code":"X194","Building Code":"X194","Latitude":"40.83541","Longitude":"-73.846594","School District":"11","Managed By":"DOE"},"geometry":{"type":"Point","coordinates":[-73.846594,40.83541]}},
{"type":"Feature","properties":{"School Name":"Bronx Charter School for Excellence","Address":"1960 BENEDICT AVENUE","City":"BRONX","Zip":"10462","Principal":"Nicole Barzey/Maria Saryan","Principal Phone":"718-828-7301","Grades":"0K,01,02,03,04,05,06,07,08","Location Code":"X255","Building Code":"XAJK","Latitude":"40.834025","Longitude":"-73.858533","School District":"11","Managed By":"Charter"},"geometry":{"type":"Point","coordinates":[-73.858533,40.834025]}},
{"type":"Feature","properties":{"School Name":"Linden Tree Elementary School","Address":"1560 PURDY STREET","City":"BRONX","Zip":"10462","Principal":"CYNTHIA ROSARIO","Principal Phone":"718-239-7401","Grades":"0K,01,02,03,04,05,SE","Location Code":"X567","Building Code":"X127","Latitude":"40.8384278","Longitude":"-73.8529844","School District":"11","Managed By":"DOE"},"geometry":{"type":"Point","coordinates":[-73.852984400000025,40.838427799999977]}},
{"type":"Feature","properties":{"School Name":"P.S. 106 Parkchester","Address":"1514 OLMSTEAD AVENUE","City":"BRONX","Zip":"10462","Principal":"EUGENIA MONTALVO","Principal Phone":"718-892-1006","Grades":"PK,0K,01,02,03,04,05,SE","Location Code":"X106","Building Code":"X106","Latitude":"40.836974","Longitude":"-73.854823","School District":"11","Managed By":"DOE"},"geometry":{"type":"Point","coordinates":[-73.854823,40.836974]}},
{"type":"Feature","properties":{"School Name":"J.H.S. 127 The Castle Hill","Address":"1551 CASTLE HILL AVENUE","City":"BRONX","Zip":"10462","Principal":"Bryant Jackson","Principal Phone":"718-892-8600","Grades":"06,07,08,SE","Location Code":"X127","Building Code":"X127","Latitude":"40.8384278","Longitude":"-73.8529844","School District":"11","Managed By":"DOE"},"geometry":{"type":"Point","coordinates":[-73.852984400000025,40.838427799999977]}},
{"type":"Feature","properties":{"School Name":"P186X Walter J. Damrosch School","Address":"750 JENNINGS STREET","City":"BRONX","Zip":"10459","Principal":"SARAH TEMPLEMAN","Principal Phone":"718-378-0006","Grades":"0K,01,02,03,04,05,06,07,08,09,SE","Location Code":"X186","Building Code":"X136","Latitude":"40.831388","Longitude":"-73.897797","School District":"12","Managed By":"DOE"},"geometry":{"type":"Point","coordinates":[-73.897797,40.831388]}},
{"type":"Feature","properties":{"School Name":"E.S.M.T- I.S. 190","Address":"1550 CROTONA PARK EAST","City":"BRONX","Zip":"10460","Principal":"Castella Mckenzie","Principal Phone":"718-620-9423","Grades":"06,07,08,SE","Location Code":"X190","Building Code":"X061","Latitude":"40.8363652","Longitude":"-73.8927896","School District":"12","Managed By":"DOE"},"geometry":{"type":"Point","coordinates":[-73.892789600000015,40.836365199999989]}},
{"type":"Feature","properties":{"School Name":"P.S. 211","Address":"1919 PROSPECT AVENUE","City":"BRONX","Zip":"10457","Principal":"Tanya Drummond","Principal Phone":"718-901-0436","Grades":"PK,0K,01,02,03,04,05,SE","Location Code":"X211","Building Code":"X193","Latitude":"40.8435888","Longitude":"-73.8901442","School District":"12","Managed By":"DOE"},"geometry":{"type":"Point","coordinates":[-73.8901442,40.84358880000002]}},
{"type":"Feature","properties":{"School Name":"Metropolitan High School, The","Address":"1180 REV. J.A. POLITE AVE.","City":"BRONX","Zip":"10459","Principal":"Mohamed Zaimi","Principal Phone":"718-991-4634","Grades":"09,10,11,12,SE","Location Code":"X248","Building Code":"X099","Latitude":"40.827539","Longitude":"-73.896925","School District":"12","Managed By":"DOE"},"geometry":{"type":"Point","coordinates":[-73.896925,40.827539]}},
{"type":"Feature","properties":{"School Name":"Explorations Academy H.S.","Address":"1619 BOSTON ROAD","City":"BRONX","Zip":"10460","Principal":"STEVEN REMEIKA","Principal Phone":"718-893-6173","Grades":"09,10,11,12,SE","Location Code":"X251","Building Code":"X098","Latitude":"40.8361276","Longitude":"-73.890599","School District":"12","Managed By":"DOE"},"geometry":{"type":"Point","coordinates":[-73.890599,40.8361276]}},
{"type":"Feature","properties":{"School Name":"Bronx Latin","Address":"800 HOME STREET","City":"BRONX","Zip":"10456","Principal":"Annette Fiorentino","Principal Phone":"718-991-6349","Grades":"06,07,08,09,10,11,12,SE","Location Code":"X267","Building Code":"X158","Latitude":"40.8273875","Longitude":"-73.9008013","School District":"12","Managed By":"DOE"},"geometry":{"type":"Point","coordinates":[-73.900801300000012,40.827387499999986]}},
{"type":"Feature","properties":{"School Name":"East Bronx Academy for the Future","Address":"1716 SOUTHERN BOULEVARD","City":"BRONX","Zip":"10460","Principal":"SARAH SCROGIN","Principal Phone":"718-861-8641","Grades":"06,07,08,09,10,11,12,SE","Location Code":"X271","Building Code":"X973","Latitude":"40.836821","Longitude":"-73.887688","School District":"12","Managed By":"DOE"},"geometry":{"type":"Point","coordinates":[-73.887688,40.836821]}},
{"type":"Feature","properties":{"School Name":"The School of Science and Applied Learning","Address":"2050 PROSPECT AVENUE","City":"BRONX","Zip":"10457","Principal":"Nichelle Rice","Principal Phone":"718-584-6310","Grades":"PK,0K,01,02,03,04,05,SE","Location Code":"X300","Building Code":"X234","Latitude":"40.845951","Longitude":"-73.8871214","School District":"12","Managed By":"DOE"},"geometry":{"type":"Point","coordinates":[-73.887121400000012,40.845951]}},
{"type":"Feature","properties":{"School Name":"Fairmont Neighborhood School","Address":"1550 VYSE AVENUE","City":"BRONX","Zip":"10460","Principal":"MONIQUE HIBBERT","Principal Phone":"718-860-5210","Grades":"PK,0K,01,02,03,04,05,SE","Location Code":"X314","Building Code":"X050","Latitude":"40.834188","Longitude":"-73.886995","School District":"12","Managed By":"DOE"},"geometry":{"type":"Point","coordinates":[-73.886995,40.834188]}},
{"type":"Feature","properties":{"School Name":"Kappa III","Address":"2055 MAPES AVENUE","City":"BRONX","Zip":"10460","Principal":"Jean Colon","Principal Phone":"718-561-3580","Grades":"06,07,08,SE","Location Code":"X316","Building Code":"X129","Latitude":"40.845832","Longitude":"-73.8864261","School District":"12","Managed By":"DOE"},"geometry":{"type":"Point","coordinates":[-73.8864261,40.845832]}},
{"type":"Feature","properties":{"School Name":"I.S. X318 Math, Science & Technology Through Arts","Address":"1919 PROSPECT AVENUE","City":"BRONX","Zip":"10457","Principal":"SULEIKA DOTEL","Principal Phone":"718-294-8504","Grades":"06,07,08,SE","Location Code":"X318","Building Code":"X193","Latitude":"40.8435888","Longitude":"-73.8901442","School District":"12","Managed By":"DOE"},"geometry":{"type":"Point","coordinates":[-73.8901442,40.84358880000002]}},
{"type":"Feature","properties":{"School Name":"Arturo A. Schomburg Satellite Academy Bronx","Address":"1010 REV. J. A. POLITE AVENUE","City":"BRONX","Zip":"10459","Principal":"MARSHA VERNON","Principal Phone":"718-518-3050","Grades":"09,10,11,12,SE","Location Code":"X446","Building Code":"X401","Latitude":"40.8254941","Longitude":"-73.8988374","School District":"12","Managed By":"DOE"},"geometry":{"type":"Point","coordinates":[-73.8988374,40.825494100000014]}},
{"type":"Feature","properties":{"School Name":"Urban Scholars Community School","Address":"1180 TINTON AVENUE","City":"BRONX","Zip":"10456","Principal":"DEBRA JONES","Principal Phone":"718-842-8133","Grades":"0K,01,02,03,04,05,SE","Location Code":"X463","Building Code":"X198","Latitude":"40.8286961","Longitude":"-73.9002497","School District":"12","Managed By":"DOE"},"geometry":{"type":"Point","coordinates":[-73.900249700000018,40.8286961]}},
{"type":"Feature","properties":{"School Name":"Bronx Career and College Preparatory High School","Address":"800 HOME STREET","City":"BRONX","Zip":"10456","Principal":"Nicole Winn","Principal Phone":"718-542-4011","Grades":"09,10,11,12,SE","Location Code":"X479","Building Code":"X158","Latitude":"40.8273875","Longitude":"-73.9008013","School District":"12","Managed By":"DOE"},"geometry":{"type":"Point","coordinates":[-73.900801300000012,40.827387499999986]}},
{"type":"Feature","properties":{"School Name":"Bronx Regional High School","Address":"1010 REV. J. A. POLITE AVENUE","City":"BRONX","Zip":"10459","Principal":"COLIN THOMAS","Principal Phone":"718-991-2020","Grades":"10,11,12","Location Code":"X480","Building Code":"X401","Latitude":"40.8254941","Longitude":"-73.8988374","School District":"12","Managed By":"DOE"},"geometry":{"type":"Point","coordinates":[-73.8988374,40.825494100000014]}},
{"type":"Feature","properties":{"School Name":"Dr. Richard Izquierdo Health and Science Charter School","Address":"800 HOME STREET","City":"BRONX","Zip":"10456","Principal":"Beatriz Szmurlo/Lindsay Malanga","Principal Phone":"718-378-0490","Grades":"06,07,08,09,10,11,12,SE","Location Code":"X482","Building Code":"X158","Latitude":"40.8273875","Longitude":"-73.9008013","School District":"12","Managed By":"Charter"},"geometry":{"type":"Point","coordinates":[-73.900801300000012,40.827387499999986]}},
{"type":"Feature","properties":{"School Name":"Bronx Envision Academy","Address":"1619 BOSTON ROAD","City":"BRONX","Zip":"10460","Principal":"Emily Shu","Principal Phone":"718-589-1590","Grades":"09,10,11,12,SE","Location Code":"X511","Building Code":"X098","Latitude":"40.8361276","Longitude":"-73.890599","School District":"12","Managed By":"DOE"},"geometry":{"type":"Point","coordinates":[-73.890599,40.8361276]}},
{"type":"Feature","properties":{"School Name":"NYC Autism Charter School Bronx","Address":"1180 TINTON AVENUE","City":"BRONX","Zip":"10456","Principal":"Julie Fisher/Katie Mcavoy","Principal Phone":"718-860-5910","Grades":"0K,01,02,03,04,05,06,07,08,SE","Location Code":"X587","Building Code":"X198","Latitude":"40.8286961","Longitude":"-73.9002497","School District":"12","Managed By":"Charter"},"geometry":{"type":"Point","coordinates":[-73.900249700000018,40.8286961]}},
{"type":"Feature","properties":{"School Name":"P.S. 595","Address":"700 EAST 179 STREET","City":"BRONX","Zip":"10457","Principal":"Nash Matute","Principal Phone":"718-960-4795","Grades":"PK,0K,01,02,03,04,05,SE","Location Code":"X595","Building Code":"X092","Latitude":"40.846205","Longitude":"-73.889602","School District":"12","Managed By":"DOE"},"geometry":{"type":"Point","coordinates":[-73.889602,40.846205]}},
{"type":"Feature","properties":{"School Name":"KIPP Freedom Charter School","Address":"1825 PROSPECT AVENUE","City":"BRONX","Zip":"10457","Principal":"Quinn Vance/Amanda Martinez","Principal Phone":null,"Grades":"0K,01,02,03,04,06,07,08","Location Code":"X598","Building Code":"X044","Latitude":"40.8425963","Longitude":"-73.891017","School District":"12","Managed By":"Charter"},"geometry":{"type":"Point","coordinates":[-73.891017,40.842596300000025]}},
{"type":"Feature","properties":{"School Name":"Zeta Charter School – Tremont Park","Address":"1910 ARTHUR AVENUE","City":"BRONX","Zip":"10457","Principal":null,"Principal Phone":null,"Grades":"PK,0K,01,02,03,04,05","Location Code":"X632","Building Code":"XCHM","Latitude":"40.84539","Longitude":"-73.893499","School District":"12","Managed By":"Charter"},"geometry":{"type":"Point","coordinates":[-73.893499,40.84539]}},
{"type":"Feature","properties":{"School Name":"Bard High School Early College Bronx","Address":"1619 BOSTON ROAD","City":"BRONX","Zip":"10460","Principal":"Siska Brutsaert","Principal Phone":null,"Grades":"09,10,11,12,SE","Location Code":"X641","Building Code":"X098","Latitude":"40.8361276","Longitude":"-73.890599","School District":"12","Managed By":"DOE"},"geometry":{"type":"Point","coordinates":[-73.890599,40.8361276]}},
{"type":"Feature","properties":{"School Name":"P.S. 044 David C. Farragut","Address":"1825 PROSPECT AVENUE","City":"BRONX","Zip":"10457","Principal":"Melissa Harrow","Principal Phone":"718-583-2360","Grades":"PK,0K,01,02,03,04,05,SE","Location Code":"X044","Building Code":"X044","Latitude":"40.8425963","Longitude":"-73.891017","School District":"12","Managed By":"DOE"},"geometry":{"type":"Point","coordinates":[-73.891017,40.842596300000025]}},
{"type":"Feature","properties":{"School Name":"P.S. 061 Francisco Oller","Address":"1550 CROTONA PARK EAST","City":"BRONX","Zip":"10460","Principal":"Marjorie Cutler Sanchez","Principal Phone":"718-542-7230","Grades":"0K,01,02,03,04,05","Location Code":"X061","Building Code":"X061","Latitude":"40.8363652","Longitude":"-73.8927896","School District":"12","Managed By":"DOE"},"geometry":{"type":"Point","coordinates":[-73.892789600000015,40.836365199999989]}},
{"type":"Feature","properties":{"School Name":"Children's Aid College Preparatory Charter School","Address":"1919 PROSPECT AVENUE","City":"BRONX","Zip":"10457","Principal":"Casey Vier/Dr. Robin Fleshman","Principal Phone":"347-871-9002","Grades":"0K,01,02,03,04,05,06,07,08,SE","Location Code":"X124","Building Code":"X193","Latitude":"40.8435888","Longitude":"-73.8901442","School District":"12","Managed By":"Charter"},"geometry":{"type":"Point","coordinates":[-73.8901442,40.84358880000002]}},
{"type":"Feature","properties":{"School Name":"M.S. 129 Academy for Independent Learning and Leadership","Address":"2055 MAPES AVENUE","City":"BRONX","Zip":"10460","Principal":"Jason Reyes","Principal Phone":"718-933-5976","Grades":"06,07,08,SE","Location Code":"X129","Building Code":"X129","Latitude":"40.845832","Longitude":"-73.8864261","School District":"12","Managed By":"DOE"},"geometry":{"type":"Point","coordinates":[-73.8864261,40.845832]}},
{"type":"Feature","properties":{"School Name":"P.S. 134 George F. Bristow","Address":"1330 BRISTOW STREET","City":"BRONX","Zip":"10459","Principal":"Bryant Romano","Principal Phone":"718-328-3351","Grades":"PK,0K,01,02,03,04,05,SE","Location Code":"X134","Building Code":"X134","Latitude":"40.831613","Longitude":"-73.894241","School District":"12","Managed By":"DOE"},"geometry":{"type":"Point","coordinates":[-73.894241,40.831613]}},
{"type":"Feature","properties":{"School Name":"Frederick Douglass Academy V. Middle School","Address":"2111 CROTONA AVENUE","City":"BRONX","Zip":"10457","Principal":"Michael Loughren","Principal Phone":"718-561-1617","Grades":"06,07,08,SE","Location Code":"X273","Building Code":"X057","Latitude":"40.848689","Longitude":"-73.8889039","School District":"12","Managed By":"DOE"},"geometry":{"type":"Point","coordinates":[-73.8889039,40.848689]}},
{"type":"Feature","properties":{"School Name":"P.S. 057 Crescent","Address":"2111 CROTONA AVENUE","City":"BRONX","Zip":"10457","Principal":"Wodo Ogbonna","Principal Phone":"718-367-9446","Grades":"0K,01,02,03,04,05,SE","Location Code":"X057","Building Code":"X057","Latitude":"40.848689","Longitude":"-73.8889039","School District":"12","Managed By":"DOE"},"geometry":{"type":"Point","coordinates":[-73.8889039,40.848689]}},
{"type":"Feature","properties":{"School Name":"Pharos Academy Charter School","Address":"1001 INTERVALE AVENUE","City":"BRONX","Zip":"10459","Principal":"Travis Brown","Principal Phone":"646-915-0025","Grades":"0K,01,02,03,04,05,06,07,08,09,10,11,12","Location Code":"X185","Building Code":"X716","Latitude":"40.823228","Longitude":"-73.897394","School District":"12","Managed By":"Charter"},"geometry":{"type":"Point","coordinates":[-73.897394,40.823228]}},
{"type":"Feature","properties":{"School Name":"P.S. 195","Address":"1260 WARD AVENUE","City":"BRONX","Zip":"10472","Principal":"IVAN RIVERA","Principal Phone":"718-861-4461","Grades":"PK,0K,01,02,03,04,05,06,SE","Location Code":"X195","Building Code":"X077","Latitude":"40.8304135","Longitude":"-73.8774211","School District":"12","Managed By":"DOE"},"geometry":{"type":"Point","coordinates":[-73.8774211,40.83041350000002]}},
{"type":"Feature","properties":{"School Name":"P.S. 196","Address":"1260 WARD AVENUE","City":"BRONX","Zip":"10472","Principal":"Yvette Lopez Diaz","Principal Phone":"718-328-7187","Grades":"PK,0K,01,02,03,04,05,SE","Location Code":"X196","Building Code":"X077","Latitude":"40.8304135","Longitude":"-73.8774211","School District":"12","Managed By":"DOE"},"geometry":{"type":"Point","coordinates":[-73.8774211,40.83041350000002]}},
{"type":"Feature","properties":{"School Name":"New Visions AIM Charter High School II","Address":null,"City":null,"Zip":null,"Principal":null,"Principal Phone":null,"Grades":null,"Location Code":"X200","Building Code":"X401","Latitude":"40.8254941","Longitude":"-73.8988374","School District":"12","Managed By":"Charter"},"geometry":{"type":"Point","coordinates":[-73.8988374,40.825494100000014]}},
{"type":"Feature","properties":{"School Name":"School of Performing Arts","Address":"977 FOX STREET","City":"BRONX","Zip":"10459","Principal":"Dionne Williams","Principal Phone":"718-589-4844","Grades":"06,07,08,SE","Location Code":"X217","Building Code":"X116","Latitude":"40.8221969","Longitude":"-73.894053","School District":"12","Managed By":"DOE"},"geometry":{"type":"Point","coordinates":[-73.894053,40.8221969]}},
{"type":"Feature","properties":{"School Name":"Mott Hall V","Address":"1551 EAST 172 STREET","City":"BRONX","Zip":"10472","Principal":"PETER OROSZLANY","Principal Phone":"718-620-8160","Grades":"06,07,08,09,10,11,12,SE","Location Code":"X242","Building Code":"X423","Latitude":"40.8322482","Longitude":"-73.8776494","School District":"12","Managed By":"DOE"},"geometry":{"type":"Point","coordinates":[-73.8776494,40.832248199999981]}},
{"type":"Feature","properties":{"School Name":"Fannie Lou Hamer Middle School","Address":"1001 JENNINGS STREET","City":"BRONX","Zip":"10460","Principal":"Abbey Wilson","Principal Phone":"718-319-7270","Grades":"06,07,08,SE","Location Code":"X286","Building Code":"X066","Latitude":"40.8312555","Longitude":"-73.8866072","School District":"12","Managed By":"DOE"},"geometry":{"type":"Point","coordinates":[-73.886607200000014,40.8312555]}},
{"type":"Feature","properties":{"School Name":"Accion Academy","Address":"977 FOX STREET","City":"BRONX","Zip":"10459","Principal":"Yasmin Lugo","Principal Phone":"718-378-1649","Grades":"06,07,08,SE","Location Code":"X341","Building Code":"X116","Latitude":"40.8221969","Longitude":"-73.894053","School District":"12","Managed By":"DOE"},"geometry":{"type":"Point","coordinates":[-73.894053,40.8221969]}},
{"type":"Feature","properties":{"School Name":"South Bronx Classical Charter School","Address":"977 FOX STREET","City":"BRONX","Zip":"10459","Principal":"Lester Long/Nicole Fraija","Principal Phone":"718-860-4340","Grades":"0K,01,02,03,04,05,06,07,08","Location Code":"X346","Building Code":"X116","Latitude":"40.8221969","Longitude":"-73.894053","School District":"12","Managed By":"Charter"},"geometry":{"type":"Point","coordinates":[-73.894053,40.8221969]}},
{"type":"Feature","properties":{"School Name":"Pan American International High School at Monroe","Address":"1300 BOYNTON AVENUE","City":"BRONX","Zip":"10472","Principal":"Mary Pollack","Principal Phone":"718-991-7238","Grades":"09,10,11,12,SE","Location Code":"X388","Building Code":"X420","Latitude":"40.8319811","Longitude":"-73.8784763","School District":"12","Managed By":"DOE"},"geometry":{"type":"Point","coordinates":[-73.878476299999988,40.8319811]}},
{"type":"Feature","properties":{"School Name":"Samara Community School","Address":"1570 BOONE AVENUE","City":"BRONX","Zip":"10460","Principal":"DANIELLE DERRIG","Principal Phone":"718-860-5332","Grades":"PK,0K,01,02,03,04,05,SE","Location Code":"X458","Building Code":"X320","Latitude":"40.833595","Longitude":"-73.885081","School District":"12","Managed By":"DOE"},"geometry":{"type":"Point","coordinates":[-73.885081,40.833595]}},
{"type":"Feature","properties":{"School Name":"The Cinema School","Address":"1551 EAST 172 STREET","City":"BRONX","Zip":"10472","Principal":"Keisha Warner","Principal Phone":"718-620-2560","Grades":"09,10,11,12,SE","Location Code":"X478","Building Code":"X423","Latitude":"40.8322482","Longitude":"-73.8776494","School District":"12","Managed By":"DOE"},"geometry":{"type":"Point","coordinates":[-73.8776494,40.832248199999981]}},
{"type":"Feature","properties":{"School Name":"The Metropolitan Soundview High School","Address":"1300 BOYNTON AVENUE","City":"BRONX","Zip":"10472","Principal":"Emarilix Lopez","Principal Phone":"718-860-8240","Grades":"09,10,11,12,SE","Location Code":"X521","Building Code":"X420","Latitude":"40.8319811","Longitude":"-73.8784763","School District":"12","Managed By":"DOE"},"geometry":{"type":"Point","coordinates":[-73.878476299999988,40.8319811]}},
{"type":"Feature","properties":{"School Name":"High School of World Cultures","Address":"1300 BOYNTON AVENUE","City":"BRONX","Zip":"10472","Principal":"Leslie Aquino","Principal Phone":"718-860-8120","Grades":"09,10,11,12,SE","Location Code":"X550","Building Code":"X420","Latitude":"40.8319811","Longitude":"-73.8784763","School District":"12","Managed By":"DOE"},"geometry":{"type":"Point","coordinates":[-73.878476299999988,40.8319811]}},
{"type":"Feature","properties":{"School Name":"Democracy Preparatory Endurance Charter School","Address":"1000 WESTCHESTER AVENUE","City":"BRONX","Zip":"10459","Principal":null,"Principal Phone":null,"Grades":"PK,0K,01,02,03,04,05,06,07,09,10,11,12","Location Code":"X649","Building Code":"XCPW","Latitude":"40.8234354","Longitude":"-73.8936352","School District":"12","Managed By":"Charter"},"geometry":{"type":"Point","coordinates":[-73.8936352,40.8234354]}},
{"type":"Feature","properties":{"School Name":"Fannie Lou Hamer Freedom High School","Address":"1021 JENNINGS STREET","City":"BRONX","Zip":"10460","Principal":"JEFFREY PALLADINO","Principal Phone":"718-861-0521","Grades":"09,10,11,12,SE","Location Code":"X682","Building Code":"X878","Latitude":"40.831212","Longitude":"-73.885804","School District":"12","Managed By":"DOE"},"geometry":{"type":"Point","coordinates":[-73.885804,40.831212]}},
{"type":"Feature","properties":{"School Name":"P.S. X811","Address":"1434 LONGFELLOW AVENUE","City":"BRONX","Zip":"10459","Principal":"Jennifer Currie","Principal Phone":"718-589-3060","Grades":"06,07,08,09,10,11,12,SE","Location Code":"X811","Building Code":"X084","Latitude":"40.830552","Longitude":"-73.886798","School District":"12","Managed By":"DOE"},"geometry":{"type":"Point","coordinates":[-73.886798,40.830552]}},
{"type":"Feature","properties":{"School Name":"ALC - Crotona Academy","Address":null,"City":null,"Zip":null,"Principal":null,"Principal Phone":null,"Grades":null,"Location Code":"X994","Building Code":"X358","Latitude":"40.829306","Longitude":"-73.892243","School District":"12","Managed By":"DOE"},"geometry":{"type":"Point","coordinates":[-73.892243,40.829306]}},
{"type":"Feature","properties":{"School Name":"P.S. 066 School of Higher Expectations","Address":"1001 JENNINGS STREET","City":"BRONX","Zip":"10460","Principal":"Kevin Goodman","Principal Phone":"718-319-2820","Grades":"PK,0K,01,02,03,04,05,SE","Location Code":"X066","Building Code":"X066","Latitude":"40.8312555","Longitude":"-73.8866072","School District":"12","Managed By":"DOE"},"geometry":{"type":"Point","coordinates":[-73.886607200000014,40.8312555]}},
{"type":"Feature","properties":{"School Name":"P.S. 150 Charles James Fox","Address":"920 EAST 167 STREET","City":"BRONX","Zip":"10459","Principal":"NORMA SANCHEZ","Principal Phone":"718-328-7729","Grades":"PK,0K,01,02,03,04,05,SE","Location Code":"X150","Building Code":"X150","Latitude":"40.82471","Longitude":"-73.894349","School District":"12","Managed By":"DOE"},"geometry":{"type":"Point","coordinates":[-73.894349,40.82471]}},
{"type":"Feature","properties":{"School Name":"P.S. 214","Address":"1970 WEST FARMS ROAD","City":"BRONX","Zip":"10460","Principal":"Melissa De Jesus","Principal Phone":"718-589-6728","Grades":"PK,0K,01,02,03,04,05,06,07,08,SE","Location Code":"X214","Building Code":"X167","Latitude":"40.839194","Longitude":"-73.880286","School District":"12","Managed By":"DOE"},"geometry":{"type":"Point","coordinates":[-73.880286,40.839194]}},
{"type":"Feature","properties":{"School Name":"The Vida Bogart School for All Children","Address":"1000 EAST TREMONT AVENUE","City":"BRONX","Zip":"10460","Principal":"LOURDES MENDEZ","Principal Phone":"718-328-3913","Grades":"PK,0K,01,02,03,04,05,06,07,08,SE","Location Code":"X352","Building Code":"X006","Latitude":"40.8406431","Longitude":"-73.8822618","School District":"12","Managed By":"DOE"},"geometry":{"type":"Point","coordinates":[-73.882261799999981,40.840643100000023]}},
{"type":"Feature","properties":{"School Name":"Emolior Academy","Address":"1970 WEST FARMS ROAD","City":"BRONX","Zip":"10460","Principal":"Michael Abbey","Principal Phone":"718-842-2670","Grades":"06,07,08,SE","Location Code":"X383","Building Code":"X167","Latitude":"40.839194","Longitude":"-73.880286","School District":"12","Managed By":"DOE"},"geometry":{"type":"Point","coordinates":[-73.880286,40.839194]}},
{"type":"Feature","properties":{"School Name":"Cultivating Hearts and Minds Pre-K Center","Address":"1946 BOSTON ROAD","City":"BRONX","Zip":"10460","Principal":"Christina Sardelis Dold","Principal Phone":null,"Grades":"PK","Location Code":"X626","Building Code":"X484","Latitude":"40.839563","Longitude":"-73.880672","School District":"12","Managed By":"DOE"},"geometry":{"type":"Point","coordinates":[-73.880672,40.839563]}},
{"type":"Feature","properties":{"School Name":"Wings Academy","Address":"1122 EAST 180 STREET","City":"BRONX","Zip":"10460","Principal":"Monique Jackson Dickens","Principal Phone":"718-597-1751","Grades":"09,10,11,12,SE","Location Code":"X684","Building Code":"X879","Latitude":"40.841376","Longitude":"-73.875262","School District":"12","Managed By":"DOE"},"geometry":{"type":"Point","coordinates":[-73.875262,40.841376]}},
{"type":"Feature","properties":{"School Name":"P.S. 006 West Farms","Address":"1000 EAST TREMONT AVENUE","City":"BRONX","Zip":"10460","Principal":"Keith Dunbar","Principal Phone":"718-542-7676","Grades":"PK,0K,01,02,03,04,05,SE","Location Code":"X006","Building Code":"X006","Latitude":"40.8406431","Longitude":"-73.8822618","School District":"12","Managed By":"DOE"},"geometry":{"type":"Point","coordinates":[-73.882261799999981,40.840643100000023]}},
{"type":"Feature","properties":{"School Name":"P.S. 067 Mohegan School","Address":"2024 MOHEGAN AVENUE","City":"BRONX","Zip":"10460","Principal":"Jeffrey Santiago","Principal Phone":"718-823-4101","Grades":"PK,0K,01,02,03,04,05,SE","Location Code":"X067","Building Code":"X067","Latitude":"40.843781","Longitude":"-73.884192","School District":"12","Managed By":"DOE"},"geometry":{"type":"Point","coordinates":[-73.884192,40.843781]}},
{"type":"Feature","properties":{"School Name":"Archer Elementary School","Address":"1827 ARCHER STREET","City":"BRONX","Zip":"10460","Principal":"Erin Finerty","Principal Phone":"718-828-3791","Grades":"PK,0K,01,02,03,04,05,06,SE","Location Code":"X531","Building Code":"X102","Latitude":"40.8380391","Longitude":"-73.8658951","School District":"12","Managed By":"DOE"},"geometry":{"type":"Point","coordinates":[-73.865895099999989,40.8380391]}},
{"type":"Feature","properties":{"School Name":"P.S. 536","Address":"1827 ARCHER STREET","City":"BRONX","Zip":"10460","Principal":"Jesse Yarbrough","Principal Phone":"718-931-4270","Grades":"PK,0K,01,02,03,04,05,SE","Location Code":"X536","Building Code":"X102","Latitude":"40.8380391","Longitude":"-73.8658951","School District":"12","Managed By":"DOE"},"geometry":{"type":"Point","coordinates":[-73.865895099999989,40.8380391]}},
{"type":"Feature","properties":{"School Name":"Girls Preparatory Charter School of New York","Address":"1160 BEACH AVENUE","City":"BRONX","Zip":"10472","Principal":null,"Principal Phone":null,"Grades":"03,08,09,10,11,12,SE","Location Code":"X648","Building Code":"XAAM","Latitude":"40.829335","Longitude":"-73.8654829","School District":"12","Managed By":"Charter"},"geometry":{"type":"Point","coordinates":[-73.865482900000018,40.829335]}},
{"type":"Feature","properties":{"School Name":"Bronx Little School","Address":"1827 ARCHER STREET","City":"BRONX","Zip":"10460","Principal":"Beverly Urquiza","Principal Phone":"718-792-2650","Grades":"PK,0K,01,02,03,04,05,SE","Location Code":"X691","Building Code":"X102","Latitude":"40.8380391","Longitude":"-73.8658951","School District":"12","Managed By":"DOE"},"geometry":{"type":"Point","coordinates":[-73.865895099999989,40.8380391]}},
{"type":"Feature","properties":{"School Name":"P.S. 047 John Randolph","Address":"1794 EAST 172 STREET","City":"BRONX","Zip":"10472","Principal":"THOMAS GUARNIERI","Principal Phone":"718-824-0950","Grades":"0K,01,02,03,04,05,SE","Location Code":"X047","Building Code":"X047","Latitude":"40.832529","Longitude":"-73.866974","School District":"12","Managed By":"DOE"},"geometry":{"type":"Point","coordinates":[-73.866974,40.832529]}},
{"type":"Feature","properties":{"School Name":"P.S. 304 Early Childhood School","Address":"2750 LAFAYETTE AVENUE","City":"BRONX","Zip":"10465","Principal":"WALTER NINO F GALIANO JR","Principal Phone":"718-822-5307","Grades":"PK,0K,01,02,03,04,05,06,SE","Location Code":"X304","Building Code":"X101","Latitude":"40.827175","Longitude":"-73.8293166","School District":"8","Managed By":"DOE"},"geometry":{"type":"Point","coordinates":[-73.829316600000027,40.827175]}},
{"type":"Feature","properties":{"School Name":"Urban Institute of Mathematics","Address":"650 HOLLYWOOD AVENUE","City":"BRONX","Zip":"10465","Principal":"Joshua Partridge","Principal Phone":"718-823-6042","Grades":"06,07,08,SE","Location Code":"X371","Building Code":"X192","Latitude":"40.8269794","Longitude":"-73.8182885","School District":"8","Managed By":"DOE"},"geometry":{"type":"Point","coordinates":[-73.8182885,40.826979400000027]}},
{"type":"Feature","properties":{"School Name":"Bronx Delta School","Address":"650 HOLLYWOOD AVENUE","City":"BRONX","Zip":"10465","Principal":"Maria Rogalle","Principal Phone":"718-319-7147","Grades":"PK,0K,01,02,03,04,05,SE","Location Code":"X392","Building Code":"X192","Latitude":"40.8269794","Longitude":"-73.8182885","School District":"8","Managed By":"DOE"},"geometry":{"type":"Point","coordinates":[-73.8182885,40.826979400000027]}},
{"type":"Feature","properties":{"School Name":"Mott Hall Community School","Address":"650 HOLLYWOOD AVENUE","City":"BRONX","Zip":"10465","Principal":"Benjamin Basile","Principal Phone":"718-829-3254","Grades":"06,07,08,SE","Location Code":"X467","Building Code":"X192","Latitude":"40.8269794","Longitude":"-73.8182885","School District":"8","Managed By":"DOE"},"geometry":{"type":"Point","coordinates":[-73.8182885,40.826979400000027]}},
{"type":"Feature","properties":{"School Name":"Bronx Arts and Science Charter School","Address":"925 HUTCHINSON RIVER PARKWAY","City":"BRONX","Zip":"10465","Principal":"Turan Balik/Nihat Guvercin","Principal Phone":null,"Grades":"PK,01,02,03,04,05,06,07,SE","Location Code":"X619","Building Code":"XAGG","Latitude":"40.825715","Longitude":"-73.838299","School District":"8","Managed By":"Charter"},"geometry":{"type":"Point","coordinates":[-73.838299,40.825715]}},
{"type":"Feature","properties":{"School Name":"Earl Monroe New Renaissance Basketball Charter School","Address":"1617 PARKVIEW AVENUE","City":"BRONX","Zip":"10461","Principal":"Kern Mojica","Principal Phone":"917-873-6049","Grades":"09,10,11,12","Location Code":"X635","Building Code":"XACJ","Latitude":"40.845321","Longitude":"-73.827252","School District":"8","Managed By":"Charter"},"geometry":{"type":"Point","coordinates":[-73.827252,40.845321]}},
{"type":"Feature","properties":{"School Name":"Home Instruction - Bronx","Address":null,"City":null,"Zip":null,"Principal":null,"Principal Phone":null,"Grades":null,"Location Code":"X999","Building Code":"X953","Latitude":"40.831829","Longitude":"-73.827642","School District":"8","Managed By":null},"geometry":{"type":"Point","coordinates":[-73.827642,40.831829]}},
{"type":"Feature","properties":{"School Name":"Hospital Schools - Bronx","Address":null,"City":null,"Zip":null,"Principal":null,"Principal Phone":null,"Grades":null,"Location Code":"XHOS","Building Code":"X953","Latitude":"40.831829","Longitude":"-73.827642","School District":"8","Managed By":null},"geometry":{"type":"Point","coordinates":[-73.827642,40.831829]}},
{"type":"Feature","properties":{"School Name":"Hospital Schools - Staten Island","Address":null,"City":null,"Zip":null,"Principal":null,"Principal Phone":null,"Grades":null,"Location Code":"RHOS","Building Code":"X953","Latitude":"40.831829","Longitude":"-73.827642","School District":"8","Managed By":null},"geometry":{"type":"Point","coordinates":[-73.827642,40.831829]}},
{"type":"Feature","properties":{"School Name":"P.S. X010","Address":"2750 LAFAYETTE AVENUE","City":"BRONX","Zip":"10465","Principal":"Christophe Reda","Principal Phone":"718-828-4022","Grades":"PK,0K,01,02,03,04,05,06,07,08,10,11,12,SE","Location Code":"X010","Building Code":"X101","Latitude":"40.827175","Longitude":"-73.8293166","School District":"8","Managed By":"DOE"},"geometry":{"type":"Point","coordinates":[-73.829316600000027,40.827175]}},
{"type":"Feature","properties":{"School Name":"P.S. X014 Senator John Calandra","Address":"3047 BRUCKNER BOULEVARD","City":"BRONX","Zip":"10461","Principal":"Ira Schulman","Principal Phone":"718-822-5341","Grades":"PK,0K,01,02,03,04,05,SE","Location Code":"X014","Building Code":"X014","Latitude":"40.835318","Longitude":"-73.826277","School District":"8","Managed By":"DOE"},"geometry":{"type":"Point","coordinates":[-73.826277,40.835318]}},
{"type":"Feature","properties":{"School Name":"P.S. 071 Rose E. Scala","Address":"3040 ROBERTS AVENUE","City":"BRONX","Zip":"10461","Principal":"Margaret Mirando","Principal Phone":"718-822-5351","Grades":"0K,01,02,03,04,05,06,07,08,SE","Location Code":"X071","Building Code":"X071","Latitude":"40.845379","Longitude":"-73.829562","School District":"8","Managed By":"DOE"},"geometry":{"type":"Point","coordinates":[-73.829562,40.845379]}},
{"type":"Feature","properties":{"School Name":"P.S. 072 Dr. William Dorney","Address":"2951 DEWEY AVENUE","City":"BRONX","Zip":"10465","Principal":"GRETA RATJEN","Principal Phone":"718-822-5311","Grades":"PK,0K,01,02,03,04,05,SE","Location Code":"X072","Building Code":"X072","Latitude":"40.823237","Longitude":"-73.818172","School District":"8","Managed By":"DOE"},"geometry":{"type":"Point","coordinates":[-73.818172,40.823237]}},
{"type":"Feature","properties":{"School Name":"M.S. X101 Edward R. Byrne","Address":"2750 LAFAYETTE AVENUE","City":"BRONX","Zip":"10465","Principal":"Jared Rosoff","Principal Phone":"718-829-6372","Grades":"06,07,08,SE","Location Code":"X101","Building Code":"X101","Latitude":"40.827175","Longitude":"-73.8293166","School District":"8","Managed By":"DOE"},"geometry":{"type":"Point","coordinates":[-73.829316600000027,40.827175]}},
{"type":"Feature","properties":{"School Name":"Hospital Schools","Address":"3450 EAST TREMONT AVENUE","City":"BRONX","Zip":"10465","Principal":"MARY MAHER","Principal Phone":"718-794-7260","Grades":"10,11,12,SE","Location Code":"M401","Building Code":"X953","Latitude":"40.831829","Longitude":"-73.827642","School District":"8","Managed By":"DOE"},"geometry":{"type":"Point","coordinates":[-73.827642,40.831829]}},
{"type":"Feature","properties":{"School Name":"Home Instruction","Address":"3450 EAST TREMONT AVENUE","City":"BRONX","Zip":"10465","Principal":"Ramona Pizarro","Principal Phone":"646-486-3557","Grades":"02,04,05,07,08,10,11,12,SE","Location Code":"M501","Building Code":"X953","Latitude":"40.831829","Longitude":"-73.827642","School District":"8","Managed By":"DOE"},"geometry":{"type":"Point","coordinates":[-73.827642,40.831829]}},
{"type":"Feature","properties":{"School Name":"Hospital Schools - Brooklyn","Address":null,"City":null,"Zip":null,"Principal":null,"Principal Phone":null,"Grades":null,"Location Code":"KHOS","Building Code":"X953","Latitude":"40.831829","Longitude":"-73.827642","School District":"8","Managed By":null},"geometry":{"type":"Point","coordinates":[-73.827642,40.831829]}},
{"type":"Feature","properties":{"School Name":"P.S. 130 Abram Stevens Hewitt","Address":"750 PROSPECT AVENUE","City":"BRONX","Zip":"10455","Principal":"MICHELLE VARGAS","Principal Phone":"718-665-0962","Grades":"PK,0K,01,02,03,04,05,SE","Location Code":"X130","Building Code":"X130","Latitude":"40.817742","Longitude":"-73.901709","School District":"8","Managed By":"DOE"},"geometry":{"type":"Point","coordinates":[-73.901709,40.817742]}},
{"type":"Feature","properties":{"School Name":"M.S. 302 Luisa Dessus Cruz","Address":"681 KELLY STREET","City":"BRONX","Zip":"10455","Principal":"Liza Ortiz","Principal Phone":"718-901-3520","Grades":"06,07,08,SE","Location Code":"X302","Building Code":"X052","Latitude":"40.8159118","Longitude":"-73.9016736","School District":"8","Managed By":"DOE"},"geometry":{"type":"Point","coordinates":[-73.901673599999981,40.815911799999981]}},
{"type":"Feature","properties":{"School Name":"Leaders In Our Neighborhood Charter School","Address":"730 BRYANT AVENUE","City":"BRONX","Zip":"10474","Principal":"Celia Sosa/Celia Sosa","Principal Phone":"718-991-5500","Grades":"0K,01,02,03,04,05,06,07,08,09,10,11,12","Location Code":"X345","Building Code":"X074","Latitude":"40.8158786","Longitude":"-73.8853141","School District":"8","Managed By":"Charter"},"geometry":{"type":"Point","coordinates":[-73.885314100000016,40.815878600000019]}},
{"type":"Feature","properties":{"School Name":"Bronx Academy for Multi-Media","Address":"730 BRYANT AVENUE","City":"BRONX","Zip":"10474","Principal":"DAVID VAZQUEZ","Principal Phone":"718-328-1972","Grades":"06,07,08,SE","Location Code":"X424","Building Code":"X074","Latitude":"40.8158786","Longitude":"-73.8853141","School District":"8","Managed By":"DOE"},"geometry":{"type":"Point","coordinates":[-73.885314100000016,40.815878600000019]}},
{"type":"Feature","properties":{"School Name":"Girls Preparatory Charter School of the Bronx","Address":"681 KELLY STREET","City":"BRONX","Zip":"10455","Principal":"Robyn Milliner/Joyanet Mangual","Principal Phone":"718-901-3855","Grades":"PK,0K,01,02,03,04,05,06,07,08,09,10,11,12,SE","Location Code":"X487","Building Code":"X052","Latitude":"40.8159118","Longitude":"-73.9016736","School District":"8","Managed By":"Charter"},"geometry":{"type":"Point","coordinates":[-73.901673599999981,40.815911799999981]}},
{"type":"Feature","properties":{"School Name":"Urban Dove Team Charter School II","Address":"671 PROSPECT AVENUE","City":"BRONX","Zip":"10455","Principal":"Amit Bahl/Jai Nanda","Principal Phone":null,"Grades":"10,11,12","Location Code":"X610","Building Code":"XCHN","Latitude":"40.815506","Longitude":"-73.903309","School District":"8","Managed By":"Charter"},"geometry":{"type":"Point","coordinates":[-73.903309,40.815506]}},
{"type":"Feature","properties":{"School Name":"P.S. 048 Joseph R. Drake","Address":"1290 SPOFFORD AVENUE","City":"BRONX","Zip":"10474","Principal":"JOSEPH DICRESCENTO","Principal Phone":"718-589-4312","Grades":"PK,0K,01,02,03,04,05,SE","Location Code":"X048","Building Code":"X048","Latitude":"40.814034","Longitude":"-73.886834","School District":"8","Managed By":"DOE"},"geometry":{"type":"Point","coordinates":[-73.886834,40.814034]}},
{"type":"Feature","properties":{"School Name":"P.S. 062 Inocensio Casanova","Address":"660 FOX STREET","City":"BRONX","Zip":"10455","Principal":"Genesys Nunez Goihy","Principal Phone":"718-585-1617","Grades":"PK,0K,01,02,03,04,05,SE","Location Code":"X062","Building Code":"X062","Latitude":"40.813736","Longitude":"-73.900161","School District":"8","Managed By":"DOE"},"geometry":{"type":"Point","coordinates":[-73.900161,40.813736]}},
{"type":"Feature","properties":{"School Name":"United Charter High School for Advanced Math and Science ll","Address":"900 TINTON AVENUE","City":"BRONX","Zip":"10456","Principal":"Sandy Manessis/Curtis Palmore","Principal Phone":"718-665-3671","Grades":"09,10,11,12,SE","Location Code":"X202","Building Code":"X650","Latitude":"40.8218184","Longitude":"-73.9028219","School District":"8","Managed By":"Charter"},"geometry":{"type":"Point","coordinates":[-73.9028219,40.821818399999984]}},
{"type":"Feature","properties":{"School Name":"United Charter High School for the Humanities II","Address":"900 TINTON AVENUE","City":"BRONX","Zip":"10456","Principal":"David Neagley","Principal Phone":"212-645-5110","Grades":"09,10,11,12,SE","Location Code":"X208","Building Code":"X650","Latitude":"40.8218184","Longitude":"-73.9028219","School District":"8","Managed By":"Charter"},"geometry":{"type":"Point","coordinates":[-73.9028219,40.821818399999984]}},
{"type":"Feature","properties":{"School Name":"M.S. 301 Paul L. Dunbar","Address":"890 CAULDWELL AVENUE","City":"BRONX","Zip":"10456","Principal":"Hesham Farid","Principal Phone":"718-585-2950","Grades":"06,07,08,SE","Location Code":"X301","Building Code":"X120","Latitude":"40.822291","Longitude":"-73.906739","School District":"8","Managed By":"DOE"},"geometry":{"type":"Point","coordinates":[-73.906739,40.822291]}},
{"type":"Feature","properties":{"School Name":"South Bronx Early College Academy Charter School","Address":"766 WESTCHESTER AVENUE","City":"BRONX","Zip":"10455","Principal":"David Krulwich","Principal Phone":"929-291-7700","Grades":"06,07,08","Location Code":"X492","Building Code":"XBBM","Latitude":"40.818069","Longitude":"-73.904223","School District":"8","Managed By":"Charter"},"geometry":{"type":"Point","coordinates":[-73.904223,40.818069]}},
{"type":"Feature","properties":{"School Name":"P.S. X140 The Eagle School","Address":"916 EAGLE AVENUE","City":"BRONX","Zip":"10456","Principal":"KEISHIA BLAKE","Principal Phone":"718-585-1205","Grades":"PK,0K,01,02,03,04,05,SE","Location Code":"X140","Building Code":"X140","Latitude":"40.8234226","Longitude":"-73.9076299","School District":"8","Managed By":"DOE"},"geometry":{"type":"Point","coordinates":[-73.907629900000018,40.823422600000015]}},
{"type":"Feature","properties":{"School Name":"P.S. 146 Edward Collins","Address":"968 CAULDWELL AVENUE","City":"BRONX","Zip":"10456","Principal":"Ronald Laurent","Principal Phone":"718-378-9664","Grades":"PK,0K,01,02,03,04,05,SE","Location Code":"X146","Building Code":"X146","Latitude":"40.824717","Longitude":"-73.905734","School District":"8","Managed By":"DOE"},"geometry":{"type":"Point","coordinates":[-73.905734,40.824717]}},
{"type":"Feature","properties":{"School Name":"Bronx Studio School for Writers and Artists","Address":"928 SIMPSON STREET","City":"BRONX","Zip":"10459","Principal":"Dawn Verhille","Principal Phone":"718-893-5158","Grades":"06,07,08,09,10,11,12,SE","Location Code":"X269","Building Code":"X392","Latitude":"40.820388","Longitude":"-73.892961","School District":"8","Managed By":"DOE"},"geometry":{"type":"Point","coordinates":[-73.892961,40.820388]}},
{"type":"Feature","properties":{"School Name":"The Longwood Academy of Discovery","Address":"888 REV J A POLITE AVE","City":"BRONX","Zip":"10459","Principal":"Meaghan Gribbins","Principal Phone":"718-860-3313","Grades":"PK,0K,01,02,03,04,05,SE","Location Code":"X333","Building Code":"X060","Latitude":"40.820108","Longitude":"-73.898399","School District":"8","Managed By":"DOE"},"geometry":{"type":"Point","coordinates":[-73.898399,40.820108]}},
{"type":"Feature","properties":{"School Name":"Longwood Preparatory Academy","Address":"965 LONGWOOD AVENUE","City":"BRONX","Zip":"10459","Principal":"Michelle Venditti","Principal Phone":"718-860-1242","Grades":"09,10,11,12,SE","Location Code":"X530","Building Code":"X039","Latitude":"40.817741","Longitude":"-73.897876","School District":"8","Managed By":"DOE"},"geometry":{"type":"Point","coordinates":[-73.897876,40.817741]}},
{"type":"Feature","properties":{"School Name":"Bold Charter School","Address":"1909 DALY AVENUE","City":"BRONX","Zip":"10460","Principal":"Andrew Foglia","Principal Phone":null,"Grades":"0K,01,02,03,04,05,06,07","Location Code":"X613","Building Code":"XAEP","Latitude":"40.825121","Longitude":"-73.881894","School District":"8","Managed By":"Charter"},"geometry":{"type":"Point","coordinates":[-73.881894,40.825121]}},
{"type":"Feature","properties":{"School Name":"Bronx Charter School for the Arts","Address":"950 LONGFELLOW AVENUE","City":"BRONX","Zip":"10474","Principal":"Ryan Mccabe/Kathy Ortiz","Principal Phone":"718-893-1042","Grades":"0K,01,02,03,04,05,06,07,08","Location Code":"X730","Building Code":"XAFM","Latitude":"40.821815","Longitude":"-73.886477","School District":"8","Managed By":"Charter"},"geometry":{"type":"Point","coordinates":[-73.886477,40.821815]}},
{"type":"Feature","properties":{"School Name":"P.S. 75 School of Research and Discovery","Address":"984 FAILE STREET","City":"BRONX","Zip":"10459","Principal":"MARINES ARRIETA CRUZ","Principal Phone":"718-860-1630","Grades":"PK,0K,01,02,03,04,05,06,SE","Location Code":"X075","Building Code":"X075","Latitude":"40.822314","Longitude":"-73.888948","School District":"8","Managed By":"DOE"},"geometry":{"type":"Point","coordinates":[-73.888948,40.822314]}},
{"type":"Feature","properties":{"School Name":"P.S. 152 Evergreen","Address":"1007 EVERGREEN AVENUE","City":"BRONX","Zip":"10472","Principal":"Christine Baez","Principal Phone":"718-589-4560","Grades":"PK,0K,01,02,03,04,05,SE","Location Code":"X152","Building Code":"X152","Latitude":"40.823941","Longitude":"-73.880479","School District":"8","Managed By":"DOE"},"geometry":{"type":"Point","coordinates":[-73.880479,40.823941]}},
{"type":"Feature","properties":{"School Name":"Women's Academy of Excellence","Address":"456 WHITE PLAINS ROAD","City":"BRONX","Zip":"10473","Principal":"Florlilinda Sol Cruz","Principal Phone":"718-542-0740","Grades":"09,10,11,12","Location Code":"X282","Building Code":"X174","Latitude":"40.814901","Longitude":"-73.8560573","School District":"8","Managed By":"DOE"},"geometry":{"type":"Point","coordinates":[-73.856057299999975,40.814901]}},
{"type":"Feature","properties":{"School Name":"The School for Inquiry and Social Justice","Address":"1025 MORRISON AVENUE","City":"BRONX","Zip":"10472","Principal":"Tara Joye","Principal Phone":"718-860-4181","Grades":"06,07,08,SE","Location Code":"X337","Building Code":"X123","Latitude":"40.8248771","Longitude":"-73.8740662","School District":"8","Managed By":"DOE"},"geometry":{"type":"Point","coordinates":[-73.874066200000016,40.824877099999981]}},
{"type":"Feature","properties":{"School Name":"Archimedes Academy for Math, Science and Technology Applications","Address":"456 WHITE PLAINS ROAD","City":"BRONX","Zip":"10473","Principal":"Audrey Connolly","Principal Phone":"718-617-5046","Grades":"06,07,08,09,10,11,12,SE","Location Code":"X367","Building Code":"X174","Latitude":"40.814901","Longitude":"-73.8560573","School District":"8","Managed By":"DOE"},"geometry":{"type":"Point","coordinates":[-73.856057299999975,40.814901]}},
{"type":"Feature","properties":{"School Name":"The Bronx Mathematics Preparatory School","Address":"456 WHITE PLAINS ROAD","City":"BRONX","Zip":"10473","Principal":"Dyon Rozier","Principal Phone":"718-542-5063","Grades":"06,07,08,SE","Location Code":"X375","Building Code":"X174","Latitude":"40.814901","Longitude":"-73.8560573","School District":"8","Managed By":"DOE"},"geometry":{"type":"Point","coordinates":[-73.856057299999975,40.814901]}},
{"type":"Feature","properties":{"School Name":"Soundview Academy for Culture and Scholarship","Address":"885 BOLTON AVENUE","City":"BRONX","Zip":"10473","Principal":"WILLIAM FRACKELTON","Principal Phone":"718-991-4027","Grades":"06,07,08,SE","Location Code":"X448","Building Code":"X131","Latitude":"40.8232367","Longitude":"-73.8598551","School District":"8","Managed By":"DOE"},"geometry":{"type":"Point","coordinates":[-73.8598551,40.8232367]}},
{"type":"Feature","properties":{"School Name":"Success Academy Charter School - Bronx 4","Address":"885 BOLTON AVENUE","City":"BRONX","Zip":"10473","Principal":null,"Principal Phone":"646-558-0043","Grades":"0K,01,02,03,04,05,SE","Location Code":"X464","Building Code":"X131","Latitude":"40.8232367","Longitude":"-73.8598551","School District":"8","Managed By":"Charter"},"geometry":{"type":"Point","coordinates":[-73.8598551,40.8232367]}},
{"type":"Feature","properties":{"School Name":"P.S. 069 Journey Prep School","Address":"560 THIERIOT AVENUE","City":"BRONX","Zip":"10473","Principal":"Magdelyn Noboa","Principal Phone":"718-378-4736","Grades":"PK,0K,01,02,03,04,05,SE","Location Code":"X069","Building Code":"X069","Latitude":"40.8167","Longitude":"-73.86046","School District":"8","Managed By":"DOE"},"geometry":{"type":"Point","coordinates":[-73.86046,40.8167]}},
{"type":"Feature","properties":{"School Name":"P.S. 100 Isaac Clason","Address":"800 TAYLOR AVENUE","City":"BRONX","Zip":"10473","Principal":"ARIANA ARBOLINO","Principal Phone":"718-842-1461","Grades":"PK,0K,01,02,03,04,05,SE","Location Code":"X100","Building Code":"X100","Latitude":"40.822552","Longitude":"-73.86276","School District":"8","Managed By":"DOE"},"geometry":{"type":"Point","coordinates":[-73.86276,40.822552]}},
{"type":"Feature","properties":{"School Name":"P.S. 107","Address":"1695 SEWARD AVENUE","City":"BRONX","Zip":"10473","Principal":"Katherine Hamm","Principal Phone":"718-860-8760","Grades":"PK,0K,01,02,03,04,05,SE","Location Code":"X107","Building Code":"X107","Latitude":"40.819221","Longitude":"-73.868735","School District":"8","Managed By":"DOE"},"geometry":{"type":"Point","coordinates":[-73.868735,40.819221]}},
{"type":"Feature","properties":{"School Name":"J.H.S. 123 James M. Kieran","Address":"1025 MORRISON AVENUE","City":"BRONX","Zip":"10472","Principal":"RICHARD HALLENBECK JR","Principal Phone":"718-328-2105","Grades":"06,07,08,SE","Location Code":"X123","Building Code":"X123","Latitude":"40.8248771","Longitude":"-73.8740662","School District":"8","Managed By":"DOE"},"geometry":{"type":"Point","coordinates":[-73.874066200000016,40.824877099999981]}},
{"type":"Feature","properties":{"School Name":"J.H.S. 131 Albert Einstein","Address":"885 BOLTON AVENUE","City":"BRONX","Zip":"10473","Principal":"Monique Mason","Principal Phone":"718-991-7490","Grades":"06,07,08,SE","Location Code":"X131","Building Code":"X131","Latitude":"40.8232367","Longitude":"-73.8598551","School District":"8","Managed By":"DOE"},"geometry":{"type":"Point","coordinates":[-73.8598551,40.8232367]}},
{"type":"Feature","properties":{"School Name":"Icahn Charter School 7","Address":"1535 STORY AVENUE","City":"BRONX","Zip":"10473","Principal":"Naudia Bethany","Principal Phone":"718-328-5480","Grades":"0K,01,02,03,04,05,06,07,08","Location Code":"X362","Building Code":"X093","Latitude":"40.8220927","Longitude":"-73.8769604","School District":"8","Managed By":"Charter"},"geometry":{"type":"Point","coordinates":[-73.876960399999973,40.822092699999985]}},
{"type":"Feature","properties":{"School Name":"Bronx Arena High School","Address":"1440 STORY AVENUE","City":"BRONX","Zip":"10473","Principal":"Ty Cesene","Principal Phone":"718-860-5056","Grades":"09,10,11,12","Location Code":"X537","Building Code":"X972","Latitude":"40.820486","Longitude":"-73.881187","School District":"8","Managed By":"DOE"},"geometry":{"type":"Point","coordinates":[-73.881187,40.820486]}},
{"type":"Feature","properties":{"School Name":"Emblaze Academy Charter School","Address":"1164 GARRISON AVENUE","City":"BRONX","Zip":"10474","Principal":"Shakina Hinton","Principal Phone":null,"Grades":"05,06,07,08","Location Code":"X606","Building Code":"XBPS","Latitude":"40.820102","Longitude":"-73.88819","School District":"8","Managed By":"Charter"},"geometry":{"type":"Point","coordinates":[-73.88819,40.820102]}},
{"type":"Feature","properties":{"School Name":"ALC - Lafayette Academy","Address":null,"City":null,"Zip":null,"Principal":null,"Principal Phone":null,"Grades":null,"Location Code":"X607","Building Code":"XAJF","Latitude":"40.817257","Longitude":"-73.890918","School District":"8","Managed By":"DOE"},"geometry":{"type":"Point","coordinates":[-73.890918,40.817257]}},
{"type":"Feature","properties":{"School Name":"ALC - BRONX EDUCATIONAL CENTER","Address":null,"City":null,"Zip":null,"Principal":null,"Principal Phone":null,"Grades":null,"Location Code":"X966","Building Code":"X988","Latitude":"40.816494","Longitude":"-73.890278","School District":"8","Managed By":"DOE"},"geometry":{"type":"Point","coordinates":[-73.890278,40.816494]}},
{"type":"Feature","properties":{"School Name":"P.S. 093 Albert G. Oliver","Address":"1535 STORY AVENUE","City":"BRONX","Zip":"10473","Principal":"Jonathan Kaplan","Principal Phone":"718-430-1700","Grades":"PK,0K,01,02,03,04,05,SE","Location Code":"X093","Building Code":"X093","Latitude":"40.8220927","Longitude":"-73.8769604","School District":"8","Managed By":"DOE"},"geometry":{"type":"Point","coordinates":[-73.876960399999973,40.822092699999985]}},
{"type":"Feature","properties":{"School Name":"Grand Concourse Academy Charter School","Address":"625 BOLTON AVENUE","City":"BRONX","Zip":"10473","Principal":"Ira Victor","Principal Phone":"718-684-6505","Grades":"0K,01,02,03,04,05,06,07,08,SE","Location Code":"X165","Building Code":"XBPV","Latitude":"40.818442","Longitude":"-73.858773","School District":"8","Managed By":"Charter"},"geometry":{"type":"Point","coordinates":[-73.858773,40.818442]}},
{"type":"Feature","properties":{"School Name":"P.S. 182","Address":"601 STICKBALL BOULEVARD","City":"BRONX","Zip":"10473","Principal":"ANNE OGRADY","Principal Phone":"718-828-6607","Grades":"PK,0K,01,02,03,04,05,SE","Location Code":"X182","Building Code":"X182","Latitude":"40.818925","Longitude":"-73.856976","School District":"8","Managed By":"DOE"},"geometry":{"type":"Point","coordinates":[-73.856976,40.818925]}},
{"type":"Feature","properties":{"School Name":"Millennium Art Academy","Address":"1980 LAFAYETTE AVENUE","City":"BRONX","Zip":"10473","Principal":"HERMAN GUY","Principal Phone":"718-824-0978","Grades":"09,10,11,12,SE","Location Code":"X312","Building Code":"X450","Latitude":"40.8212472","Longitude":"-73.8562411","School District":"8","Managed By":"DOE"},"geometry":{"type":"Point","coordinates":[-73.856241099999977,40.821247200000016]}},
{"type":"Feature","properties":{"School Name":"Antonia Pantoja Preparatory Academy: A College Board School","Address":"1980 LAFAYETTE AVENUE","City":"BRONX","Zip":"10473","Principal":"MICHAEL MERCANTI ANTHON","Principal Phone":"718-824-3152","Grades":"06,07,08,09,10,11,12,SE","Location Code":"X376","Building Code":"X450","Latitude":"40.8212472","Longitude":"-73.8562411","School District":"8","Managed By":"DOE"},"geometry":{"type":"Point","coordinates":[-73.856241099999977,40.821247200000016]}},
{"type":"Feature","properties":{"School Name":"Bronx Community High School","Address":"1980 LAFAYETTE AVENUE","City":"BRONX","Zip":"10473","Principal":"Joel Heckethorn","Principal Phone":"718-892-1026","Grades":"09,10,11,12","Location Code":"X377","Building Code":"X450","Latitude":"40.8212472","Longitude":"-73.8562411","School District":"8","Managed By":"DOE"},"geometry":{"type":"Point","coordinates":[-73.856241099999977,40.821247200000016]}},
{"type":"Feature","properties":{"School Name":"Bronx Bridges High School","Address":"1980 LAFAYETTE AVENUE","City":"BRONX","Zip":"10473","Principal":"Nelsie Castillo","Principal Phone":"718-829-2984","Grades":"09,10,11,12,SE","Location Code":"X432","Building Code":"X450","Latitude":"40.8212472","Longitude":"-73.8562411","School District":"8","Managed By":"DOE"},"geometry":{"type":"Point","coordinates":[-73.856241099999977,40.821247200000016]}},
{"type":"Feature","properties":{"School Name":"Gotham Collaborative High School","Address":"1980 LAFAYETTE AVENUE","City":"BRONX","Zip":"10473","Principal":"David Liu","Principal Phone":"718-597-1587","Grades":"09,10,11,12,SE","Location Code":"X452","Building Code":"X450","Latitude":"40.8212472","Longitude":"-73.8562411","School District":"8","Managed By":"DOE"},"geometry":{"type":"Point","coordinates":[-73.856241099999977,40.821247200000016]}},
{"type":"Feature","properties":{"School Name":"Bronx Compass High School","Address":"1980 LAFAYETTE AVENUE","City":"BRONX","Zip":"10473","Principal":"STEVEN NEAL","Principal Phone":"718-828-1206","Grades":"09,10,11,12,SE","Location Code":"X561","Building Code":"X450","Latitude":"40.8212472","Longitude":"-73.8562411","School District":"8","Managed By":"DOE"},"geometry":{"type":"Point","coordinates":[-73.856241099999977,40.821247200000016]}},
{"type":"Feature","properties":{"School Name":"Pugsley Preparatory Academy","Address":"1111 PUGSLEY AVENUE","City":"BRONX","Zip":"10472","Principal":"Jean Jeanty","Principal Phone":"718-822-2780","Grades":"06,07,08,SE","Location Code":"X562","Building Code":"X125","Latitude":"40.829153","Longitude":"-73.857882","School District":"8","Managed By":"DOE"},"geometry":{"type":"Point","coordinates":[-73.857882,40.829153]}},
{"type":"Feature","properties":{"School Name":"P.S. 583","Address":"1028 WHITE PLAINS ROAD","City":"BRONX","Zip":"10472","Principal":"Glorimer Lopez","Principal Phone":"929-348-4960","Grades":"PK,0K,01,02,03,04,05,SE","Location Code":"X583","Building Code":"X317","Latitude":"40.826949","Longitude":"-73.859622","School District":"8","Managed By":"DOE"},"geometry":{"type":"Point","coordinates":[-73.859622,40.826949]}},
{"type":"Feature","properties":{"School Name":"Success Academy Charter School - NYC 12","Address":"2169 BLACKROCK AVENUE","City":"BRONX","Zip":"10472","Principal":null,"Principal Phone":null,"Grades":"05,06,SE","Location Code":"X647","Building Code":"X521","Latitude":"40.828911","Longitude":"-73.851483","School District":"8","Managed By":"Charter"},"geometry":{"type":"Point","coordinates":[-73.851483,40.828911]}},
{"type":"Feature","properties":{"School Name":"ALC - Stevenson Campus","Address":null,"City":null,"Zip":null,"Principal":null,"Principal Phone":null,"Grades":null,"Location Code":"X996","Building Code":"X450","Latitude":"40.8212472","Longitude":"-73.8562411","School District":"8","Managed By":"DOE"},"geometry":{"type":"Point","coordinates":[-73.856241099999977,40.821247200000016]}},
{"type":"Feature","properties":{"School Name":"P.S. 036 Unionport","Address":"1070 CASTLE HILL AVENUE","City":"BRONX","Zip":"10472","Principal":"QUYEN QUACH","Principal Phone":"718-822-5345","Grades":"PK,0K,01,02,03,04,05,SE","Location Code":"X036","Building Code":"X036","Latitude":"40.82948","Longitude":"-73.849791","School District":"8","Managed By":"DOE"},"geometry":{"type":"Point","coordinates":[-73.849791,40.82948]}},
{"type":"Feature","properties":{"School Name":"The Dr. Emmett W. Bassett School","Address":"1075 PUGSLEY AVENUE","City":"BRONX","Zip":"10472","Principal":"Julio Gomez","Principal Phone":"718-822-5198","Grades":"PK,0K,01,02,03,04,05,SE","Location Code":"X119","Building Code":"X119","Latitude":"40.828474","Longitude":"-73.857392","School District":"8","Managed By":"DOE"},"geometry":{"type":"Point","coordinates":[-73.857392,40.828474]}},
{"type":"Feature","properties":{"School Name":"P.S. 138 Samuel Randall","Address":"2060 LAFAYETTE AVENUE","City":"BRONX","Zip":"10473","Principal":"Nicola Evans","Principal Phone":"718-822-5325","Grades":"PK,0K,01,02,03,04,05,SE","Location Code":"X138","Building Code":"X138","Latitude":"40.822288","Longitude":"-73.853157","School District":"8","Managed By":"DOE"},"geometry":{"type":"Point","coordinates":[-73.853157,40.822288]}}
]
}
